{
  "type": "FeatureCollection",
  "features": [
    {
      "type": "Feature",
      "geometry": {
        "type": "Point",
        "coordinates": [
          "-156.469",
          "20.8949"
        ]
      },
      "properties": {
        "source": "NOAA",
        "site_id": "1615680",
        "site_name": "Kahului, Kahului Harbor",
        "lat": "20.8949",
        "lon": "-156.469",
        "stage_ft": 0.184,
        "stage_datetime": "2026-06-27 15:48",
        "tier": "normal",
        "action_stage": 5.66,
        "flood_stage": 6.66,
        "major_stage": 8.66,
        "url": "https://tidesandcurrents.noaa.gov/stationhome.html?id=1615680",
        "city_lat": 20.7580586,
        "city_lon": -156.3105232,
        "fetched_at": "2026-06-27T15:56:58.392950+00:00",
        "color": "#2d6a4f"
      }
    },
    {
      "type": "Feature",
      "geometry": {
        "type": "Point",
        "coordinates": [
          "-156.469",
          "20.8949"
        ]
      },
      "properties": {
        "source": "NOAA",
        "site_id": "1615680",
        "site_name": "Kahului, Kahului Harbor",
        "lat": "20.8949",
        "lon": "-156.469",
        "stage_ft": 0.184,
        "stage_datetime": "2026-06-27 15:48",
        "tier": "normal",
        "action_stage": 5.66,
        "flood_stage": 6.66,
        "major_stage": 8.66,
        "url": "https://tidesandcurrents.noaa.gov/stationhome.html?id=1615680",
        "city_lat": 20.7580586,
        "city_lon": -156.3105232,
        "fetched_at": "2026-06-27T15:56:58.392950+00:00",
        "color": "#2d6a4f"
      }
    },
    {
      "type": "Feature",
      "geometry": {
        "type": "Point",
        "coordinates": [
          "-122.3393",
          "47.6026"
        ]
      },
      "properties": {
        "source": "NOAA",
        "site_id": "9447130",
        "site_name": "Seattle",
        "lat": "47.6026",
        "lon": "-122.3393",
        "stage_ft": 0.612,
        "stage_datetime": "2026-06-27 15:48",
        "tier": "normal",
        "action_stage": 20.3,
        "flood_stage": 21.3,
        "major_stage": 23.3,
        "url": "https://tidesandcurrents.noaa.gov/stationhome.html?id=9447130",
        "city_lat": 46.9428831,
        "city_lon": -117.5286172,
        "fetched_at": "2026-06-27T15:56:58.392950+00:00",
        "color": "#2d6a4f"
      }
    },
    {
      "type": "Feature",
      "geometry": {
        "type": "Point",
        "coordinates": [
          "-155.0556",
          "19.7303"
        ]
      },
      "properties": {
        "source": "NOAA",
        "site_id": "1617760",
        "site_name": "Hilo, Hilo Bay, Kuhio Bay",
        "lat": "19.7303",
        "lon": "-155.0556",
        "stage_ft": 0.492,
        "stage_datetime": "2026-06-27 15:48",
        "tier": "normal",
        "action_stage": 7.32,
        "flood_stage": 8.32,
        "major_stage": 10.32,
        "url": "https://tidesandcurrents.noaa.gov/stationhome.html?id=1617760",
        "city_lat": 19.5895548,
        "city_lon": -155.4486983,
        "fetched_at": "2026-06-27T15:56:58.392950+00:00",
        "color": "#2d6a4f"
      }
    },
    {
      "type": "Feature",
      "geometry": {
        "type": "Point",
        "coordinates": [
          "-156.469",
          "20.8949"
        ]
      },
      "properties": {
        "source": "NOAA",
        "site_id": "1615680",
        "site_name": "Kahului, Kahului Harbor",
        "lat": "20.8949",
        "lon": "-156.469",
        "stage_ft": 0.184,
        "stage_datetime": "2026-06-27 15:48",
        "tier": "normal",
        "action_stage": 5.66,
        "flood_stage": 6.66,
        "major_stage": 8.66,
        "url": "https://tidesandcurrents.noaa.gov/stationhome.html?id=1615680",
        "city_lat": 20.7580586,
        "city_lon": -156.3105232,
        "fetched_at": "2026-06-27T15:56:58.392950+00:00",
        "color": "#2d6a4f"
      }
    },
    {
      "type": "Feature",
      "geometry": {
        "type": "Point",
        "coordinates": [
          "-156.469",
          "20.8949"
        ]
      },
      "properties": {
        "source": "NOAA",
        "site_id": "1615680",
        "site_name": "Kahului, Kahului Harbor",
        "lat": "20.8949",
        "lon": "-156.469",
        "stage_ft": 0.184,
        "stage_datetime": "2026-06-27 15:48",
        "tier": "normal",
        "action_stage": 5.66,
        "flood_stage": 6.66,
        "major_stage": 8.66,
        "url": "https://tidesandcurrents.noaa.gov/stationhome.html?id=1615680",
        "city_lat": 21.1344895,
        "city_lon": -157.0071539,
        "fetched_at": "2026-06-27T15:56:58.392950+00:00",
        "color": "#2d6a4f"
      }
    },
    {
      "type": "Feature",
      "geometry": {
        "type": "Point",
        "coordinates": [
          "-123.4565",
          "46.2703"
        ]
      },
      "properties": {
        "source": "NOAA",
        "site_id": "9440569",
        "site_name": "Skamokawa",
        "lat": "46.2703",
        "lon": "-123.4565",
        "stage_ft": -0.082,
        "stage_datetime": "2026-06-27 15:48",
        "tier": "normal",
        "action_stage": 8.78,
        "flood_stage": 9.78,
        "major_stage": 11.78,
        "url": "https://tidesandcurrents.noaa.gov/stationhome.html?id=9440569",
        "city_lat": 46.2794223,
        "city_lon": -123.3452562,
        "fetched_at": "2026-06-27T15:56:58.392950+00:00",
        "color": "#2d6a4f"
      }
    },
    {
      "type": "Feature",
      "geometry": {
        "type": "Point",
        "coordinates": [
          "-155.0556",
          "19.7303"
        ]
      },
      "properties": {
        "source": "NOAA",
        "site_id": "1617760",
        "site_name": "Hilo, Hilo Bay, Kuhio Bay",
        "lat": "19.7303",
        "lon": "-155.0556",
        "stage_ft": 0.492,
        "stage_datetime": "2026-06-27 15:48",
        "tier": "normal",
        "action_stage": 7.32,
        "flood_stage": 8.32,
        "major_stage": 10.32,
        "url": "https://tidesandcurrents.noaa.gov/stationhome.html?id=1617760",
        "city_lat": 19.5938015,
        "city_lon": -155.4283701,
        "fetched_at": "2026-06-27T15:56:58.392950+00:00",
        "color": "#2d6a4f"
      }
    },
    {
      "type": "Feature",
      "geometry": {
        "type": "Point",
        "coordinates": [
          "-87.2112",
          "30.4044"
        ]
      },
      "properties": {
        "source": "NOAA",
        "site_id": "8729840",
        "site_name": "Pensacola",
        "lat": "30.4044",
        "lon": "-87.2112",
        "stage_ft": 1.862,
        "stage_datetime": "2026-06-27 15:48",
        "tier": "normal",
        "action_stage": 10.69,
        "flood_stage": 11.69,
        "major_stage": 13.69,
        "url": "https://tidesandcurrents.noaa.gov/stationhome.html?id=8729840",
        "city_lat": 32.6807992,
        "city_lon": -86.14824,
        "fetched_at": "2026-06-27T15:56:58.392950+00:00",
        "color": "#2d6a4f"
      }
    },
    {
      "type": "Feature",
      "geometry": {
        "type": "Point",
        "coordinates": [
          "-156.469",
          "20.8949"
        ]
      },
      "properties": {
        "source": "NOAA",
        "site_id": "1615680",
        "site_name": "Kahului, Kahului Harbor",
        "lat": "20.8949",
        "lon": "-156.469",
        "stage_ft": 0.184,
        "stage_datetime": "2026-06-27 15:48",
        "tier": "normal",
        "action_stage": 5.66,
        "flood_stage": 6.66,
        "major_stage": 8.66,
        "url": "https://tidesandcurrents.noaa.gov/stationhome.html?id=1615680",
        "city_lat": 20.8029568,
        "city_lon": -156.3106833,
        "fetched_at": "2026-06-27T15:56:58.392950+00:00",
        "color": "#2d6a4f"
      }
    },
    {
      "type": "Feature",
      "geometry": {
        "type": "Point",
        "coordinates": [
          "-80.903",
          "32.0347"
        ]
      },
      "properties": {
        "source": "NOAA",
        "site_id": "8670870",
        "site_name": "Fort Pulaski",
        "lat": "32.0347",
        "lon": "-80.903",
        "stage_ft": 1.116,
        "stage_datetime": "2026-06-27 15:48",
        "tier": "normal",
        "action_stage": 12.0,
        "flood_stage": 13.0,
        "major_stage": 15.0,
        "url": "https://tidesandcurrents.noaa.gov/stationhome.html?id=8670870",
        "city_lat": 35.1842414,
        "city_lon": -84.4838174,
        "fetched_at": "2026-06-27T15:56:58.392950+00:00",
        "color": "#2d6a4f"
      }
    },
    {
      "type": "Feature",
      "geometry": {
        "type": "Point",
        "coordinates": [
          "-155.8294",
          "20.0366"
        ]
      },
      "properties": {
        "source": "NOAA",
        "site_id": "1617433",
        "site_name": "Kawaihae",
        "lat": "20.0366",
        "lon": "-155.8294",
        "stage_ft": 0.64,
        "stage_datetime": "2026-06-27 15:48",
        "tier": "normal",
        "action_stage": 5.74,
        "flood_stage": 6.74,
        "major_stage": 8.74,
        "url": "https://tidesandcurrents.noaa.gov/stationhome.html?id=1617433",
        "city_lat": 19.5714108,
        "city_lon": -155.9631562,
        "fetched_at": "2026-06-27T15:56:58.392950+00:00",
        "color": "#2d6a4f"
      }
    },
    {
      "type": "Feature",
      "geometry": {
        "type": "Point",
        "coordinates": [
          "-122.9542",
          "46.1061"
        ]
      },
      "properties": {
        "source": "NOAA",
        "site_id": "9440422",
        "site_name": "Longview",
        "lat": "46.1061",
        "lon": "-122.9542",
        "stage_ft": 1.125,
        "stage_datetime": "2026-06-27 15:48",
        "tier": "normal",
        "action_stage": 7.8,
        "flood_stage": 8.8,
        "major_stage": 10.8,
        "url": "https://tidesandcurrents.noaa.gov/stationhome.html?id=9440422",
        "city_lat": 46.4958671,
        "city_lon": -122.3347536,
        "fetched_at": "2026-06-27T15:56:58.392950+00:00",
        "color": "#2d6a4f"
      }
    },
    {
      "type": "Feature",
      "geometry": {
        "type": "Point",
        "coordinates": [
          "-88.0736",
          "30.7819"
        ]
      },
      "properties": {
        "source": "NOAA",
        "site_id": "8737138",
        "site_name": "Chickasaw Creek",
        "lat": "30.7819",
        "lon": "-88.0736",
        "stage_ft": 2.516,
        "stage_datetime": "2026-06-27 15:48",
        "tier": "normal",
        "action_stage": 27.3,
        "flood_stage": 28.3,
        "major_stage": 30.3,
        "url": "https://tidesandcurrents.noaa.gov/stationhome.html?id=8737138",
        "city_lat": 34.6661946,
        "city_lon": -85.7905282,
        "fetched_at": "2026-06-27T15:56:58.392950+00:00",
        "color": "#2d6a4f"
      }
    },
    {
      "type": "Feature",
      "geometry": {
        "type": "Point",
        "coordinates": [
          "-155.0556",
          "19.7303"
        ]
      },
      "properties": {
        "source": "NOAA",
        "site_id": "1617760",
        "site_name": "Hilo, Hilo Bay, Kuhio Bay",
        "lat": "19.7303",
        "lon": "-155.0556",
        "stage_ft": 0.492,
        "stage_datetime": "2026-06-27 15:48",
        "tier": "normal",
        "action_stage": 7.32,
        "flood_stage": 8.32,
        "major_stage": 10.32,
        "url": "https://tidesandcurrents.noaa.gov/stationhome.html?id=1617760",
        "city_lat": 19.5895548,
        "city_lon": -155.4486983,
        "fetched_at": "2026-06-27T15:56:58.392950+00:00",
        "color": "#2d6a4f"
      }
    },
    {
      "type": "Feature",
      "geometry": {
        "type": "Point",
        "coordinates": [
          "-93.8817",
          "29.98"
        ]
      },
      "properties": {
        "source": "NOAA",
        "site_id": "8770520",
        "site_name": "Rainbow Bridge",
        "lat": "29.98",
        "lon": "-93.8817",
        "stage_ft": 1.68,
        "stage_datetime": "2026-06-27 15:48",
        "tier": "normal",
        "action_stage": 5.82,
        "flood_stage": 6.82,
        "major_stage": 8.82,
        "url": "https://tidesandcurrents.noaa.gov/stationhome.html?id=8770520",
        "city_lat": 33.2002659,
        "city_lon": -95.2231752,
        "fetched_at": "2026-06-27T15:56:58.392950+00:00",
        "color": "#2d6a4f"
      }
    },
    {
      "type": "Feature",
      "geometry": {
        "type": "Point",
        "coordinates": [
          "-97.5207",
          "27.8461"
        ]
      },
      "properties": {
        "source": "NOAA",
        "site_id": "8775222",
        "site_name": "Viola Turning Basin",
        "lat": "27.8461",
        "lon": "-97.5207",
        "stage_ft": 0.922,
        "stage_datetime": "2026-06-27 15:48",
        "tier": "normal",
        "action_stage": 28.69,
        "flood_stage": 29.69,
        "major_stage": 31.69,
        "url": "https://tidesandcurrents.noaa.gov/stationhome.html?id=8775222",
        "city_lat": 29.4263278,
        "city_lon": -98.488853,
        "fetched_at": "2026-06-27T15:56:58.392950+00:00",
        "color": "#2d6a4f"
      }
    },
    {
      "type": "Feature",
      "geometry": {
        "type": "Point",
        "coordinates": [
          "-122.6958",
          "45.6312"
        ]
      },
      "properties": {
        "source": "NOAA",
        "site_id": "9440083",
        "site_name": "Vancouver",
        "lat": "45.6312",
        "lon": "-122.6958",
        "stage_ft": 2.27,
        "stage_datetime": "2026-06-27 15:48",
        "tier": "normal",
        "action_stage": 5.83,
        "flood_stage": 6.83,
        "major_stage": 8.83,
        "url": "https://tidesandcurrents.noaa.gov/stationhome.html?id=9440083",
        "city_lat": 45.1608821,
        "city_lon": -122.2305038,
        "fetched_at": "2026-06-27T15:56:58.392950+00:00",
        "color": "#2d6a4f"
      }
    },
    {
      "type": "Feature",
      "geometry": {
        "type": "Point",
        "coordinates": [
          "-85.8786",
          "30.2138"
        ]
      },
      "properties": {
        "source": "NOAA",
        "site_id": "8729210",
        "site_name": "Panama City Beach",
        "lat": "30.2138",
        "lon": "-85.8786",
        "stage_ft": 1.581,
        "stage_datetime": "2026-06-27 15:42",
        "tier": "normal",
        "action_stage": 29.4,
        "flood_stage": 30.4,
        "major_stage": 32.4,
        "url": "https://tidesandcurrents.noaa.gov/stationhome.html?id=8729210",
        "city_lat": 32.735281,
        "city_lon": -85.8756362,
        "fetched_at": "2026-06-27T15:56:58.392950+00:00",
        "color": "#2d6a4f"
      }
    },
    {
      "type": "Feature",
      "geometry": {
        "type": "Point",
        "coordinates": [
          "-124.2173",
          "40.7669"
        ]
      },
      "properties": {
        "source": "NOAA",
        "site_id": "9418767",
        "site_name": "North Spit",
        "lat": "40.7669",
        "lon": "-124.2173",
        "stage_ft": 3.236,
        "stage_datetime": "2026-06-27 15:48",
        "tier": "normal",
        "action_stage": 22.4,
        "flood_stage": 23.4,
        "major_stage": 25.4,
        "url": "https://tidesandcurrents.noaa.gov/stationhome.html?id=9418767",
        "city_lat": 40.436643,
        "city_lon": -123.4974873,
        "fetched_at": "2026-06-27T15:56:58.392950+00:00",
        "color": "#2d6a4f"
      }
    },
    {
      "type": "Feature",
      "geometry": {
        "type": "Point",
        "coordinates": [
          "-155.0556",
          "19.7303"
        ]
      },
      "properties": {
        "source": "NOAA",
        "site_id": "1617760",
        "site_name": "Hilo, Hilo Bay, Kuhio Bay",
        "lat": "19.7303",
        "lon": "-155.0556",
        "stage_ft": 0.492,
        "stage_datetime": "2026-06-27 15:48",
        "tier": "normal",
        "action_stage": 7.32,
        "flood_stage": 8.32,
        "major_stage": 10.32,
        "url": "https://tidesandcurrents.noaa.gov/stationhome.html?id=1617760",
        "city_lat": 19.5938015,
        "city_lon": -155.4283701,
        "fetched_at": "2026-06-27T15:56:58.392950+00:00",
        "color": "#2d6a4f"
      }
    },
    {
      "type": "Feature",
      "geometry": {
        "type": "Point",
        "coordinates": [
          "-155.0556",
          "19.7303"
        ]
      },
      "properties": {
        "source": "NOAA",
        "site_id": "1617760",
        "site_name": "Hilo, Hilo Bay, Kuhio Bay",
        "lat": "19.7303",
        "lon": "-155.0556",
        "stage_ft": 0.492,
        "stage_datetime": "2026-06-27 15:48",
        "tier": "normal",
        "action_stage": 7.32,
        "flood_stage": 8.32,
        "major_stage": 10.32,
        "url": "https://tidesandcurrents.noaa.gov/stationhome.html?id=1617760",
        "city_lat": 19.5938015,
        "city_lon": -155.4283701,
        "fetched_at": "2026-06-27T15:56:58.392950+00:00",
        "color": "#2d6a4f"
      }
    },
    {
      "type": "Feature",
      "geometry": {
        "type": "Point",
        "coordinates": [
          "-77.0217",
          "38.8733"
        ]
      },
      "properties": {
        "source": "NOAA",
        "site_id": "8594900",
        "site_name": "Washington",
        "lat": "38.8733",
        "lon": "-77.0217",
        "stage_ft": 1.153,
        "stage_datetime": "2026-06-27 15:48",
        "tier": "normal",
        "action_stage": 8.72,
        "flood_stage": 9.72,
        "major_stage": 11.72,
        "url": "https://tidesandcurrents.noaa.gov/stationhome.html?id=8594900",
        "city_lat": 38.8950368,
        "city_lon": -77.0365427,
        "fetched_at": "2026-06-27T15:56:58.392950+00:00",
        "color": "#2d6a4f"
      }
    },
    {
      "type": "Feature",
      "geometry": {
        "type": "Point",
        "coordinates": [
          "-155.0556",
          "19.7303"
        ]
      },
      "properties": {
        "source": "NOAA",
        "site_id": "1617760",
        "site_name": "Hilo, Hilo Bay, Kuhio Bay",
        "lat": "19.7303",
        "lon": "-155.0556",
        "stage_ft": 0.492,
        "stage_datetime": "2026-06-27 15:48",
        "tier": "normal",
        "action_stage": 7.32,
        "flood_stage": 8.32,
        "major_stage": 10.32,
        "url": "https://tidesandcurrents.noaa.gov/stationhome.html?id=1617760",
        "city_lat": 19.5938015,
        "city_lon": -155.4283701,
        "fetched_at": "2026-06-27T15:56:58.392950+00:00",
        "color": "#2d6a4f"
      }
    },
    {
      "type": "Feature",
      "geometry": {
        "type": "Point",
        "coordinates": [
          "-118.5",
          "34.0083"
        ]
      },
      "properties": {
        "source": "NOAA",
        "site_id": "9410840",
        "site_name": "Santa Monica",
        "lat": "34.0083",
        "lon": "-118.5",
        "stage_ft": 3.55,
        "stage_datetime": "2026-06-27 15:42",
        "tier": "normal",
        "action_stage": 8.87,
        "flood_stage": 9.87,
        "major_stage": 11.87,
        "url": "https://tidesandcurrents.noaa.gov/stationhome.html?id=9410840",
        "city_lat": 34.0536909,
        "city_lon": -118.242766,
        "fetched_at": "2026-06-27T15:56:58.392950+00:00",
        "color": "#2d6a4f"
      }
    },
    {
      "type": "Feature",
      "geometry": {
        "type": "Point",
        "coordinates": [
          "-74.0142",
          "40.7006"
        ]
      },
      "properties": {
        "source": "NOAA",
        "site_id": "8518750",
        "site_name": "The Battery",
        "lat": "40.7006",
        "lon": "-74.0142",
        "stage_ft": 1.821,
        "stage_datetime": "2026-06-27 15:48",
        "tier": "normal",
        "action_stage": 9.34,
        "flood_stage": 10.34,
        "major_stage": 12.34,
        "url": "https://tidesandcurrents.noaa.gov/stationhome.html?id=8518750",
        "city_lat": 40.7127281,
        "city_lon": -74.0060152,
        "fetched_at": "2026-06-27T15:56:58.392950+00:00",
        "color": "#2d6a4f"
      }
    },
    {
      "type": "Feature",
      "geometry": {
        "type": "Point",
        "coordinates": [
          "-70.2442",
          "43.6581"
        ]
      },
      "properties": {
        "source": "NOAA",
        "site_id": "8418150",
        "site_name": "Portland",
        "lat": "43.6581",
        "lon": "-70.2442",
        "stage_ft": 7.919,
        "stage_datetime": "2026-06-27 15:48",
        "tier": "normal",
        "action_stage": 19.46,
        "flood_stage": 20.46,
        "major_stage": 22.46,
        "url": "https://tidesandcurrents.noaa.gov/stationhome.html?id=8418150",
        "city_lat": 44.463833,
        "city_lon": -72.1083609,
        "fetched_at": "2026-06-27T15:56:58.392950+00:00",
        "color": "#2d6a4f"
      }
    },
    {
      "type": "Feature",
      "geometry": {
        "type": "Point",
        "coordinates": [
          "-70.2442",
          "43.6581"
        ]
      },
      "properties": {
        "source": "NOAA",
        "site_id": "8418150",
        "site_name": "Portland",
        "lat": "43.6581",
        "lon": "-70.2442",
        "stage_ft": 7.919,
        "stage_datetime": "2026-06-27 15:48",
        "tier": "normal",
        "action_stage": 19.46,
        "flood_stage": 20.46,
        "major_stage": 22.46,
        "url": "https://tidesandcurrents.noaa.gov/stationhome.html?id=8418150",
        "city_lat": 44.419494,
        "city_lon": -72.0156532,
        "fetched_at": "2026-06-27T15:56:58.392950+00:00",
        "color": "#2d6a4f"
      }
    },
    {
      "type": "Feature",
      "geometry": {
        "type": "Point",
        "coordinates": [
          "-97.5207",
          "27.8461"
        ]
      },
      "properties": {
        "source": "NOAA",
        "site_id": "8775222",
        "site_name": "Viola Turning Basin",
        "lat": "27.8461",
        "lon": "-97.5207",
        "stage_ft": 0.922,
        "stage_datetime": "2026-06-27 15:48",
        "tier": "normal",
        "action_stage": 28.69,
        "flood_stage": 29.69,
        "major_stage": 31.69,
        "url": "https://tidesandcurrents.noaa.gov/stationhome.html?id=8775222",
        "city_lat": 29.4246002,
        "city_lon": -98.4951405,
        "fetched_at": "2026-06-27T15:56:58.392950+00:00",
        "color": "#2d6a4f"
      }
    },
    {
      "type": "Feature",
      "geometry": {
        "type": "Point",
        "coordinates": [
          "-76.5783",
          "39.2667"
        ]
      },
      "properties": {
        "source": "NOAA",
        "site_id": "8574680",
        "site_name": "Baltimore",
        "lat": "39.2667",
        "lon": "-76.5783",
        "stage_ft": 1.0,
        "stage_datetime": "2026-06-27 15:48",
        "tier": "normal",
        "action_stage": 6.76,
        "flood_stage": 7.76,
        "major_stage": 9.76,
        "url": "https://tidesandcurrents.noaa.gov/stationhome.html?id=8574680",
        "city_lat": 39.5162401,
        "city_lon": -76.9382069,
        "fetched_at": "2026-06-27T15:56:58.392950+00:00",
        "color": "#2d6a4f"
      }
    },
    {
      "type": "Feature",
      "geometry": {
        "type": "Point",
        "coordinates": [
          "-96.6098",
          "28.6406"
        ]
      },
      "properties": {
        "source": "NOAA",
        "site_id": "8773259",
        "site_name": "Port Lavaca",
        "lat": "28.6406",
        "lon": "-96.6098",
        "stage_ft": 1.302,
        "stage_datetime": "2026-06-27 15:48",
        "tier": "normal",
        "action_stage": 4.9,
        "flood_stage": 5.9,
        "major_stage": 7.9,
        "url": "https://tidesandcurrents.noaa.gov/stationhome.html?id=8773259",
        "city_lat": 31.2638905,
        "city_lon": -98.5456116,
        "fetched_at": "2026-06-27T15:56:58.392950+00:00",
        "color": "#2d6a4f"
      }
    },
    {
      "type": "Feature",
      "geometry": {
        "type": "Point",
        "coordinates": [
          "-77.0217",
          "38.8733"
        ]
      },
      "properties": {
        "source": "NOAA",
        "site_id": "8594900",
        "site_name": "Washington",
        "lat": "38.8733",
        "lon": "-77.0217",
        "stage_ft": 1.153,
        "stage_datetime": "2026-06-27 15:48",
        "tier": "normal",
        "action_stage": 8.72,
        "flood_stage": 9.72,
        "major_stage": 11.72,
        "url": "https://tidesandcurrents.noaa.gov/stationhome.html?id=8594900",
        "city_lat": 38.8806677,
        "city_lon": -76.9899756,
        "fetched_at": "2026-06-27T15:56:58.392950+00:00",
        "color": "#2d6a4f"
      }
    },
    {
      "type": "Feature",
      "geometry": {
        "type": "Point",
        "coordinates": [
          "-93.93",
          "29.8667"
        ]
      },
      "properties": {
        "source": "NOAA",
        "site_id": "8770475",
        "site_name": "Port Arthur",
        "lat": "29.8667",
        "lon": "-93.93",
        "stage_ft": 1.552,
        "stage_datetime": "2026-06-27 15:48",
        "tier": "normal",
        "action_stage": 6.65,
        "flood_stage": 7.65,
        "major_stage": 9.65,
        "url": "https://tidesandcurrents.noaa.gov/stationhome.html?id=8770475",
        "city_lat": 29.834772,
        "city_lon": -94.1704496,
        "fetched_at": "2026-06-27T15:56:58.392950+00:00",
        "color": "#2d6a4f"
      }
    },
    {
      "type": "Feature",
      "geometry": {
        "type": "Point",
        "coordinates": [
          "-95.2658",
          "29.7263"
        ]
      },
      "properties": {
        "source": "NOAA",
        "site_id": "8770777",
        "site_name": "Manchester",
        "lat": "29.7263",
        "lon": "-95.2658",
        "stage_ft": 1.943,
        "stage_datetime": "2026-06-27 15:48",
        "tier": "normal",
        "action_stage": 8.14,
        "flood_stage": 9.14,
        "major_stage": 11.14,
        "url": "https://tidesandcurrents.noaa.gov/stationhome.html?id=8770777",
        "city_lat": 31.8390826,
        "city_lon": -95.1791849,
        "fetched_at": "2026-06-27T15:56:58.392950+00:00",
        "color": "#2d6a4f"
      }
    },
    {
      "type": "Feature",
      "geometry": {
        "type": "Point",
        "coordinates": [
          "-97.5207",
          "27.8461"
        ]
      },
      "properties": {
        "source": "NOAA",
        "site_id": "8775222",
        "site_name": "Viola Turning Basin",
        "lat": "27.8461",
        "lon": "-97.5207",
        "stage_ft": 0.922,
        "stage_datetime": "2026-06-27 15:48",
        "tier": "normal",
        "action_stage": 28.69,
        "flood_stage": 29.69,
        "major_stage": 31.69,
        "url": "https://tidesandcurrents.noaa.gov/stationhome.html?id=8775222",
        "city_lat": 32.2675039,
        "city_lon": -101.9190317,
        "fetched_at": "2026-06-27T15:56:58.392950+00:00",
        "color": "#2d6a4f"
      }
    },
    {
      "type": "Feature",
      "geometry": {
        "type": "Point",
        "coordinates": [
          "-88.0581",
          "30.6495"
        ]
      },
      "properties": {
        "source": "NOAA",
        "site_id": "8736897",
        "site_name": "Coast Guard Sector Mobile",
        "lat": "30.6495",
        "lon": "-88.0581",
        "stage_ft": 2.507,
        "stage_datetime": "2026-06-27 15:48",
        "tier": "normal",
        "action_stage": 31.32,
        "flood_stage": 32.32,
        "major_stage": 34.32,
        "url": "https://tidesandcurrents.noaa.gov/stationhome.html?id=8736897",
        "city_lat": 30.6488242,
        "city_lon": -88.194642,
        "fetched_at": "2026-06-27T15:56:58.392950+00:00",
        "color": "#2d6a4f"
      }
    },
    {
      "type": "Feature",
      "geometry": {
        "type": "Point",
        "coordinates": [
          "-71.0503",
          "42.3539"
        ]
      },
      "properties": {
        "source": "NOAA",
        "site_id": "8443970",
        "site_name": "Boston",
        "lat": "42.3539",
        "lon": "-71.0503",
        "stage_ft": 8.316,
        "stage_datetime": "2026-06-27 15:54",
        "tier": "normal",
        "action_stage": 14.8,
        "flood_stage": 15.8,
        "major_stage": 17.8,
        "url": "https://tidesandcurrents.noaa.gov/stationhome.html?id=8443970",
        "city_lat": 42.3788774,
        "city_lon": -72.032366,
        "fetched_at": "2026-06-27T15:56:58.392950+00:00",
        "color": "#2d6a4f"
      }
    },
    {
      "type": "Feature",
      "geometry": {
        "type": "Point",
        "coordinates": [
          "-71.0503",
          "42.3539"
        ]
      },
      "properties": {
        "source": "NOAA",
        "site_id": "8443970",
        "site_name": "Boston",
        "lat": "42.3539",
        "lon": "-71.0503",
        "stage_ft": 8.316,
        "stage_datetime": "2026-06-27 15:54",
        "tier": "normal",
        "action_stage": 14.8,
        "flood_stage": 15.8,
        "major_stage": 17.8,
        "url": "https://tidesandcurrents.noaa.gov/stationhome.html?id=8443970",
        "city_lat": 42.3788774,
        "city_lon": -72.032366,
        "fetched_at": "2026-06-27T15:56:58.392950+00:00",
        "color": "#2d6a4f"
      }
    },
    {
      "type": "Feature",
      "geometry": {
        "type": "Point",
        "coordinates": [
          "-71.0503",
          "42.3539"
        ]
      },
      "properties": {
        "source": "NOAA",
        "site_id": "8443970",
        "site_name": "Boston",
        "lat": "42.3539",
        "lon": "-71.0503",
        "stage_ft": 8.316,
        "stage_datetime": "2026-06-27 15:54",
        "tier": "normal",
        "action_stage": 14.8,
        "flood_stage": 15.8,
        "major_stage": 17.8,
        "url": "https://tidesandcurrents.noaa.gov/stationhome.html?id=8443970",
        "city_lat": 42.3788774,
        "city_lon": -72.032366,
        "fetched_at": "2026-06-27T15:56:58.392950+00:00",
        "color": "#2d6a4f"
      }
    },
    {
      "type": "Feature",
      "geometry": {
        "type": "Point",
        "coordinates": [
          "-118.5",
          "34.0083"
        ]
      },
      "properties": {
        "source": "NOAA",
        "site_id": "9410840",
        "site_name": "Santa Monica",
        "lat": "34.0083",
        "lon": "-118.5",
        "stage_ft": 3.55,
        "stage_datetime": "2026-06-27 15:42",
        "tier": "normal",
        "action_stage": 8.87,
        "flood_stage": 9.87,
        "major_stage": 11.87,
        "url": "https://tidesandcurrents.noaa.gov/stationhome.html?id=9410840",
        "city_lat": 34.0536909,
        "city_lon": -118.242766,
        "fetched_at": "2026-06-27T15:56:58.392950+00:00",
        "color": "#2d6a4f"
      }
    },
    {
      "type": "Feature",
      "geometry": {
        "type": "Point",
        "coordinates": [
          "-118.5",
          "34.0083"
        ]
      },
      "properties": {
        "source": "NOAA",
        "site_id": "9410840",
        "site_name": "Santa Monica",
        "lat": "34.0083",
        "lon": "-118.5",
        "stage_ft": 3.55,
        "stage_datetime": "2026-06-27 15:42",
        "tier": "normal",
        "action_stage": 8.87,
        "flood_stage": 9.87,
        "major_stage": 11.87,
        "url": "https://tidesandcurrents.noaa.gov/stationhome.html?id=9410840",
        "city_lat": 34.3155072,
        "city_lon": -118.209681,
        "fetched_at": "2026-06-27T15:56:58.392950+00:00",
        "color": "#2d6a4f"
      }
    },
    {
      "type": "Feature",
      "geometry": {
        "type": "Point",
        "coordinates": [
          "-118.5",
          "34.0083"
        ]
      },
      "properties": {
        "source": "NOAA",
        "site_id": "9410840",
        "site_name": "Santa Monica",
        "lat": "34.0083",
        "lon": "-118.5",
        "stage_ft": 3.55,
        "stage_datetime": "2026-06-27 15:42",
        "tier": "normal",
        "action_stage": 8.87,
        "flood_stage": 9.87,
        "major_stage": 11.87,
        "url": "https://tidesandcurrents.noaa.gov/stationhome.html?id=9410840",
        "city_lat": 34.3155072,
        "city_lon": -118.209681,
        "fetched_at": "2026-06-27T15:56:58.392950+00:00",
        "color": "#2d6a4f"
      }
    },
    {
      "type": "Feature",
      "geometry": {
        "type": "Point",
        "coordinates": [
          "-122.3393",
          "47.6026"
        ]
      },
      "properties": {
        "source": "NOAA",
        "site_id": "9447130",
        "site_name": "Seattle",
        "lat": "47.6026",
        "lon": "-122.3393",
        "stage_ft": 0.612,
        "stage_datetime": "2026-06-27 15:48",
        "tier": "normal",
        "action_stage": 20.3,
        "flood_stage": 21.3,
        "major_stage": 23.3,
        "url": "https://tidesandcurrents.noaa.gov/stationhome.html?id=9447130",
        "city_lat": 48.0074736,
        "city_lon": -121.7304882,
        "fetched_at": "2026-06-27T15:56:58.392950+00:00",
        "color": "#2d6a4f"
      }
    },
    {
      "type": "Feature",
      "geometry": {
        "type": "Point",
        "coordinates": [
          "-122.6958",
          "45.6312"
        ]
      },
      "properties": {
        "source": "NOAA",
        "site_id": "9440083",
        "site_name": "Vancouver",
        "lat": "45.6312",
        "lon": "-122.6958",
        "stage_ft": 2.27,
        "stage_datetime": "2026-06-27 15:48",
        "tier": "normal",
        "action_stage": 5.83,
        "flood_stage": 6.83,
        "major_stage": 8.83,
        "url": "https://tidesandcurrents.noaa.gov/stationhome.html?id=9440083",
        "city_lat": 43.9792797,
        "city_lon": -120.737257,
        "fetched_at": "2026-06-27T15:56:58.392950+00:00",
        "color": "#2d6a4f"
      }
    },
    {
      "type": "Feature",
      "geometry": {
        "type": "Point",
        "coordinates": [
          "-118.5",
          "34.0083"
        ]
      },
      "properties": {
        "source": "NOAA",
        "site_id": "9410840",
        "site_name": "Santa Monica",
        "lat": "34.0083",
        "lon": "-118.5",
        "stage_ft": 3.55,
        "stage_datetime": "2026-06-27 15:42",
        "tier": "normal",
        "action_stage": 8.87,
        "flood_stage": 9.87,
        "major_stage": 11.87,
        "url": "https://tidesandcurrents.noaa.gov/stationhome.html?id=9410840",
        "city_lat": 34.0536909,
        "city_lon": -118.242766,
        "fetched_at": "2026-06-27T15:56:58.392950+00:00",
        "color": "#2d6a4f"
      }
    },
    {
      "type": "Feature",
      "geometry": {
        "type": "Point",
        "coordinates": [
          "-74.0142",
          "40.7006"
        ]
      },
      "properties": {
        "source": "NOAA",
        "site_id": "8518750",
        "site_name": "The Battery",
        "lat": "40.7006",
        "lon": "-74.0142",
        "stage_ft": 1.821,
        "stage_datetime": "2026-06-27 15:48",
        "tier": "normal",
        "action_stage": 9.34,
        "flood_stage": 10.34,
        "major_stage": 12.34,
        "url": "https://tidesandcurrents.noaa.gov/stationhome.html?id=8518750",
        "city_lat": 40.7127281,
        "city_lon": -74.0060152,
        "fetched_at": "2026-06-27T15:56:58.392950+00:00",
        "color": "#2d6a4f"
      }
    },
    {
      "type": "Feature",
      "geometry": {
        "type": "Point",
        "coordinates": [
          "-74.0142",
          "40.7006"
        ]
      },
      "properties": {
        "source": "NOAA",
        "site_id": "8518750",
        "site_name": "The Battery",
        "lat": "40.7006",
        "lon": "-74.0142",
        "stage_ft": 1.821,
        "stage_datetime": "2026-06-27 15:48",
        "tier": "normal",
        "action_stage": 9.34,
        "flood_stage": 10.34,
        "major_stage": 12.34,
        "url": "https://tidesandcurrents.noaa.gov/stationhome.html?id=8518750",
        "city_lat": 40.7579554,
        "city_lon": -73.9855319,
        "fetched_at": "2026-06-27T15:56:58.392950+00:00",
        "color": "#2d6a4f"
      }
    },
    {
      "type": "Feature",
      "geometry": {
        "type": "Point",
        "coordinates": [
          "-71.0503",
          "42.3539"
        ]
      },
      "properties": {
        "source": "NOAA",
        "site_id": "8443970",
        "site_name": "Boston",
        "lat": "42.3539",
        "lon": "-71.0503",
        "stage_ft": 8.316,
        "stage_datetime": "2026-06-27 15:54",
        "tier": "normal",
        "action_stage": 14.8,
        "flood_stage": 15.8,
        "major_stage": 17.8,
        "url": "https://tidesandcurrents.noaa.gov/stationhome.html?id=8443970",
        "city_lat": 42.3788774,
        "city_lon": -72.032366,
        "fetched_at": "2026-06-27T15:56:58.392950+00:00",
        "color": "#2d6a4f"
      }
    },
    {
      "type": "Feature",
      "geometry": {
        "type": "Point",
        "coordinates": [
          "-118.5",
          "34.0083"
        ]
      },
      "properties": {
        "source": "NOAA",
        "site_id": "9410840",
        "site_name": "Santa Monica",
        "lat": "34.0083",
        "lon": "-118.5",
        "stage_ft": 3.55,
        "stage_datetime": "2026-06-27 15:42",
        "tier": "normal",
        "action_stage": 8.87,
        "flood_stage": 9.87,
        "major_stage": 11.87,
        "url": "https://tidesandcurrents.noaa.gov/stationhome.html?id=9410840",
        "city_lat": 34.0247371,
        "city_lon": -118.2501729,
        "fetched_at": "2026-06-27T15:56:58.392950+00:00",
        "color": "#2d6a4f"
      }
    },
    {
      "type": "Feature",
      "geometry": {
        "type": "Point",
        "coordinates": [
          "-118.5",
          "34.0083"
        ]
      },
      "properties": {
        "source": "NOAA",
        "site_id": "9410840",
        "site_name": "Santa Monica",
        "lat": "34.0083",
        "lon": "-118.5",
        "stage_ft": 3.55,
        "stage_datetime": "2026-06-27 15:42",
        "tier": "normal",
        "action_stage": 8.87,
        "flood_stage": 9.87,
        "major_stage": 11.87,
        "url": "https://tidesandcurrents.noaa.gov/stationhome.html?id=9410840",
        "city_lat": 34.0247371,
        "city_lon": -118.2501729,
        "fetched_at": "2026-06-27T15:56:58.392950+00:00",
        "color": "#2d6a4f"
      }
    },
    {
      "type": "Feature",
      "geometry": {
        "type": "Point",
        "coordinates": [
          "-95.2658",
          "29.7263"
        ]
      },
      "properties": {
        "source": "NOAA",
        "site_id": "8770777",
        "site_name": "Manchester",
        "lat": "29.7263",
        "lon": "-95.2658",
        "stage_ft": 1.943,
        "stage_datetime": "2026-06-27 15:48",
        "tier": "normal",
        "action_stage": 8.14,
        "flood_stage": 9.14,
        "major_stage": 11.14,
        "url": "https://tidesandcurrents.noaa.gov/stationhome.html?id=8770777",
        "city_lat": 33.588178,
        "city_lon": -100.2178972,
        "fetched_at": "2026-06-27T15:56:58.392950+00:00",
        "color": "#2d6a4f"
      }
    },
    {
      "type": "Feature",
      "geometry": {
        "type": "Point",
        "coordinates": [
          "-118.5",
          "34.0083"
        ]
      },
      "properties": {
        "source": "NOAA",
        "site_id": "9410840",
        "site_name": "Santa Monica",
        "lat": "34.0083",
        "lon": "-118.5",
        "stage_ft": 3.55,
        "stage_datetime": "2026-06-27 15:42",
        "tier": "normal",
        "action_stage": 8.87,
        "flood_stage": 9.87,
        "major_stage": 11.87,
        "url": "https://tidesandcurrents.noaa.gov/stationhome.html?id=9410840",
        "city_lat": 34.0536909,
        "city_lon": -118.242766,
        "fetched_at": "2026-06-27T15:56:58.392950+00:00",
        "color": "#2d6a4f"
      }
    },
    {
      "type": "Feature",
      "geometry": {
        "type": "Point",
        "coordinates": [
          "-76.5783",
          "39.2667"
        ]
      },
      "properties": {
        "source": "NOAA",
        "site_id": "8574680",
        "site_name": "Baltimore",
        "lat": "39.2667",
        "lon": "-76.5783",
        "stage_ft": 1.0,
        "stage_datetime": "2026-06-27 15:48",
        "tier": "normal",
        "action_stage": 6.76,
        "flood_stage": 7.76,
        "major_stage": 9.76,
        "url": "https://tidesandcurrents.noaa.gov/stationhome.html?id=8574680",
        "city_lat": 40.1541581,
        "city_lon": -77.2803933,
        "fetched_at": "2026-06-27T15:56:58.392950+00:00",
        "color": "#2d6a4f"
      }
    },
    {
      "type": "Feature",
      "geometry": {
        "type": "Point",
        "coordinates": [
          "-118.5",
          "34.0083"
        ]
      },
      "properties": {
        "source": "NOAA",
        "site_id": "9410840",
        "site_name": "Santa Monica",
        "lat": "34.0083",
        "lon": "-118.5",
        "stage_ft": 3.55,
        "stage_datetime": "2026-06-27 15:42",
        "tier": "normal",
        "action_stage": 8.87,
        "flood_stage": 9.87,
        "major_stage": 11.87,
        "url": "https://tidesandcurrents.noaa.gov/stationhome.html?id=9410840",
        "city_lat": 34.3155072,
        "city_lon": -118.209681,
        "fetched_at": "2026-06-27T15:56:58.392950+00:00",
        "color": "#2d6a4f"
      }
    },
    {
      "type": "Feature",
      "geometry": {
        "type": "Point",
        "coordinates": [
          "-76.5783",
          "39.2667"
        ]
      },
      "properties": {
        "source": "NOAA",
        "site_id": "8574680",
        "site_name": "Baltimore",
        "lat": "39.2667",
        "lon": "-76.5783",
        "stage_ft": 1.0,
        "stage_datetime": "2026-06-27 15:48",
        "tier": "normal",
        "action_stage": 6.76,
        "flood_stage": 7.76,
        "major_stage": 9.76,
        "url": "https://tidesandcurrents.noaa.gov/stationhome.html?id=8574680",
        "city_lat": 40.1541581,
        "city_lon": -77.2803933,
        "fetched_at": "2026-06-27T15:56:58.392950+00:00",
        "color": "#2d6a4f"
      }
    },
    {
      "type": "Feature",
      "geometry": {
        "type": "Point",
        "coordinates": [
          "-76.5783",
          "39.2667"
        ]
      },
      "properties": {
        "source": "NOAA",
        "site_id": "8574680",
        "site_name": "Baltimore",
        "lat": "39.2667",
        "lon": "-76.5783",
        "stage_ft": 1.0,
        "stage_datetime": "2026-06-27 15:48",
        "tier": "normal",
        "action_stage": 6.76,
        "flood_stage": 7.76,
        "major_stage": 9.76,
        "url": "https://tidesandcurrents.noaa.gov/stationhome.html?id=8574680",
        "city_lat": 39.962493,
        "city_lon": -76.7276989,
        "fetched_at": "2026-06-27T15:56:58.392950+00:00",
        "color": "#2d6a4f"
      }
    },
    {
      "type": "Feature",
      "geometry": {
        "type": "Point",
        "coordinates": [
          "-118.5",
          "34.0083"
        ]
      },
      "properties": {
        "source": "NOAA",
        "site_id": "9410840",
        "site_name": "Santa Monica",
        "lat": "34.0083",
        "lon": "-118.5",
        "stage_ft": 3.55,
        "stage_datetime": "2026-06-27 15:42",
        "tier": "normal",
        "action_stage": 8.87,
        "flood_stage": 9.87,
        "major_stage": 11.87,
        "url": "https://tidesandcurrents.noaa.gov/stationhome.html?id=9410840",
        "city_lat": 34.3155072,
        "city_lon": -118.209681,
        "fetched_at": "2026-06-27T15:56:58.392950+00:00",
        "color": "#2d6a4f"
      }
    },
    {
      "type": "Feature",
      "geometry": {
        "type": "Point",
        "coordinates": [
          "-77.0217",
          "38.8733"
        ]
      },
      "properties": {
        "source": "NOAA",
        "site_id": "8594900",
        "site_name": "Washington",
        "lat": "38.8733",
        "lon": "-77.0217",
        "stage_ft": 1.153,
        "stage_datetime": "2026-06-27 15:48",
        "tier": "normal",
        "action_stage": 8.72,
        "flood_stage": 9.72,
        "major_stage": 11.72,
        "url": "https://tidesandcurrents.noaa.gov/stationhome.html?id=8594900",
        "city_lat": 38.9812726,
        "city_lon": -77.1233587,
        "fetched_at": "2026-06-27T15:56:58.392950+00:00",
        "color": "#2d6a4f"
      }
    },
    {
      "type": "Feature",
      "geometry": {
        "type": "Point",
        "coordinates": [
          "-77.0217",
          "38.8733"
        ]
      },
      "properties": {
        "source": "NOAA",
        "site_id": "8594900",
        "site_name": "Washington",
        "lat": "38.8733",
        "lon": "-77.0217",
        "stage_ft": 1.153,
        "stage_datetime": "2026-06-27 15:48",
        "tier": "normal",
        "action_stage": 8.72,
        "flood_stage": 9.72,
        "major_stage": 11.72,
        "url": "https://tidesandcurrents.noaa.gov/stationhome.html?id=8594900",
        "city_lat": 39.017936,
        "city_lon": -77.2094542,
        "fetched_at": "2026-06-27T15:56:58.392950+00:00",
        "color": "#2d6a4f"
      }
    },
    {
      "type": "Feature",
      "geometry": {
        "type": "Point",
        "coordinates": [
          "-77.0217",
          "38.8733"
        ]
      },
      "properties": {
        "source": "NOAA",
        "site_id": "8594900",
        "site_name": "Washington",
        "lat": "38.8733",
        "lon": "-77.0217",
        "stage_ft": 1.153,
        "stage_datetime": "2026-06-27 15:48",
        "tier": "normal",
        "action_stage": 8.72,
        "flood_stage": 9.72,
        "major_stage": 11.72,
        "url": "https://tidesandcurrents.noaa.gov/stationhome.html?id=8594900",
        "city_lat": 39.0817985,
        "city_lon": -77.1516844,
        "fetched_at": "2026-06-27T15:56:58.392950+00:00",
        "color": "#2d6a4f"
      }
    },
    {
      "type": "Feature",
      "geometry": {
        "type": "Point",
        "coordinates": [
          "-96.6098",
          "28.6406"
        ]
      },
      "properties": {
        "source": "NOAA",
        "site_id": "8773259",
        "site_name": "Port Lavaca",
        "lat": "28.6406",
        "lon": "-96.6098",
        "stage_ft": 1.302,
        "stage_datetime": "2026-06-27 15:48",
        "tier": "normal",
        "action_stage": 4.9,
        "flood_stage": 5.9,
        "major_stage": 7.9,
        "url": "https://tidesandcurrents.noaa.gov/stationhome.html?id=8773259",
        "city_lat": 33.1665316,
        "city_lon": -100.7846477,
        "fetched_at": "2026-06-27T15:56:58.392950+00:00",
        "color": "#2d6a4f"
      }
    },
    {
      "type": "Feature",
      "geometry": {
        "type": "Point",
        "coordinates": [
          "-123.4565",
          "46.2703"
        ]
      },
      "properties": {
        "source": "NOAA",
        "site_id": "9440569",
        "site_name": "Skamokawa",
        "lat": "46.2703",
        "lon": "-123.4565",
        "stage_ft": -0.082,
        "stage_datetime": "2026-06-27 15:48",
        "tier": "normal",
        "action_stage": 8.78,
        "flood_stage": 9.78,
        "major_stage": 11.78,
        "url": "https://tidesandcurrents.noaa.gov/stationhome.html?id=9440569",
        "city_lat": 46.2794223,
        "city_lon": -123.3452562,
        "fetched_at": "2026-06-27T15:56:58.392950+00:00",
        "color": "#2d6a4f"
      }
    },
    {
      "type": "Feature",
      "geometry": {
        "type": "Point",
        "coordinates": [
          "-155.0556",
          "19.7303"
        ]
      },
      "properties": {
        "source": "NOAA",
        "site_id": "1617760",
        "site_name": "Hilo, Hilo Bay, Kuhio Bay",
        "lat": "19.7303",
        "lon": "-155.0556",
        "stage_ft": 0.492,
        "stage_datetime": "2026-06-27 15:48",
        "tier": "normal",
        "action_stage": 7.32,
        "flood_stage": 8.32,
        "major_stage": 10.32,
        "url": "https://tidesandcurrents.noaa.gov/stationhome.html?id=1617760",
        "city_lat": 19.5938015,
        "city_lon": -155.4283701,
        "fetched_at": "2026-06-27T15:56:58.392950+00:00",
        "color": "#2d6a4f"
      }
    },
    {
      "type": "Feature",
      "geometry": {
        "type": "Point",
        "coordinates": [
          "-96.6098",
          "28.6406"
        ]
      },
      "properties": {
        "source": "NOAA",
        "site_id": "8773259",
        "site_name": "Port Lavaca",
        "lat": "28.6406",
        "lon": "-96.6098",
        "stage_ft": 1.302,
        "stage_datetime": "2026-06-27 15:48",
        "tier": "normal",
        "action_stage": 4.9,
        "flood_stage": 5.9,
        "major_stage": 7.9,
        "url": "https://tidesandcurrents.noaa.gov/stationhome.html?id=8773259",
        "city_lat": 31.2638905,
        "city_lon": -98.5456116,
        "fetched_at": "2026-06-27T15:56:58.392950+00:00",
        "color": "#2d6a4f"
      }
    },
    {
      "type": "Feature",
      "geometry": {
        "type": "Point",
        "coordinates": [
          "-118.5",
          "34.0083"
        ]
      },
      "properties": {
        "source": "NOAA",
        "site_id": "9410840",
        "site_name": "Santa Monica",
        "lat": "34.0083",
        "lon": "-118.5",
        "stage_ft": 3.55,
        "stage_datetime": "2026-06-27 15:42",
        "tier": "normal",
        "action_stage": 8.87,
        "flood_stage": 9.87,
        "major_stage": 11.87,
        "url": "https://tidesandcurrents.noaa.gov/stationhome.html?id=9410840",
        "city_lat": 34.0536909,
        "city_lon": -118.242766,
        "fetched_at": "2026-06-27T15:56:58.392950+00:00",
        "color": "#2d6a4f"
      }
    },
    {
      "type": "Feature",
      "geometry": {
        "type": "Point",
        "coordinates": [
          "-118.5",
          "34.0083"
        ]
      },
      "properties": {
        "source": "NOAA",
        "site_id": "9410840",
        "site_name": "Santa Monica",
        "lat": "34.0083",
        "lon": "-118.5",
        "stage_ft": 3.55,
        "stage_datetime": "2026-06-27 15:42",
        "tier": "normal",
        "action_stage": 8.87,
        "flood_stage": 9.87,
        "major_stage": 11.87,
        "url": "https://tidesandcurrents.noaa.gov/stationhome.html?id=9410840",
        "city_lat": 34.3155072,
        "city_lon": -118.209681,
        "fetched_at": "2026-06-27T15:56:58.392950+00:00",
        "color": "#2d6a4f"
      }
    },
    {
      "type": "Feature",
      "geometry": {
        "type": "Point",
        "coordinates": [
          "-118.5",
          "34.0083"
        ]
      },
      "properties": {
        "source": "NOAA",
        "site_id": "9410840",
        "site_name": "Santa Monica",
        "lat": "34.0083",
        "lon": "-118.5",
        "stage_ft": 3.55,
        "stage_datetime": "2026-06-27 15:42",
        "tier": "normal",
        "action_stage": 8.87,
        "flood_stage": 9.87,
        "major_stage": 11.87,
        "url": "https://tidesandcurrents.noaa.gov/stationhome.html?id=9410840",
        "city_lat": 34.0600677,
        "city_lon": -118.2400445,
        "fetched_at": "2026-06-27T15:56:58.392950+00:00",
        "color": "#2d6a4f"
      }
    },
    {
      "type": "Feature",
      "geometry": {
        "type": "Point",
        "coordinates": [
          "-95.2658",
          "29.7263"
        ]
      },
      "properties": {
        "source": "NOAA",
        "site_id": "8770777",
        "site_name": "Manchester",
        "lat": "29.7263",
        "lon": "-95.2658",
        "stage_ft": 1.943,
        "stage_datetime": "2026-06-27 15:48",
        "tier": "normal",
        "action_stage": 8.14,
        "flood_stage": 9.14,
        "major_stage": 11.14,
        "url": "https://tidesandcurrents.noaa.gov/stationhome.html?id=8770777",
        "city_lat": 30.301949,
        "city_lon": -95.5065944,
        "fetched_at": "2026-06-27T15:56:58.392950+00:00",
        "color": "#2d6a4f"
      }
    },
    {
      "type": "Feature",
      "geometry": {
        "type": "Point",
        "coordinates": [
          "-122.6958",
          "45.6312"
        ]
      },
      "properties": {
        "source": "NOAA",
        "site_id": "9440083",
        "site_name": "Vancouver",
        "lat": "45.6312",
        "lon": "-122.6958",
        "stage_ft": 2.27,
        "stage_datetime": "2026-06-27 15:48",
        "tier": "normal",
        "action_stage": 5.83,
        "flood_stage": 6.83,
        "major_stage": 8.83,
        "url": "https://tidesandcurrents.noaa.gov/stationhome.html?id=9440083",
        "city_lat": 45.0362527,
        "city_lon": -123.0010734,
        "fetched_at": "2026-06-27T15:56:58.392950+00:00",
        "color": "#2d6a4f"
      }
    },
    {
      "type": "Feature",
      "geometry": {
        "type": "Point",
        "coordinates": [
          "-118.5",
          "34.0083"
        ]
      },
      "properties": {
        "source": "NOAA",
        "site_id": "9410840",
        "site_name": "Santa Monica",
        "lat": "34.0083",
        "lon": "-118.5",
        "stage_ft": 3.55,
        "stage_datetime": "2026-06-27 15:42",
        "tier": "normal",
        "action_stage": 8.87,
        "flood_stage": 9.87,
        "major_stage": 11.87,
        "url": "https://tidesandcurrents.noaa.gov/stationhome.html?id=9410840",
        "city_lat": 34.3155072,
        "city_lon": -118.209681,
        "fetched_at": "2026-06-27T15:56:58.392950+00:00",
        "color": "#2d6a4f"
      }
    },
    {
      "type": "Feature",
      "geometry": {
        "type": "Point",
        "coordinates": [
          "-156.469",
          "20.8949"
        ]
      },
      "properties": {
        "source": "NOAA",
        "site_id": "1615680",
        "site_name": "Kahului, Kahului Harbor",
        "lat": "20.8949",
        "lon": "-156.469",
        "stage_ft": 0.184,
        "stage_datetime": "2026-06-27 15:48",
        "tier": "normal",
        "action_stage": 5.66,
        "flood_stage": 6.66,
        "major_stage": 8.66,
        "url": "https://tidesandcurrents.noaa.gov/stationhome.html?id=1615680",
        "city_lat": 20.8029568,
        "city_lon": -156.3106833,
        "fetched_at": "2026-06-27T15:56:58.392950+00:00",
        "color": "#2d6a4f"
      }
    },
    {
      "type": "Feature",
      "geometry": {
        "type": "Point",
        "coordinates": [
          "-156.469",
          "20.8949"
        ]
      },
      "properties": {
        "source": "NOAA",
        "site_id": "1615680",
        "site_name": "Kahului, Kahului Harbor",
        "lat": "20.8949",
        "lon": "-156.469",
        "stage_ft": 0.184,
        "stage_datetime": "2026-06-27 15:48",
        "tier": "normal",
        "action_stage": 5.66,
        "flood_stage": 6.66,
        "major_stage": 8.66,
        "url": "https://tidesandcurrents.noaa.gov/stationhome.html?id=1615680",
        "city_lat": 20.8029568,
        "city_lon": -156.3106833,
        "fetched_at": "2026-06-27T15:56:58.392950+00:00",
        "color": "#2d6a4f"
      }
    },
    {
      "type": "Feature",
      "geometry": {
        "type": "Point",
        "coordinates": [
          "-156.469",
          "20.8949"
        ]
      },
      "properties": {
        "source": "NOAA",
        "site_id": "1615680",
        "site_name": "Kahului, Kahului Harbor",
        "lat": "20.8949",
        "lon": "-156.469",
        "stage_ft": 0.184,
        "stage_datetime": "2026-06-27 15:48",
        "tier": "normal",
        "action_stage": 5.66,
        "flood_stage": 6.66,
        "major_stage": 8.66,
        "url": "https://tidesandcurrents.noaa.gov/stationhome.html?id=1615680",
        "city_lat": 20.8029568,
        "city_lon": -156.3106833,
        "fetched_at": "2026-06-27T15:56:58.392950+00:00",
        "color": "#2d6a4f"
      }
    },
    {
      "type": "Feature",
      "geometry": {
        "type": "Point",
        "coordinates": [
          "-156.469",
          "20.8949"
        ]
      },
      "properties": {
        "source": "NOAA",
        "site_id": "1615680",
        "site_name": "Kahului, Kahului Harbor",
        "lat": "20.8949",
        "lon": "-156.469",
        "stage_ft": 0.184,
        "stage_datetime": "2026-06-27 15:48",
        "tier": "normal",
        "action_stage": 5.66,
        "flood_stage": 6.66,
        "major_stage": 8.66,
        "url": "https://tidesandcurrents.noaa.gov/stationhome.html?id=1615680",
        "city_lat": 20.8029568,
        "city_lon": -156.3106833,
        "fetched_at": "2026-06-27T15:56:58.392950+00:00",
        "color": "#2d6a4f"
      }
    },
    {
      "type": "Feature",
      "geometry": {
        "type": "Point",
        "coordinates": [
          "-156.469",
          "20.8949"
        ]
      },
      "properties": {
        "source": "NOAA",
        "site_id": "1615680",
        "site_name": "Kahului, Kahului Harbor",
        "lat": "20.8949",
        "lon": "-156.469",
        "stage_ft": 0.184,
        "stage_datetime": "2026-06-27 15:48",
        "tier": "normal",
        "action_stage": 5.66,
        "flood_stage": 6.66,
        "major_stage": 8.66,
        "url": "https://tidesandcurrents.noaa.gov/stationhome.html?id=1615680",
        "city_lat": 20.8029568,
        "city_lon": -156.3106833,
        "fetched_at": "2026-06-27T15:56:58.392950+00:00",
        "color": "#2d6a4f"
      }
    },
    {
      "type": "Feature",
      "geometry": {
        "type": "Point",
        "coordinates": [
          "-156.469",
          "20.8949"
        ]
      },
      "properties": {
        "source": "NOAA",
        "site_id": "1615680",
        "site_name": "Kahului, Kahului Harbor",
        "lat": "20.8949",
        "lon": "-156.469",
        "stage_ft": 0.184,
        "stage_datetime": "2026-06-27 15:48",
        "tier": "normal",
        "action_stage": 5.66,
        "flood_stage": 6.66,
        "major_stage": 8.66,
        "url": "https://tidesandcurrents.noaa.gov/stationhome.html?id=1615680",
        "city_lat": 20.8029568,
        "city_lon": -156.3106833,
        "fetched_at": "2026-06-27T15:56:58.392950+00:00",
        "color": "#2d6a4f"
      }
    },
    {
      "type": "Feature",
      "geometry": {
        "type": "Point",
        "coordinates": [
          "-156.469",
          "20.8949"
        ]
      },
      "properties": {
        "source": "NOAA",
        "site_id": "1615680",
        "site_name": "Kahului, Kahului Harbor",
        "lat": "20.8949",
        "lon": "-156.469",
        "stage_ft": 0.184,
        "stage_datetime": "2026-06-27 15:48",
        "tier": "normal",
        "action_stage": 5.66,
        "flood_stage": 6.66,
        "major_stage": 8.66,
        "url": "https://tidesandcurrents.noaa.gov/stationhome.html?id=1615680",
        "city_lat": 20.8029568,
        "city_lon": -156.3106833,
        "fetched_at": "2026-06-27T15:56:58.392950+00:00",
        "color": "#2d6a4f"
      }
    },
    {
      "type": "Feature",
      "geometry": {
        "type": "Point",
        "coordinates": [
          "-156.469",
          "20.8949"
        ]
      },
      "properties": {
        "source": "NOAA",
        "site_id": "1615680",
        "site_name": "Kahului, Kahului Harbor",
        "lat": "20.8949",
        "lon": "-156.469",
        "stage_ft": 0.184,
        "stage_datetime": "2026-06-27 15:48",
        "tier": "normal",
        "action_stage": 5.66,
        "flood_stage": 6.66,
        "major_stage": 8.66,
        "url": "https://tidesandcurrents.noaa.gov/stationhome.html?id=1615680",
        "city_lat": 20.8029568,
        "city_lon": -156.3106833,
        "fetched_at": "2026-06-27T15:56:58.392950+00:00",
        "color": "#2d6a4f"
      }
    },
    {
      "type": "Feature",
      "geometry": {
        "type": "Point",
        "coordinates": [
          "-156.469",
          "20.8949"
        ]
      },
      "properties": {
        "source": "NOAA",
        "site_id": "1615680",
        "site_name": "Kahului, Kahului Harbor",
        "lat": "20.8949",
        "lon": "-156.469",
        "stage_ft": 0.184,
        "stage_datetime": "2026-06-27 15:48",
        "tier": "normal",
        "action_stage": 5.66,
        "flood_stage": 6.66,
        "major_stage": 8.66,
        "url": "https://tidesandcurrents.noaa.gov/stationhome.html?id=1615680",
        "city_lat": 20.8029568,
        "city_lon": -156.3106833,
        "fetched_at": "2026-06-27T15:56:58.392950+00:00",
        "color": "#2d6a4f"
      }
    },
    {
      "type": "Feature",
      "geometry": {
        "type": "Point",
        "coordinates": [
          "-156.469",
          "20.8949"
        ]
      },
      "properties": {
        "source": "NOAA",
        "site_id": "1615680",
        "site_name": "Kahului, Kahului Harbor",
        "lat": "20.8949",
        "lon": "-156.469",
        "stage_ft": 0.184,
        "stage_datetime": "2026-06-27 15:48",
        "tier": "normal",
        "action_stage": 5.66,
        "flood_stage": 6.66,
        "major_stage": 8.66,
        "url": "https://tidesandcurrents.noaa.gov/stationhome.html?id=1615680",
        "city_lat": 20.8029568,
        "city_lon": -156.3106833,
        "fetched_at": "2026-06-27T15:56:58.392950+00:00",
        "color": "#2d6a4f"
      }
    },
    {
      "type": "Feature",
      "geometry": {
        "type": "Point",
        "coordinates": [
          "-156.469",
          "20.8949"
        ]
      },
      "properties": {
        "source": "NOAA",
        "site_id": "1615680",
        "site_name": "Kahului, Kahului Harbor",
        "lat": "20.8949",
        "lon": "-156.469",
        "stage_ft": 0.184,
        "stage_datetime": "2026-06-27 15:48",
        "tier": "normal",
        "action_stage": 5.66,
        "flood_stage": 6.66,
        "major_stage": 8.66,
        "url": "https://tidesandcurrents.noaa.gov/stationhome.html?id=1615680",
        "city_lat": 20.8029568,
        "city_lon": -156.3106833,
        "fetched_at": "2026-06-27T15:56:58.392950+00:00",
        "color": "#2d6a4f"
      }
    },
    {
      "type": "Feature",
      "geometry": {
        "type": "Point",
        "coordinates": [
          "-156.469",
          "20.8949"
        ]
      },
      "properties": {
        "source": "NOAA",
        "site_id": "1615680",
        "site_name": "Kahului, Kahului Harbor",
        "lat": "20.8949",
        "lon": "-156.469",
        "stage_ft": 0.184,
        "stage_datetime": "2026-06-27 15:48",
        "tier": "normal",
        "action_stage": 5.66,
        "flood_stage": 6.66,
        "major_stage": 8.66,
        "url": "https://tidesandcurrents.noaa.gov/stationhome.html?id=1615680",
        "city_lat": 20.8029568,
        "city_lon": -156.3106833,
        "fetched_at": "2026-06-27T15:56:58.392950+00:00",
        "color": "#2d6a4f"
      }
    },
    {
      "type": "Feature",
      "geometry": {
        "type": "Point",
        "coordinates": [
          "-156.469",
          "20.8949"
        ]
      },
      "properties": {
        "source": "NOAA",
        "site_id": "1615680",
        "site_name": "Kahului, Kahului Harbor",
        "lat": "20.8949",
        "lon": "-156.469",
        "stage_ft": 0.184,
        "stage_datetime": "2026-06-27 15:48",
        "tier": "normal",
        "action_stage": 5.66,
        "flood_stage": 6.66,
        "major_stage": 8.66,
        "url": "https://tidesandcurrents.noaa.gov/stationhome.html?id=1615680",
        "city_lat": 20.8029568,
        "city_lon": -156.3106833,
        "fetched_at": "2026-06-27T15:56:58.392950+00:00",
        "color": "#2d6a4f"
      }
    },
    {
      "type": "Feature",
      "geometry": {
        "type": "Point",
        "coordinates": [
          "-156.469",
          "20.8949"
        ]
      },
      "properties": {
        "source": "NOAA",
        "site_id": "1615680",
        "site_name": "Kahului, Kahului Harbor",
        "lat": "20.8949",
        "lon": "-156.469",
        "stage_ft": 0.184,
        "stage_datetime": "2026-06-27 15:48",
        "tier": "normal",
        "action_stage": 5.66,
        "flood_stage": 6.66,
        "major_stage": 8.66,
        "url": "https://tidesandcurrents.noaa.gov/stationhome.html?id=1615680",
        "city_lat": 20.8029568,
        "city_lon": -156.3106833,
        "fetched_at": "2026-06-27T15:56:58.392950+00:00",
        "color": "#2d6a4f"
      }
    },
    {
      "type": "Feature",
      "geometry": {
        "type": "Point",
        "coordinates": [
          "-156.469",
          "20.8949"
        ]
      },
      "properties": {
        "source": "NOAA",
        "site_id": "1615680",
        "site_name": "Kahului, Kahului Harbor",
        "lat": "20.8949",
        "lon": "-156.469",
        "stage_ft": 0.184,
        "stage_datetime": "2026-06-27 15:48",
        "tier": "normal",
        "action_stage": 5.66,
        "flood_stage": 6.66,
        "major_stage": 8.66,
        "url": "https://tidesandcurrents.noaa.gov/stationhome.html?id=1615680",
        "city_lat": 20.8029568,
        "city_lon": -156.3106833,
        "fetched_at": "2026-06-27T15:56:58.392950+00:00",
        "color": "#2d6a4f"
      }
    },
    {
      "type": "Feature",
      "geometry": {
        "type": "Point",
        "coordinates": [
          "-156.469",
          "20.8949"
        ]
      },
      "properties": {
        "source": "NOAA",
        "site_id": "1615680",
        "site_name": "Kahului, Kahului Harbor",
        "lat": "20.8949",
        "lon": "-156.469",
        "stage_ft": 0.184,
        "stage_datetime": "2026-06-27 15:48",
        "tier": "normal",
        "action_stage": 5.66,
        "flood_stage": 6.66,
        "major_stage": 8.66,
        "url": "https://tidesandcurrents.noaa.gov/stationhome.html?id=1615680",
        "city_lat": 20.8029568,
        "city_lon": -156.3106833,
        "fetched_at": "2026-06-27T15:56:58.392950+00:00",
        "color": "#2d6a4f"
      }
    },
    {
      "type": "Feature",
      "geometry": {
        "type": "Point",
        "coordinates": [
          "-156.469",
          "20.8949"
        ]
      },
      "properties": {
        "source": "NOAA",
        "site_id": "1615680",
        "site_name": "Kahului, Kahului Harbor",
        "lat": "20.8949",
        "lon": "-156.469",
        "stage_ft": 0.184,
        "stage_datetime": "2026-06-27 15:48",
        "tier": "normal",
        "action_stage": 5.66,
        "flood_stage": 6.66,
        "major_stage": 8.66,
        "url": "https://tidesandcurrents.noaa.gov/stationhome.html?id=1615680",
        "city_lat": 20.8029568,
        "city_lon": -156.3106833,
        "fetched_at": "2026-06-27T15:56:58.392950+00:00",
        "color": "#2d6a4f"
      }
    },
    {
      "type": "Feature",
      "geometry": {
        "type": "Point",
        "coordinates": [
          "-156.469",
          "20.8949"
        ]
      },
      "properties": {
        "source": "NOAA",
        "site_id": "1615680",
        "site_name": "Kahului, Kahului Harbor",
        "lat": "20.8949",
        "lon": "-156.469",
        "stage_ft": 0.184,
        "stage_datetime": "2026-06-27 15:48",
        "tier": "normal",
        "action_stage": 5.66,
        "flood_stage": 6.66,
        "major_stage": 8.66,
        "url": "https://tidesandcurrents.noaa.gov/stationhome.html?id=1615680",
        "city_lat": 20.8029568,
        "city_lon": -156.3106833,
        "fetched_at": "2026-06-27T15:56:58.392950+00:00",
        "color": "#2d6a4f"
      }
    },
    {
      "type": "Feature",
      "geometry": {
        "type": "Point",
        "coordinates": [
          "-156.469",
          "20.8949"
        ]
      },
      "properties": {
        "source": "NOAA",
        "site_id": "1615680",
        "site_name": "Kahului, Kahului Harbor",
        "lat": "20.8949",
        "lon": "-156.469",
        "stage_ft": 0.184,
        "stage_datetime": "2026-06-27 15:48",
        "tier": "normal",
        "action_stage": 5.66,
        "flood_stage": 6.66,
        "major_stage": 8.66,
        "url": "https://tidesandcurrents.noaa.gov/stationhome.html?id=1615680",
        "city_lat": 20.8029568,
        "city_lon": -156.3106833,
        "fetched_at": "2026-06-27T15:56:58.392950+00:00",
        "color": "#2d6a4f"
      }
    },
    {
      "type": "Feature",
      "geometry": {
        "type": "Point",
        "coordinates": [
          "-156.469",
          "20.8949"
        ]
      },
      "properties": {
        "source": "NOAA",
        "site_id": "1615680",
        "site_name": "Kahului, Kahului Harbor",
        "lat": "20.8949",
        "lon": "-156.469",
        "stage_ft": 0.184,
        "stage_datetime": "2026-06-27 15:48",
        "tier": "normal",
        "action_stage": 5.66,
        "flood_stage": 6.66,
        "major_stage": 8.66,
        "url": "https://tidesandcurrents.noaa.gov/stationhome.html?id=1615680",
        "city_lat": 20.8029568,
        "city_lon": -156.3106833,
        "fetched_at": "2026-06-27T15:56:58.392950+00:00",
        "color": "#2d6a4f"
      }
    },
    {
      "type": "Feature",
      "geometry": {
        "type": "Point",
        "coordinates": [
          "-156.469",
          "20.8949"
        ]
      },
      "properties": {
        "source": "NOAA",
        "site_id": "1615680",
        "site_name": "Kahului, Kahului Harbor",
        "lat": "20.8949",
        "lon": "-156.469",
        "stage_ft": 0.184,
        "stage_datetime": "2026-06-27 15:48",
        "tier": "normal",
        "action_stage": 5.66,
        "flood_stage": 6.66,
        "major_stage": 8.66,
        "url": "https://tidesandcurrents.noaa.gov/stationhome.html?id=1615680",
        "city_lat": 20.8029568,
        "city_lon": -156.3106833,
        "fetched_at": "2026-06-27T15:56:58.392950+00:00",
        "color": "#2d6a4f"
      }
    },
    {
      "type": "Feature",
      "geometry": {
        "type": "Point",
        "coordinates": [
          "-156.469",
          "20.8949"
        ]
      },
      "properties": {
        "source": "NOAA",
        "site_id": "1615680",
        "site_name": "Kahului, Kahului Harbor",
        "lat": "20.8949",
        "lon": "-156.469",
        "stage_ft": 0.184,
        "stage_datetime": "2026-06-27 15:48",
        "tier": "normal",
        "action_stage": 5.66,
        "flood_stage": 6.66,
        "major_stage": 8.66,
        "url": "https://tidesandcurrents.noaa.gov/stationhome.html?id=1615680",
        "city_lat": 20.8029568,
        "city_lon": -156.3106833,
        "fetched_at": "2026-06-27T15:56:58.392950+00:00",
        "color": "#2d6a4f"
      }
    },
    {
      "type": "Feature",
      "geometry": {
        "type": "Point",
        "coordinates": [
          "-156.469",
          "20.8949"
        ]
      },
      "properties": {
        "source": "NOAA",
        "site_id": "1615680",
        "site_name": "Kahului, Kahului Harbor",
        "lat": "20.8949",
        "lon": "-156.469",
        "stage_ft": 0.184,
        "stage_datetime": "2026-06-27 15:48",
        "tier": "normal",
        "action_stage": 5.66,
        "flood_stage": 6.66,
        "major_stage": 8.66,
        "url": "https://tidesandcurrents.noaa.gov/stationhome.html?id=1615680",
        "city_lat": 20.8029568,
        "city_lon": -156.3106833,
        "fetched_at": "2026-06-27T15:56:58.392950+00:00",
        "color": "#2d6a4f"
      }
    },
    {
      "type": "Feature",
      "geometry": {
        "type": "Point",
        "coordinates": [
          "-156.469",
          "20.8949"
        ]
      },
      "properties": {
        "source": "NOAA",
        "site_id": "1615680",
        "site_name": "Kahului, Kahului Harbor",
        "lat": "20.8949",
        "lon": "-156.469",
        "stage_ft": 0.184,
        "stage_datetime": "2026-06-27 15:48",
        "tier": "normal",
        "action_stage": 5.66,
        "flood_stage": 6.66,
        "major_stage": 8.66,
        "url": "https://tidesandcurrents.noaa.gov/stationhome.html?id=1615680",
        "city_lat": 20.8029568,
        "city_lon": -156.3106833,
        "fetched_at": "2026-06-27T15:56:58.392950+00:00",
        "color": "#2d6a4f"
      }
    },
    {
      "type": "Feature",
      "geometry": {
        "type": "Point",
        "coordinates": [
          "-156.469",
          "20.8949"
        ]
      },
      "properties": {
        "source": "NOAA",
        "site_id": "1615680",
        "site_name": "Kahului, Kahului Harbor",
        "lat": "20.8949",
        "lon": "-156.469",
        "stage_ft": 0.184,
        "stage_datetime": "2026-06-27 15:48",
        "tier": "normal",
        "action_stage": 5.66,
        "flood_stage": 6.66,
        "major_stage": 8.66,
        "url": "https://tidesandcurrents.noaa.gov/stationhome.html?id=1615680",
        "city_lat": 20.8029568,
        "city_lon": -156.3106833,
        "fetched_at": "2026-06-27T15:56:58.392950+00:00",
        "color": "#2d6a4f"
      }
    },
    {
      "type": "Feature",
      "geometry": {
        "type": "Point",
        "coordinates": [
          "-156.469",
          "20.8949"
        ]
      },
      "properties": {
        "source": "NOAA",
        "site_id": "1615680",
        "site_name": "Kahului, Kahului Harbor",
        "lat": "20.8949",
        "lon": "-156.469",
        "stage_ft": 0.184,
        "stage_datetime": "2026-06-27 15:48",
        "tier": "normal",
        "action_stage": 5.66,
        "flood_stage": 6.66,
        "major_stage": 8.66,
        "url": "https://tidesandcurrents.noaa.gov/stationhome.html?id=1615680",
        "city_lat": 20.8029568,
        "city_lon": -156.3106833,
        "fetched_at": "2026-06-27T15:56:58.392950+00:00",
        "color": "#2d6a4f"
      }
    },
    {
      "type": "Feature",
      "geometry": {
        "type": "Point",
        "coordinates": [
          "-156.469",
          "20.8949"
        ]
      },
      "properties": {
        "source": "NOAA",
        "site_id": "1615680",
        "site_name": "Kahului, Kahului Harbor",
        "lat": "20.8949",
        "lon": "-156.469",
        "stage_ft": 0.184,
        "stage_datetime": "2026-06-27 15:48",
        "tier": "normal",
        "action_stage": 5.66,
        "flood_stage": 6.66,
        "major_stage": 8.66,
        "url": "https://tidesandcurrents.noaa.gov/stationhome.html?id=1615680",
        "city_lat": 20.8029568,
        "city_lon": -156.3106833,
        "fetched_at": "2026-06-27T15:56:58.392950+00:00",
        "color": "#2d6a4f"
      }
    },
    {
      "type": "Feature",
      "geometry": {
        "type": "Point",
        "coordinates": [
          "-156.469",
          "20.8949"
        ]
      },
      "properties": {
        "source": "NOAA",
        "site_id": "1615680",
        "site_name": "Kahului, Kahului Harbor",
        "lat": "20.8949",
        "lon": "-156.469",
        "stage_ft": 0.184,
        "stage_datetime": "2026-06-27 15:48",
        "tier": "normal",
        "action_stage": 5.66,
        "flood_stage": 6.66,
        "major_stage": 8.66,
        "url": "https://tidesandcurrents.noaa.gov/stationhome.html?id=1615680",
        "city_lat": 20.8029568,
        "city_lon": -156.3106833,
        "fetched_at": "2026-06-27T15:56:58.392950+00:00",
        "color": "#2d6a4f"
      }
    },
    {
      "type": "Feature",
      "geometry": {
        "type": "Point",
        "coordinates": [
          "-156.469",
          "20.8949"
        ]
      },
      "properties": {
        "source": "NOAA",
        "site_id": "1615680",
        "site_name": "Kahului, Kahului Harbor",
        "lat": "20.8949",
        "lon": "-156.469",
        "stage_ft": 0.184,
        "stage_datetime": "2026-06-27 15:48",
        "tier": "normal",
        "action_stage": 5.66,
        "flood_stage": 6.66,
        "major_stage": 8.66,
        "url": "https://tidesandcurrents.noaa.gov/stationhome.html?id=1615680",
        "city_lat": 20.8029568,
        "city_lon": -156.3106833,
        "fetched_at": "2026-06-27T15:56:58.392950+00:00",
        "color": "#2d6a4f"
      }
    },
    {
      "type": "Feature",
      "geometry": {
        "type": "Point",
        "coordinates": [
          "-156.469",
          "20.8949"
        ]
      },
      "properties": {
        "source": "NOAA",
        "site_id": "1615680",
        "site_name": "Kahului, Kahului Harbor",
        "lat": "20.8949",
        "lon": "-156.469",
        "stage_ft": 0.184,
        "stage_datetime": "2026-06-27 15:48",
        "tier": "normal",
        "action_stage": 5.66,
        "flood_stage": 6.66,
        "major_stage": 8.66,
        "url": "https://tidesandcurrents.noaa.gov/stationhome.html?id=1615680",
        "city_lat": 20.8029568,
        "city_lon": -156.3106833,
        "fetched_at": "2026-06-27T15:56:58.392950+00:00",
        "color": "#2d6a4f"
      }
    },
    {
      "type": "Feature",
      "geometry": {
        "type": "Point",
        "coordinates": [
          "-156.469",
          "20.8949"
        ]
      },
      "properties": {
        "source": "NOAA",
        "site_id": "1615680",
        "site_name": "Kahului, Kahului Harbor",
        "lat": "20.8949",
        "lon": "-156.469",
        "stage_ft": 0.184,
        "stage_datetime": "2026-06-27 15:48",
        "tier": "normal",
        "action_stage": 5.66,
        "flood_stage": 6.66,
        "major_stage": 8.66,
        "url": "https://tidesandcurrents.noaa.gov/stationhome.html?id=1615680",
        "city_lat": 20.8029568,
        "city_lon": -156.3106833,
        "fetched_at": "2026-06-27T15:56:58.392950+00:00",
        "color": "#2d6a4f"
      }
    },
    {
      "type": "Feature",
      "geometry": {
        "type": "Point",
        "coordinates": [
          "-156.469",
          "20.8949"
        ]
      },
      "properties": {
        "source": "NOAA",
        "site_id": "1615680",
        "site_name": "Kahului, Kahului Harbor",
        "lat": "20.8949",
        "lon": "-156.469",
        "stage_ft": 0.184,
        "stage_datetime": "2026-06-27 15:48",
        "tier": "normal",
        "action_stage": 5.66,
        "flood_stage": 6.66,
        "major_stage": 8.66,
        "url": "https://tidesandcurrents.noaa.gov/stationhome.html?id=1615680",
        "city_lat": 20.8029568,
        "city_lon": -156.3106833,
        "fetched_at": "2026-06-27T15:56:58.392950+00:00",
        "color": "#2d6a4f"
      }
    },
    {
      "type": "Feature",
      "geometry": {
        "type": "Point",
        "coordinates": [
          "-77.0217",
          "38.8733"
        ]
      },
      "properties": {
        "source": "NOAA",
        "site_id": "8594900",
        "site_name": "Washington",
        "lat": "38.8733",
        "lon": "-77.0217",
        "stage_ft": 1.153,
        "stage_datetime": "2026-06-27 15:48",
        "tier": "normal",
        "action_stage": 8.72,
        "flood_stage": 9.72,
        "major_stage": 11.72,
        "url": "https://tidesandcurrents.noaa.gov/stationhome.html?id=8594900",
        "city_lat": 39.7317608,
        "city_lon": -77.8194403,
        "fetched_at": "2026-06-27T15:56:58.392950+00:00",
        "color": "#2d6a4f"
      }
    },
    {
      "type": "Feature",
      "geometry": {
        "type": "Point",
        "coordinates": [
          "-155.0556",
          "19.7303"
        ]
      },
      "properties": {
        "source": "NOAA",
        "site_id": "1617760",
        "site_name": "Hilo, Hilo Bay, Kuhio Bay",
        "lat": "19.7303",
        "lon": "-155.0556",
        "stage_ft": 0.492,
        "stage_datetime": "2026-06-27 15:48",
        "tier": "normal",
        "action_stage": 7.32,
        "flood_stage": 8.32,
        "major_stage": 10.32,
        "url": "https://tidesandcurrents.noaa.gov/stationhome.html?id=1617760",
        "city_lat": 19.5938015,
        "city_lon": -155.4283701,
        "fetched_at": "2026-06-27T15:56:58.392950+00:00",
        "color": "#2d6a4f"
      }
    },
    {
      "type": "Feature",
      "geometry": {
        "type": "Point",
        "coordinates": [
          "-155.0556",
          "19.7303"
        ]
      },
      "properties": {
        "source": "NOAA",
        "site_id": "1617760",
        "site_name": "Hilo, Hilo Bay, Kuhio Bay",
        "lat": "19.7303",
        "lon": "-155.0556",
        "stage_ft": 0.492,
        "stage_datetime": "2026-06-27 15:48",
        "tier": "normal",
        "action_stage": 7.32,
        "flood_stage": 8.32,
        "major_stage": 10.32,
        "url": "https://tidesandcurrents.noaa.gov/stationhome.html?id=1617760",
        "city_lat": 19.5938015,
        "city_lon": -155.4283701,
        "fetched_at": "2026-06-27T15:56:58.392950+00:00",
        "color": "#2d6a4f"
      }
    },
    {
      "type": "Feature",
      "geometry": {
        "type": "Point",
        "coordinates": [
          "-118.5",
          "34.0083"
        ]
      },
      "properties": {
        "source": "NOAA",
        "site_id": "9410840",
        "site_name": "Santa Monica",
        "lat": "34.0083",
        "lon": "-118.5",
        "stage_ft": 3.55,
        "stage_datetime": "2026-06-27 15:42",
        "tier": "normal",
        "action_stage": 8.87,
        "flood_stage": 9.87,
        "major_stage": 11.87,
        "url": "https://tidesandcurrents.noaa.gov/stationhome.html?id=9410840",
        "city_lat": 34.0536909,
        "city_lon": -118.242766,
        "fetched_at": "2026-06-27T15:56:58.392950+00:00",
        "color": "#2d6a4f"
      }
    },
    {
      "type": "Feature",
      "geometry": {
        "type": "Point",
        "coordinates": [
          "-156.469",
          "20.8949"
        ]
      },
      "properties": {
        "source": "NOAA",
        "site_id": "1615680",
        "site_name": "Kahului, Kahului Harbor",
        "lat": "20.8949",
        "lon": "-156.469",
        "stage_ft": 0.184,
        "stage_datetime": "2026-06-27 15:48",
        "tier": "normal",
        "action_stage": 5.66,
        "flood_stage": 6.66,
        "major_stage": 8.66,
        "url": "https://tidesandcurrents.noaa.gov/stationhome.html?id=1615680",
        "city_lat": 20.8029568,
        "city_lon": -156.3106833,
        "fetched_at": "2026-06-27T15:56:58.392950+00:00",
        "color": "#2d6a4f"
      }
    },
    {
      "type": "Feature",
      "geometry": {
        "type": "Point",
        "coordinates": [
          "-156.469",
          "20.8949"
        ]
      },
      "properties": {
        "source": "NOAA",
        "site_id": "1615680",
        "site_name": "Kahului, Kahului Harbor",
        "lat": "20.8949",
        "lon": "-156.469",
        "stage_ft": 0.184,
        "stage_datetime": "2026-06-27 15:48",
        "tier": "normal",
        "action_stage": 5.66,
        "flood_stage": 6.66,
        "major_stage": 8.66,
        "url": "https://tidesandcurrents.noaa.gov/stationhome.html?id=1615680",
        "city_lat": 20.8029568,
        "city_lon": -156.3106833,
        "fetched_at": "2026-06-27T15:56:58.392950+00:00",
        "color": "#2d6a4f"
      }
    },
    {
      "type": "Feature",
      "geometry": {
        "type": "Point",
        "coordinates": [
          "-156.469",
          "20.8949"
        ]
      },
      "properties": {
        "source": "NOAA",
        "site_id": "1615680",
        "site_name": "Kahului, Kahului Harbor",
        "lat": "20.8949",
        "lon": "-156.469",
        "stage_ft": 0.184,
        "stage_datetime": "2026-06-27 15:48",
        "tier": "normal",
        "action_stage": 5.66,
        "flood_stage": 6.66,
        "major_stage": 8.66,
        "url": "https://tidesandcurrents.noaa.gov/stationhome.html?id=1615680",
        "city_lat": 20.8029568,
        "city_lon": -156.3106833,
        "fetched_at": "2026-06-27T15:56:58.392950+00:00",
        "color": "#2d6a4f"
      }
    },
    {
      "type": "Feature",
      "geometry": {
        "type": "Point",
        "coordinates": [
          "-156.469",
          "20.8949"
        ]
      },
      "properties": {
        "source": "NOAA",
        "site_id": "1615680",
        "site_name": "Kahului, Kahului Harbor",
        "lat": "20.8949",
        "lon": "-156.469",
        "stage_ft": 0.184,
        "stage_datetime": "2026-06-27 15:48",
        "tier": "normal",
        "action_stage": 5.66,
        "flood_stage": 6.66,
        "major_stage": 8.66,
        "url": "https://tidesandcurrents.noaa.gov/stationhome.html?id=1615680",
        "city_lat": 20.8029568,
        "city_lon": -156.3106833,
        "fetched_at": "2026-06-27T15:56:58.392950+00:00",
        "color": "#2d6a4f"
      }
    },
    {
      "type": "Feature",
      "geometry": {
        "type": "Point",
        "coordinates": [
          "-156.469",
          "20.8949"
        ]
      },
      "properties": {
        "source": "NOAA",
        "site_id": "1615680",
        "site_name": "Kahului, Kahului Harbor",
        "lat": "20.8949",
        "lon": "-156.469",
        "stage_ft": 0.184,
        "stage_datetime": "2026-06-27 15:48",
        "tier": "normal",
        "action_stage": 5.66,
        "flood_stage": 6.66,
        "major_stage": 8.66,
        "url": "https://tidesandcurrents.noaa.gov/stationhome.html?id=1615680",
        "city_lat": 20.8029568,
        "city_lon": -156.3106833,
        "fetched_at": "2026-06-27T15:56:58.392950+00:00",
        "color": "#2d6a4f"
      }
    },
    {
      "type": "Feature",
      "geometry": {
        "type": "Point",
        "coordinates": [
          "-156.469",
          "20.8949"
        ]
      },
      "properties": {
        "source": "NOAA",
        "site_id": "1615680",
        "site_name": "Kahului, Kahului Harbor",
        "lat": "20.8949",
        "lon": "-156.469",
        "stage_ft": 0.184,
        "stage_datetime": "2026-06-27 15:48",
        "tier": "normal",
        "action_stage": 5.66,
        "flood_stage": 6.66,
        "major_stage": 8.66,
        "url": "https://tidesandcurrents.noaa.gov/stationhome.html?id=1615680",
        "city_lat": 20.8029568,
        "city_lon": -156.3106833,
        "fetched_at": "2026-06-27T15:56:58.392950+00:00",
        "color": "#2d6a4f"
      }
    },
    {
      "type": "Feature",
      "geometry": {
        "type": "Point",
        "coordinates": [
          "-156.469",
          "20.8949"
        ]
      },
      "properties": {
        "source": "NOAA",
        "site_id": "1615680",
        "site_name": "Kahului, Kahului Harbor",
        "lat": "20.8949",
        "lon": "-156.469",
        "stage_ft": 0.184,
        "stage_datetime": "2026-06-27 15:48",
        "tier": "normal",
        "action_stage": 5.66,
        "flood_stage": 6.66,
        "major_stage": 8.66,
        "url": "https://tidesandcurrents.noaa.gov/stationhome.html?id=1615680",
        "city_lat": 20.8029568,
        "city_lon": -156.3106833,
        "fetched_at": "2026-06-27T15:56:58.392950+00:00",
        "color": "#2d6a4f"
      }
    },
    {
      "type": "Feature",
      "geometry": {
        "type": "Point",
        "coordinates": [
          "-156.469",
          "20.8949"
        ]
      },
      "properties": {
        "source": "NOAA",
        "site_id": "1615680",
        "site_name": "Kahului, Kahului Harbor",
        "lat": "20.8949",
        "lon": "-156.469",
        "stage_ft": 0.184,
        "stage_datetime": "2026-06-27 15:48",
        "tier": "normal",
        "action_stage": 5.66,
        "flood_stage": 6.66,
        "major_stage": 8.66,
        "url": "https://tidesandcurrents.noaa.gov/stationhome.html?id=1615680",
        "city_lat": 20.8029568,
        "city_lon": -156.3106833,
        "fetched_at": "2026-06-27T15:56:58.392950+00:00",
        "color": "#2d6a4f"
      }
    },
    {
      "type": "Feature",
      "geometry": {
        "type": "Point",
        "coordinates": [
          "-156.469",
          "20.8949"
        ]
      },
      "properties": {
        "source": "NOAA",
        "site_id": "1615680",
        "site_name": "Kahului, Kahului Harbor",
        "lat": "20.8949",
        "lon": "-156.469",
        "stage_ft": 0.184,
        "stage_datetime": "2026-06-27 15:48",
        "tier": "normal",
        "action_stage": 5.66,
        "flood_stage": 6.66,
        "major_stage": 8.66,
        "url": "https://tidesandcurrents.noaa.gov/stationhome.html?id=1615680",
        "city_lat": 20.8029568,
        "city_lon": -156.3106833,
        "fetched_at": "2026-06-27T15:56:58.392950+00:00",
        "color": "#2d6a4f"
      }
    },
    {
      "type": "Feature",
      "geometry": {
        "type": "Point",
        "coordinates": [
          "-156.469",
          "20.8949"
        ]
      },
      "properties": {
        "source": "NOAA",
        "site_id": "1615680",
        "site_name": "Kahului, Kahului Harbor",
        "lat": "20.8949",
        "lon": "-156.469",
        "stage_ft": 0.184,
        "stage_datetime": "2026-06-27 15:48",
        "tier": "normal",
        "action_stage": 5.66,
        "flood_stage": 6.66,
        "major_stage": 8.66,
        "url": "https://tidesandcurrents.noaa.gov/stationhome.html?id=1615680",
        "city_lat": 20.8029568,
        "city_lon": -156.3106833,
        "fetched_at": "2026-06-27T15:56:58.392950+00:00",
        "color": "#2d6a4f"
      }
    },
    {
      "type": "Feature",
      "geometry": {
        "type": "Point",
        "coordinates": [
          "-122.3393",
          "47.6026"
        ]
      },
      "properties": {
        "source": "NOAA",
        "site_id": "9447130",
        "site_name": "Seattle",
        "lat": "47.6026",
        "lon": "-122.3393",
        "stage_ft": 0.612,
        "stage_datetime": "2026-06-27 15:48",
        "tier": "normal",
        "action_stage": 20.3,
        "flood_stage": 21.3,
        "major_stage": 23.3,
        "url": "https://tidesandcurrents.noaa.gov/stationhome.html?id=9447130",
        "city_lat": 47.5289527,
        "city_lon": -121.827093,
        "fetched_at": "2026-06-27T15:56:58.392950+00:00",
        "color": "#2d6a4f"
      }
    },
    {
      "type": "Feature",
      "geometry": {
        "type": "Point",
        "coordinates": [
          "-77.0217",
          "38.8733"
        ]
      },
      "properties": {
        "source": "NOAA",
        "site_id": "8594900",
        "site_name": "Washington",
        "lat": "38.8733",
        "lon": "-77.0217",
        "stage_ft": 1.153,
        "stage_datetime": "2026-06-27 15:48",
        "tier": "normal",
        "action_stage": 8.72,
        "flood_stage": 9.72,
        "major_stage": 11.72,
        "url": "https://tidesandcurrents.noaa.gov/stationhome.html?id=8594900",
        "city_lat": 38.8950368,
        "city_lon": -77.0365427,
        "fetched_at": "2026-06-27T15:56:58.392950+00:00",
        "color": "#2d6a4f"
      }
    },
    {
      "type": "Feature",
      "geometry": {
        "type": "Point",
        "coordinates": [
          "-156.469",
          "20.8949"
        ]
      },
      "properties": {
        "source": "NOAA",
        "site_id": "1615680",
        "site_name": "Kahului, Kahului Harbor",
        "lat": "20.8949",
        "lon": "-156.469",
        "stage_ft": 0.184,
        "stage_datetime": "2026-06-27 15:48",
        "tier": "normal",
        "action_stage": 5.66,
        "flood_stage": 6.66,
        "major_stage": 8.66,
        "url": "https://tidesandcurrents.noaa.gov/stationhome.html?id=1615680",
        "city_lat": 20.8029568,
        "city_lon": -156.3106833,
        "fetched_at": "2026-06-27T15:56:58.392950+00:00",
        "color": "#2d6a4f"
      }
    },
    {
      "type": "Feature",
      "geometry": {
        "type": "Point",
        "coordinates": [
          "-156.469",
          "20.8949"
        ]
      },
      "properties": {
        "source": "NOAA",
        "site_id": "1615680",
        "site_name": "Kahului, Kahului Harbor",
        "lat": "20.8949",
        "lon": "-156.469",
        "stage_ft": 0.184,
        "stage_datetime": "2026-06-27 15:48",
        "tier": "normal",
        "action_stage": 5.66,
        "flood_stage": 6.66,
        "major_stage": 8.66,
        "url": "https://tidesandcurrents.noaa.gov/stationhome.html?id=1615680",
        "city_lat": 20.8029568,
        "city_lon": -156.3106833,
        "fetched_at": "2026-06-27T15:56:58.392950+00:00",
        "color": "#2d6a4f"
      }
    },
    {
      "type": "Feature",
      "geometry": {
        "type": "Point",
        "coordinates": [
          "-156.469",
          "20.8949"
        ]
      },
      "properties": {
        "source": "NOAA",
        "site_id": "1615680",
        "site_name": "Kahului, Kahului Harbor",
        "lat": "20.8949",
        "lon": "-156.469",
        "stage_ft": 0.184,
        "stage_datetime": "2026-06-27 15:48",
        "tier": "normal",
        "action_stage": 5.66,
        "flood_stage": 6.66,
        "major_stage": 8.66,
        "url": "https://tidesandcurrents.noaa.gov/stationhome.html?id=1615680",
        "city_lat": 20.8029568,
        "city_lon": -156.3106833,
        "fetched_at": "2026-06-27T15:56:58.392950+00:00",
        "color": "#2d6a4f"
      }
    },
    {
      "type": "Feature",
      "geometry": {
        "type": "Point",
        "coordinates": [
          "-156.469",
          "20.8949"
        ]
      },
      "properties": {
        "source": "NOAA",
        "site_id": "1615680",
        "site_name": "Kahului, Kahului Harbor",
        "lat": "20.8949",
        "lon": "-156.469",
        "stage_ft": 0.184,
        "stage_datetime": "2026-06-27 15:48",
        "tier": "normal",
        "action_stage": 5.66,
        "flood_stage": 6.66,
        "major_stage": 8.66,
        "url": "https://tidesandcurrents.noaa.gov/stationhome.html?id=1615680",
        "city_lat": 20.8029568,
        "city_lon": -156.3106833,
        "fetched_at": "2026-06-27T15:56:58.392950+00:00",
        "color": "#2d6a4f"
      }
    },
    {
      "type": "Feature",
      "geometry": {
        "type": "Point",
        "coordinates": [
          "-156.469",
          "20.8949"
        ]
      },
      "properties": {
        "source": "NOAA",
        "site_id": "1615680",
        "site_name": "Kahului, Kahului Harbor",
        "lat": "20.8949",
        "lon": "-156.469",
        "stage_ft": 0.184,
        "stage_datetime": "2026-06-27 15:48",
        "tier": "normal",
        "action_stage": 5.66,
        "flood_stage": 6.66,
        "major_stage": 8.66,
        "url": "https://tidesandcurrents.noaa.gov/stationhome.html?id=1615680",
        "city_lat": 20.8029568,
        "city_lon": -156.3106833,
        "fetched_at": "2026-06-27T15:56:58.392950+00:00",
        "color": "#2d6a4f"
      }
    },
    {
      "type": "Feature",
      "geometry": {
        "type": "Point",
        "coordinates": [
          "-156.469",
          "20.8949"
        ]
      },
      "properties": {
        "source": "NOAA",
        "site_id": "1615680",
        "site_name": "Kahului, Kahului Harbor",
        "lat": "20.8949",
        "lon": "-156.469",
        "stage_ft": 0.184,
        "stage_datetime": "2026-06-27 15:48",
        "tier": "normal",
        "action_stage": 5.66,
        "flood_stage": 6.66,
        "major_stage": 8.66,
        "url": "https://tidesandcurrents.noaa.gov/stationhome.html?id=1615680",
        "city_lat": 20.8029568,
        "city_lon": -156.3106833,
        "fetched_at": "2026-06-27T15:56:58.392950+00:00",
        "color": "#2d6a4f"
      }
    },
    {
      "type": "Feature",
      "geometry": {
        "type": "Point",
        "coordinates": [
          "-156.469",
          "20.8949"
        ]
      },
      "properties": {
        "source": "NOAA",
        "site_id": "1615680",
        "site_name": "Kahului, Kahului Harbor",
        "lat": "20.8949",
        "lon": "-156.469",
        "stage_ft": 0.184,
        "stage_datetime": "2026-06-27 15:48",
        "tier": "normal",
        "action_stage": 5.66,
        "flood_stage": 6.66,
        "major_stage": 8.66,
        "url": "https://tidesandcurrents.noaa.gov/stationhome.html?id=1615680",
        "city_lat": 20.8029568,
        "city_lon": -156.3106833,
        "fetched_at": "2026-06-27T15:56:58.392950+00:00",
        "color": "#2d6a4f"
      }
    },
    {
      "type": "Feature",
      "geometry": {
        "type": "Point",
        "coordinates": [
          "-156.469",
          "20.8949"
        ]
      },
      "properties": {
        "source": "NOAA",
        "site_id": "1615680",
        "site_name": "Kahului, Kahului Harbor",
        "lat": "20.8949",
        "lon": "-156.469",
        "stage_ft": 0.184,
        "stage_datetime": "2026-06-27 15:48",
        "tier": "normal",
        "action_stage": 5.66,
        "flood_stage": 6.66,
        "major_stage": 8.66,
        "url": "https://tidesandcurrents.noaa.gov/stationhome.html?id=1615680",
        "city_lat": 20.8029568,
        "city_lon": -156.3106833,
        "fetched_at": "2026-06-27T15:56:58.392950+00:00",
        "color": "#2d6a4f"
      }
    },
    {
      "type": "Feature",
      "geometry": {
        "type": "Point",
        "coordinates": [
          "-156.469",
          "20.8949"
        ]
      },
      "properties": {
        "source": "NOAA",
        "site_id": "1615680",
        "site_name": "Kahului, Kahului Harbor",
        "lat": "20.8949",
        "lon": "-156.469",
        "stage_ft": 0.184,
        "stage_datetime": "2026-06-27 15:48",
        "tier": "normal",
        "action_stage": 5.66,
        "flood_stage": 6.66,
        "major_stage": 8.66,
        "url": "https://tidesandcurrents.noaa.gov/stationhome.html?id=1615680",
        "city_lat": 20.8029568,
        "city_lon": -156.3106833,
        "fetched_at": "2026-06-27T15:56:58.392950+00:00",
        "color": "#2d6a4f"
      }
    },
    {
      "type": "Feature",
      "geometry": {
        "type": "Point",
        "coordinates": [
          "-156.469",
          "20.8949"
        ]
      },
      "properties": {
        "source": "NOAA",
        "site_id": "1615680",
        "site_name": "Kahului, Kahului Harbor",
        "lat": "20.8949",
        "lon": "-156.469",
        "stage_ft": 0.184,
        "stage_datetime": "2026-06-27 15:48",
        "tier": "normal",
        "action_stage": 5.66,
        "flood_stage": 6.66,
        "major_stage": 8.66,
        "url": "https://tidesandcurrents.noaa.gov/stationhome.html?id=1615680",
        "city_lat": 20.8029568,
        "city_lon": -156.3106833,
        "fetched_at": "2026-06-27T15:56:58.392950+00:00",
        "color": "#2d6a4f"
      }
    },
    {
      "type": "Feature",
      "geometry": {
        "type": "Point",
        "coordinates": [
          "-156.469",
          "20.8949"
        ]
      },
      "properties": {
        "source": "NOAA",
        "site_id": "1615680",
        "site_name": "Kahului, Kahului Harbor",
        "lat": "20.8949",
        "lon": "-156.469",
        "stage_ft": 0.184,
        "stage_datetime": "2026-06-27 15:48",
        "tier": "normal",
        "action_stage": 5.66,
        "flood_stage": 6.66,
        "major_stage": 8.66,
        "url": "https://tidesandcurrents.noaa.gov/stationhome.html?id=1615680",
        "city_lat": 20.8029568,
        "city_lon": -156.3106833,
        "fetched_at": "2026-06-27T15:56:58.392950+00:00",
        "color": "#2d6a4f"
      }
    },
    {
      "type": "Feature",
      "geometry": {
        "type": "Point",
        "coordinates": [
          "-156.469",
          "20.8949"
        ]
      },
      "properties": {
        "source": "NOAA",
        "site_id": "1615680",
        "site_name": "Kahului, Kahului Harbor",
        "lat": "20.8949",
        "lon": "-156.469",
        "stage_ft": 0.184,
        "stage_datetime": "2026-06-27 15:48",
        "tier": "normal",
        "action_stage": 5.66,
        "flood_stage": 6.66,
        "major_stage": 8.66,
        "url": "https://tidesandcurrents.noaa.gov/stationhome.html?id=1615680",
        "city_lat": 20.8029568,
        "city_lon": -156.3106833,
        "fetched_at": "2026-06-27T15:56:58.392950+00:00",
        "color": "#2d6a4f"
      }
    },
    {
      "type": "Feature",
      "geometry": {
        "type": "Point",
        "coordinates": [
          "-156.469",
          "20.8949"
        ]
      },
      "properties": {
        "source": "NOAA",
        "site_id": "1615680",
        "site_name": "Kahului, Kahului Harbor",
        "lat": "20.8949",
        "lon": "-156.469",
        "stage_ft": 0.184,
        "stage_datetime": "2026-06-27 15:48",
        "tier": "normal",
        "action_stage": 5.66,
        "flood_stage": 6.66,
        "major_stage": 8.66,
        "url": "https://tidesandcurrents.noaa.gov/stationhome.html?id=1615680",
        "city_lat": 20.8029568,
        "city_lon": -156.3106833,
        "fetched_at": "2026-06-27T15:56:58.392950+00:00",
        "color": "#2d6a4f"
      }
    },
    {
      "type": "Feature",
      "geometry": {
        "type": "Point",
        "coordinates": [
          "-156.469",
          "20.8949"
        ]
      },
      "properties": {
        "source": "NOAA",
        "site_id": "1615680",
        "site_name": "Kahului, Kahului Harbor",
        "lat": "20.8949",
        "lon": "-156.469",
        "stage_ft": 0.184,
        "stage_datetime": "2026-06-27 15:48",
        "tier": "normal",
        "action_stage": 5.66,
        "flood_stage": 6.66,
        "major_stage": 8.66,
        "url": "https://tidesandcurrents.noaa.gov/stationhome.html?id=1615680",
        "city_lat": 20.8029568,
        "city_lon": -156.3106833,
        "fetched_at": "2026-06-27T15:56:58.392950+00:00",
        "color": "#2d6a4f"
      }
    },
    {
      "type": "Feature",
      "geometry": {
        "type": "Point",
        "coordinates": [
          "-156.469",
          "20.8949"
        ]
      },
      "properties": {
        "source": "NOAA",
        "site_id": "1615680",
        "site_name": "Kahului, Kahului Harbor",
        "lat": "20.8949",
        "lon": "-156.469",
        "stage_ft": 0.184,
        "stage_datetime": "2026-06-27 15:48",
        "tier": "normal",
        "action_stage": 5.66,
        "flood_stage": 6.66,
        "major_stage": 8.66,
        "url": "https://tidesandcurrents.noaa.gov/stationhome.html?id=1615680",
        "city_lat": 20.8029568,
        "city_lon": -156.3106833,
        "fetched_at": "2026-06-27T15:56:58.392950+00:00",
        "color": "#2d6a4f"
      }
    },
    {
      "type": "Feature",
      "geometry": {
        "type": "Point",
        "coordinates": [
          "-156.469",
          "20.8949"
        ]
      },
      "properties": {
        "source": "NOAA",
        "site_id": "1615680",
        "site_name": "Kahului, Kahului Harbor",
        "lat": "20.8949",
        "lon": "-156.469",
        "stage_ft": 0.184,
        "stage_datetime": "2026-06-27 15:48",
        "tier": "normal",
        "action_stage": 5.66,
        "flood_stage": 6.66,
        "major_stage": 8.66,
        "url": "https://tidesandcurrents.noaa.gov/stationhome.html?id=1615680",
        "city_lat": 20.8029568,
        "city_lon": -156.3106833,
        "fetched_at": "2026-06-27T15:56:58.392950+00:00",
        "color": "#2d6a4f"
      }
    },
    {
      "type": "Feature",
      "geometry": {
        "type": "Point",
        "coordinates": [
          "-156.469",
          "20.8949"
        ]
      },
      "properties": {
        "source": "NOAA",
        "site_id": "1615680",
        "site_name": "Kahului, Kahului Harbor",
        "lat": "20.8949",
        "lon": "-156.469",
        "stage_ft": 0.184,
        "stage_datetime": "2026-06-27 15:48",
        "tier": "normal",
        "action_stage": 5.66,
        "flood_stage": 6.66,
        "major_stage": 8.66,
        "url": "https://tidesandcurrents.noaa.gov/stationhome.html?id=1615680",
        "city_lat": 20.8029568,
        "city_lon": -156.3106833,
        "fetched_at": "2026-06-27T15:56:58.392950+00:00",
        "color": "#2d6a4f"
      }
    },
    {
      "type": "Feature",
      "geometry": {
        "type": "Point",
        "coordinates": [
          "-156.469",
          "20.8949"
        ]
      },
      "properties": {
        "source": "NOAA",
        "site_id": "1615680",
        "site_name": "Kahului, Kahului Harbor",
        "lat": "20.8949",
        "lon": "-156.469",
        "stage_ft": 0.184,
        "stage_datetime": "2026-06-27 15:48",
        "tier": "normal",
        "action_stage": 5.66,
        "flood_stage": 6.66,
        "major_stage": 8.66,
        "url": "https://tidesandcurrents.noaa.gov/stationhome.html?id=1615680",
        "city_lat": 20.8029568,
        "city_lon": -156.3106833,
        "fetched_at": "2026-06-27T15:56:58.392950+00:00",
        "color": "#2d6a4f"
      }
    },
    {
      "type": "Feature",
      "geometry": {
        "type": "Point",
        "coordinates": [
          "-156.469",
          "20.8949"
        ]
      },
      "properties": {
        "source": "NOAA",
        "site_id": "1615680",
        "site_name": "Kahului, Kahului Harbor",
        "lat": "20.8949",
        "lon": "-156.469",
        "stage_ft": 0.184,
        "stage_datetime": "2026-06-27 15:48",
        "tier": "normal",
        "action_stage": 5.66,
        "flood_stage": 6.66,
        "major_stage": 8.66,
        "url": "https://tidesandcurrents.noaa.gov/stationhome.html?id=1615680",
        "city_lat": 20.8029568,
        "city_lon": -156.3106833,
        "fetched_at": "2026-06-27T15:56:58.392950+00:00",
        "color": "#2d6a4f"
      }
    },
    {
      "type": "Feature",
      "geometry": {
        "type": "Point",
        "coordinates": [
          "-156.469",
          "20.8949"
        ]
      },
      "properties": {
        "source": "NOAA",
        "site_id": "1615680",
        "site_name": "Kahului, Kahului Harbor",
        "lat": "20.8949",
        "lon": "-156.469",
        "stage_ft": 0.184,
        "stage_datetime": "2026-06-27 15:48",
        "tier": "normal",
        "action_stage": 5.66,
        "flood_stage": 6.66,
        "major_stage": 8.66,
        "url": "https://tidesandcurrents.noaa.gov/stationhome.html?id=1615680",
        "city_lat": 20.8029568,
        "city_lon": -156.3106833,
        "fetched_at": "2026-06-27T15:56:58.392950+00:00",
        "color": "#2d6a4f"
      }
    },
    {
      "type": "Feature",
      "geometry": {
        "type": "Point",
        "coordinates": [
          "-156.469",
          "20.8949"
        ]
      },
      "properties": {
        "source": "NOAA",
        "site_id": "1615680",
        "site_name": "Kahului, Kahului Harbor",
        "lat": "20.8949",
        "lon": "-156.469",
        "stage_ft": 0.184,
        "stage_datetime": "2026-06-27 15:48",
        "tier": "normal",
        "action_stage": 5.66,
        "flood_stage": 6.66,
        "major_stage": 8.66,
        "url": "https://tidesandcurrents.noaa.gov/stationhome.html?id=1615680",
        "city_lat": 20.8029568,
        "city_lon": -156.3106833,
        "fetched_at": "2026-06-27T15:56:58.392950+00:00",
        "color": "#2d6a4f"
      }
    },
    {
      "type": "Feature",
      "geometry": {
        "type": "Point",
        "coordinates": [
          "-156.469",
          "20.8949"
        ]
      },
      "properties": {
        "source": "NOAA",
        "site_id": "1615680",
        "site_name": "Kahului, Kahului Harbor",
        "lat": "20.8949",
        "lon": "-156.469",
        "stage_ft": 0.184,
        "stage_datetime": "2026-06-27 15:48",
        "tier": "normal",
        "action_stage": 5.66,
        "flood_stage": 6.66,
        "major_stage": 8.66,
        "url": "https://tidesandcurrents.noaa.gov/stationhome.html?id=1615680",
        "city_lat": 20.8029568,
        "city_lon": -156.3106833,
        "fetched_at": "2026-06-27T15:56:58.392950+00:00",
        "color": "#2d6a4f"
      }
    },
    {
      "type": "Feature",
      "geometry": {
        "type": "Point",
        "coordinates": [
          "-156.469",
          "20.8949"
        ]
      },
      "properties": {
        "source": "NOAA",
        "site_id": "1615680",
        "site_name": "Kahului, Kahului Harbor",
        "lat": "20.8949",
        "lon": "-156.469",
        "stage_ft": 0.184,
        "stage_datetime": "2026-06-27 15:48",
        "tier": "normal",
        "action_stage": 5.66,
        "flood_stage": 6.66,
        "major_stage": 8.66,
        "url": "https://tidesandcurrents.noaa.gov/stationhome.html?id=1615680",
        "city_lat": 20.8029568,
        "city_lon": -156.3106833,
        "fetched_at": "2026-06-27T15:56:58.392950+00:00",
        "color": "#2d6a4f"
      }
    },
    {
      "type": "Feature",
      "geometry": {
        "type": "Point",
        "coordinates": [
          "-156.469",
          "20.8949"
        ]
      },
      "properties": {
        "source": "NOAA",
        "site_id": "1615680",
        "site_name": "Kahului, Kahului Harbor",
        "lat": "20.8949",
        "lon": "-156.469",
        "stage_ft": 0.184,
        "stage_datetime": "2026-06-27 15:48",
        "tier": "normal",
        "action_stage": 5.66,
        "flood_stage": 6.66,
        "major_stage": 8.66,
        "url": "https://tidesandcurrents.noaa.gov/stationhome.html?id=1615680",
        "city_lat": 20.8029568,
        "city_lon": -156.3106833,
        "fetched_at": "2026-06-27T15:56:58.392950+00:00",
        "color": "#2d6a4f"
      }
    },
    {
      "type": "Feature",
      "geometry": {
        "type": "Point",
        "coordinates": [
          "-156.469",
          "20.8949"
        ]
      },
      "properties": {
        "source": "NOAA",
        "site_id": "1615680",
        "site_name": "Kahului, Kahului Harbor",
        "lat": "20.8949",
        "lon": "-156.469",
        "stage_ft": 0.184,
        "stage_datetime": "2026-06-27 15:48",
        "tier": "normal",
        "action_stage": 5.66,
        "flood_stage": 6.66,
        "major_stage": 8.66,
        "url": "https://tidesandcurrents.noaa.gov/stationhome.html?id=1615680",
        "city_lat": 20.8029568,
        "city_lon": -156.3106833,
        "fetched_at": "2026-06-27T15:56:58.392950+00:00",
        "color": "#2d6a4f"
      }
    },
    {
      "type": "Feature",
      "geometry": {
        "type": "Point",
        "coordinates": [
          "-156.469",
          "20.8949"
        ]
      },
      "properties": {
        "source": "NOAA",
        "site_id": "1615680",
        "site_name": "Kahului, Kahului Harbor",
        "lat": "20.8949",
        "lon": "-156.469",
        "stage_ft": 0.184,
        "stage_datetime": "2026-06-27 15:48",
        "tier": "normal",
        "action_stage": 5.66,
        "flood_stage": 6.66,
        "major_stage": 8.66,
        "url": "https://tidesandcurrents.noaa.gov/stationhome.html?id=1615680",
        "city_lat": 20.8029568,
        "city_lon": -156.3106833,
        "fetched_at": "2026-06-27T15:56:58.392950+00:00",
        "color": "#2d6a4f"
      }
    },
    {
      "type": "Feature",
      "geometry": {
        "type": "Point",
        "coordinates": [
          "-156.469",
          "20.8949"
        ]
      },
      "properties": {
        "source": "NOAA",
        "site_id": "1615680",
        "site_name": "Kahului, Kahului Harbor",
        "lat": "20.8949",
        "lon": "-156.469",
        "stage_ft": 0.184,
        "stage_datetime": "2026-06-27 15:48",
        "tier": "normal",
        "action_stage": 5.66,
        "flood_stage": 6.66,
        "major_stage": 8.66,
        "url": "https://tidesandcurrents.noaa.gov/stationhome.html?id=1615680",
        "city_lat": 20.8029568,
        "city_lon": -156.3106833,
        "fetched_at": "2026-06-27T15:56:58.392950+00:00",
        "color": "#2d6a4f"
      }
    },
    {
      "type": "Feature",
      "geometry": {
        "type": "Point",
        "coordinates": [
          "-156.469",
          "20.8949"
        ]
      },
      "properties": {
        "source": "NOAA",
        "site_id": "1615680",
        "site_name": "Kahului, Kahului Harbor",
        "lat": "20.8949",
        "lon": "-156.469",
        "stage_ft": 0.184,
        "stage_datetime": "2026-06-27 15:48",
        "tier": "normal",
        "action_stage": 5.66,
        "flood_stage": 6.66,
        "major_stage": 8.66,
        "url": "https://tidesandcurrents.noaa.gov/stationhome.html?id=1615680",
        "city_lat": 20.8029568,
        "city_lon": -156.3106833,
        "fetched_at": "2026-06-27T15:56:58.392950+00:00",
        "color": "#2d6a4f"
      }
    },
    {
      "type": "Feature",
      "geometry": {
        "type": "Point",
        "coordinates": [
          "-156.469",
          "20.8949"
        ]
      },
      "properties": {
        "source": "NOAA",
        "site_id": "1615680",
        "site_name": "Kahului, Kahului Harbor",
        "lat": "20.8949",
        "lon": "-156.469",
        "stage_ft": 0.184,
        "stage_datetime": "2026-06-27 15:48",
        "tier": "normal",
        "action_stage": 5.66,
        "flood_stage": 6.66,
        "major_stage": 8.66,
        "url": "https://tidesandcurrents.noaa.gov/stationhome.html?id=1615680",
        "city_lat": 20.8029568,
        "city_lon": -156.3106833,
        "fetched_at": "2026-06-27T15:56:58.392950+00:00",
        "color": "#2d6a4f"
      }
    },
    {
      "type": "Feature",
      "geometry": {
        "type": "Point",
        "coordinates": [
          "-156.469",
          "20.8949"
        ]
      },
      "properties": {
        "source": "NOAA",
        "site_id": "1615680",
        "site_name": "Kahului, Kahului Harbor",
        "lat": "20.8949",
        "lon": "-156.469",
        "stage_ft": 0.184,
        "stage_datetime": "2026-06-27 15:48",
        "tier": "normal",
        "action_stage": 5.66,
        "flood_stage": 6.66,
        "major_stage": 8.66,
        "url": "https://tidesandcurrents.noaa.gov/stationhome.html?id=1615680",
        "city_lat": 20.8029568,
        "city_lon": -156.3106833,
        "fetched_at": "2026-06-27T15:56:58.392950+00:00",
        "color": "#2d6a4f"
      }
    },
    {
      "type": "Feature",
      "geometry": {
        "type": "Point",
        "coordinates": [
          "-156.469",
          "20.8949"
        ]
      },
      "properties": {
        "source": "NOAA",
        "site_id": "1615680",
        "site_name": "Kahului, Kahului Harbor",
        "lat": "20.8949",
        "lon": "-156.469",
        "stage_ft": 0.184,
        "stage_datetime": "2026-06-27 15:48",
        "tier": "normal",
        "action_stage": 5.66,
        "flood_stage": 6.66,
        "major_stage": 8.66,
        "url": "https://tidesandcurrents.noaa.gov/stationhome.html?id=1615680",
        "city_lat": 20.8029568,
        "city_lon": -156.3106833,
        "fetched_at": "2026-06-27T15:56:58.392950+00:00",
        "color": "#2d6a4f"
      }
    },
    {
      "type": "Feature",
      "geometry": {
        "type": "Point",
        "coordinates": [
          "-156.469",
          "20.8949"
        ]
      },
      "properties": {
        "source": "NOAA",
        "site_id": "1615680",
        "site_name": "Kahului, Kahului Harbor",
        "lat": "20.8949",
        "lon": "-156.469",
        "stage_ft": 0.184,
        "stage_datetime": "2026-06-27 15:48",
        "tier": "normal",
        "action_stage": 5.66,
        "flood_stage": 6.66,
        "major_stage": 8.66,
        "url": "https://tidesandcurrents.noaa.gov/stationhome.html?id=1615680",
        "city_lat": 20.8029568,
        "city_lon": -156.3106833,
        "fetched_at": "2026-06-27T15:56:58.392950+00:00",
        "color": "#2d6a4f"
      }
    },
    {
      "type": "Feature",
      "geometry": {
        "type": "Point",
        "coordinates": [
          "-156.469",
          "20.8949"
        ]
      },
      "properties": {
        "source": "NOAA",
        "site_id": "1615680",
        "site_name": "Kahului, Kahului Harbor",
        "lat": "20.8949",
        "lon": "-156.469",
        "stage_ft": 0.184,
        "stage_datetime": "2026-06-27 15:48",
        "tier": "normal",
        "action_stage": 5.66,
        "flood_stage": 6.66,
        "major_stage": 8.66,
        "url": "https://tidesandcurrents.noaa.gov/stationhome.html?id=1615680",
        "city_lat": 20.8029568,
        "city_lon": -156.3106833,
        "fetched_at": "2026-06-27T15:56:58.392950+00:00",
        "color": "#2d6a4f"
      }
    },
    {
      "type": "Feature",
      "geometry": {
        "type": "Point",
        "coordinates": [
          "-156.469",
          "20.8949"
        ]
      },
      "properties": {
        "source": "NOAA",
        "site_id": "1615680",
        "site_name": "Kahului, Kahului Harbor",
        "lat": "20.8949",
        "lon": "-156.469",
        "stage_ft": 0.184,
        "stage_datetime": "2026-06-27 15:48",
        "tier": "normal",
        "action_stage": 5.66,
        "flood_stage": 6.66,
        "major_stage": 8.66,
        "url": "https://tidesandcurrents.noaa.gov/stationhome.html?id=1615680",
        "city_lat": 20.8029568,
        "city_lon": -156.3106833,
        "fetched_at": "2026-06-27T15:56:58.392950+00:00",
        "color": "#2d6a4f"
      }
    },
    {
      "type": "Feature",
      "geometry": {
        "type": "Point",
        "coordinates": [
          "-118.5",
          "34.0083"
        ]
      },
      "properties": {
        "source": "NOAA",
        "site_id": "9410840",
        "site_name": "Santa Monica",
        "lat": "34.0083",
        "lon": "-118.5",
        "stage_ft": 3.55,
        "stage_datetime": "2026-06-27 15:42",
        "tier": "normal",
        "action_stage": 8.87,
        "flood_stage": 9.87,
        "major_stage": 11.87,
        "url": "https://tidesandcurrents.noaa.gov/stationhome.html?id=9410840",
        "city_lat": 34.3155072,
        "city_lon": -118.209681,
        "fetched_at": "2026-06-27T15:56:58.392950+00:00",
        "color": "#2d6a4f"
      }
    },
    {
      "type": "Feature",
      "geometry": {
        "type": "Point",
        "coordinates": [
          "-71.0503",
          "42.3539"
        ]
      },
      "properties": {
        "source": "NOAA",
        "site_id": "8443970",
        "site_name": "Boston",
        "lat": "42.3539",
        "lon": "-71.0503",
        "stage_ft": 8.316,
        "stage_datetime": "2026-06-27 15:54",
        "tier": "normal",
        "action_stage": 14.8,
        "flood_stage": 15.8,
        "major_stage": 17.8,
        "url": "https://tidesandcurrents.noaa.gov/stationhome.html?id=8443970",
        "city_lat": 42.3788774,
        "city_lon": -72.032366,
        "fetched_at": "2026-06-27T15:56:58.392950+00:00",
        "color": "#2d6a4f"
      }
    },
    {
      "type": "Feature",
      "geometry": {
        "type": "Point",
        "coordinates": [
          "-122.6958",
          "45.6312"
        ]
      },
      "properties": {
        "source": "NOAA",
        "site_id": "9440083",
        "site_name": "Vancouver",
        "lat": "45.6312",
        "lon": "-122.6958",
        "stage_ft": 2.27,
        "stage_datetime": "2026-06-27 15:48",
        "tier": "normal",
        "action_stage": 5.83,
        "flood_stage": 6.83,
        "major_stage": 8.83,
        "url": "https://tidesandcurrents.noaa.gov/stationhome.html?id=9440083",
        "city_lat": 45.1608821,
        "city_lon": -122.2305038,
        "fetched_at": "2026-06-27T15:56:58.392950+00:00",
        "color": "#2d6a4f"
      }
    },
    {
      "type": "Feature",
      "geometry": {
        "type": "Point",
        "coordinates": [
          "-122.6958",
          "45.6312"
        ]
      },
      "properties": {
        "source": "NOAA",
        "site_id": "9440083",
        "site_name": "Vancouver",
        "lat": "45.6312",
        "lon": "-122.6958",
        "stage_ft": 2.27,
        "stage_datetime": "2026-06-27 15:48",
        "tier": "normal",
        "action_stage": 5.83,
        "flood_stage": 6.83,
        "major_stage": 8.83,
        "url": "https://tidesandcurrents.noaa.gov/stationhome.html?id=9440083",
        "city_lat": 45.0362527,
        "city_lon": -123.0010734,
        "fetched_at": "2026-06-27T15:56:58.392950+00:00",
        "color": "#2d6a4f"
      }
    },
    {
      "type": "Feature",
      "geometry": {
        "type": "Point",
        "coordinates": [
          "-122.6958",
          "45.6312"
        ]
      },
      "properties": {
        "source": "NOAA",
        "site_id": "9440083",
        "site_name": "Vancouver",
        "lat": "45.6312",
        "lon": "-122.6958",
        "stage_ft": 2.27,
        "stage_datetime": "2026-06-27 15:48",
        "tier": "normal",
        "action_stage": 5.83,
        "flood_stage": 6.83,
        "major_stage": 8.83,
        "url": "https://tidesandcurrents.noaa.gov/stationhome.html?id=9440083",
        "city_lat": 43.9792797,
        "city_lon": -120.737257,
        "fetched_at": "2026-06-27T15:56:58.392950+00:00",
        "color": "#2d6a4f"
      }
    },
    {
      "type": "Feature",
      "geometry": {
        "type": "Point",
        "coordinates": [
          "-95.2658",
          "29.7263"
        ]
      },
      "properties": {
        "source": "NOAA",
        "site_id": "8770777",
        "site_name": "Manchester",
        "lat": "29.7263",
        "lon": "-95.2658",
        "stage_ft": 1.943,
        "stage_datetime": "2026-06-27 15:48",
        "tier": "normal",
        "action_stage": 8.14,
        "flood_stage": 9.14,
        "major_stage": 11.14,
        "url": "https://tidesandcurrents.noaa.gov/stationhome.html?id=8770777",
        "city_lat": 31.6429346,
        "city_lon": -97.9715967,
        "fetched_at": "2026-06-27T15:56:58.392950+00:00",
        "color": "#2d6a4f"
      }
    },
    {
      "type": "Feature",
      "geometry": {
        "type": "Point",
        "coordinates": [
          "-96.6098",
          "28.6406"
        ]
      },
      "properties": {
        "source": "NOAA",
        "site_id": "8773259",
        "site_name": "Port Lavaca",
        "lat": "28.6406",
        "lon": "-96.6098",
        "stage_ft": 1.302,
        "stage_datetime": "2026-06-27 15:48",
        "tier": "normal",
        "action_stage": 4.9,
        "flood_stage": 5.9,
        "major_stage": 7.9,
        "url": "https://tidesandcurrents.noaa.gov/stationhome.html?id=8773259",
        "city_lat": 30.0492491,
        "city_lon": -99.1496489,
        "fetched_at": "2026-06-27T15:56:58.392950+00:00",
        "color": "#2d6a4f"
      }
    },
    {
      "type": "Feature",
      "geometry": {
        "type": "Point",
        "coordinates": [
          "-95.2658",
          "29.7263"
        ]
      },
      "properties": {
        "source": "NOAA",
        "site_id": "8770777",
        "site_name": "Manchester",
        "lat": "29.7263",
        "lon": "-95.2658",
        "stage_ft": 1.943,
        "stage_datetime": "2026-06-27 15:48",
        "tier": "normal",
        "action_stage": 8.14,
        "flood_stage": 9.14,
        "major_stage": 11.14,
        "url": "https://tidesandcurrents.noaa.gov/stationhome.html?id=8770777",
        "city_lat": 30.6108618,
        "city_lon": -96.3520606,
        "fetched_at": "2026-06-27T15:56:58.392950+00:00",
        "color": "#2d6a4f"
      }
    },
    {
      "type": "Feature",
      "geometry": {
        "type": "Point",
        "coordinates": [
          "-118.5",
          "34.0083"
        ]
      },
      "properties": {
        "source": "NOAA",
        "site_id": "9410840",
        "site_name": "Santa Monica",
        "lat": "34.0083",
        "lon": "-118.5",
        "stage_ft": 3.55,
        "stage_datetime": "2026-06-27 15:42",
        "tier": "normal",
        "action_stage": 8.87,
        "flood_stage": 9.87,
        "major_stage": 11.87,
        "url": "https://tidesandcurrents.noaa.gov/stationhome.html?id=9410840",
        "city_lat": 34.3155072,
        "city_lon": -118.209681,
        "fetched_at": "2026-06-27T15:56:58.392950+00:00",
        "color": "#2d6a4f"
      }
    },
    {
      "type": "Feature",
      "geometry": {
        "type": "Point",
        "coordinates": [
          "-118.5",
          "34.0083"
        ]
      },
      "properties": {
        "source": "NOAA",
        "site_id": "9410840",
        "site_name": "Santa Monica",
        "lat": "34.0083",
        "lon": "-118.5",
        "stage_ft": 3.55,
        "stage_datetime": "2026-06-27 15:42",
        "tier": "normal",
        "action_stage": 8.87,
        "flood_stage": 9.87,
        "major_stage": 11.87,
        "url": "https://tidesandcurrents.noaa.gov/stationhome.html?id=9410840",
        "city_lat": 34.3155072,
        "city_lon": -118.209681,
        "fetched_at": "2026-06-27T15:56:58.392950+00:00",
        "color": "#2d6a4f"
      }
    },
    {
      "type": "Feature",
      "geometry": {
        "type": "Point",
        "coordinates": [
          "-95.2658",
          "29.7263"
        ]
      },
      "properties": {
        "source": "NOAA",
        "site_id": "8770777",
        "site_name": "Manchester",
        "lat": "29.7263",
        "lon": "-95.2658",
        "stage_ft": 1.943,
        "stage_datetime": "2026-06-27 15:48",
        "tier": "normal",
        "action_stage": 8.14,
        "flood_stage": 9.14,
        "major_stage": 11.14,
        "url": "https://tidesandcurrents.noaa.gov/stationhome.html?id=8770777",
        "city_lat": 38.4651663,
        "city_lon": -100.4776682,
        "fetched_at": "2026-06-27T15:56:58.392950+00:00",
        "color": "#2d6a4f"
      }
    },
    {
      "type": "Feature",
      "geometry": {
        "type": "Point",
        "coordinates": [
          "-118.5",
          "34.0083"
        ]
      },
      "properties": {
        "source": "NOAA",
        "site_id": "9410840",
        "site_name": "Santa Monica",
        "lat": "34.0083",
        "lon": "-118.5",
        "stage_ft": 3.55,
        "stage_datetime": "2026-06-27 15:42",
        "tier": "normal",
        "action_stage": 8.87,
        "flood_stage": 9.87,
        "major_stage": 11.87,
        "url": "https://tidesandcurrents.noaa.gov/stationhome.html?id=9410840",
        "city_lat": 34.0536909,
        "city_lon": -118.242766,
        "fetched_at": "2026-06-27T15:56:58.392950+00:00",
        "color": "#2d6a4f"
      }
    },
    {
      "type": "Feature",
      "geometry": {
        "type": "Point",
        "coordinates": [
          "-155.0556",
          "19.7303"
        ]
      },
      "properties": {
        "source": "NOAA",
        "site_id": "1617760",
        "site_name": "Hilo, Hilo Bay, Kuhio Bay",
        "lat": "19.7303",
        "lon": "-155.0556",
        "stage_ft": 0.492,
        "stage_datetime": "2026-06-27 15:48",
        "tier": "normal",
        "action_stage": 7.32,
        "flood_stage": 8.32,
        "major_stage": 10.32,
        "url": "https://tidesandcurrents.noaa.gov/stationhome.html?id=1617760",
        "city_lat": 19.5895548,
        "city_lon": -155.4486983,
        "fetched_at": "2026-06-27T15:56:58.392950+00:00",
        "color": "#2d6a4f"
      }
    },
    {
      "type": "Feature",
      "geometry": {
        "type": "Point",
        "coordinates": [
          "-118.5",
          "34.0083"
        ]
      },
      "properties": {
        "source": "NOAA",
        "site_id": "9410840",
        "site_name": "Santa Monica",
        "lat": "34.0083",
        "lon": "-118.5",
        "stage_ft": 3.55,
        "stage_datetime": "2026-06-27 15:42",
        "tier": "normal",
        "action_stage": 8.87,
        "flood_stage": 9.87,
        "major_stage": 11.87,
        "url": "https://tidesandcurrents.noaa.gov/stationhome.html?id=9410840",
        "city_lat": 34.0242519,
        "city_lon": -118.2508646,
        "fetched_at": "2026-06-27T15:56:58.392950+00:00",
        "color": "#2d6a4f"
      }
    },
    {
      "type": "Feature",
      "geometry": {
        "type": "Point",
        "coordinates": [
          "-155.0556",
          "19.7303"
        ]
      },
      "properties": {
        "source": "NOAA",
        "site_id": "1617760",
        "site_name": "Hilo, Hilo Bay, Kuhio Bay",
        "lat": "19.7303",
        "lon": "-155.0556",
        "stage_ft": 0.492,
        "stage_datetime": "2026-06-27 15:48",
        "tier": "normal",
        "action_stage": 7.32,
        "flood_stage": 8.32,
        "major_stage": 10.32,
        "url": "https://tidesandcurrents.noaa.gov/stationhome.html?id=1617760",
        "city_lat": 19.5938015,
        "city_lon": -155.4283701,
        "fetched_at": "2026-06-27T15:56:58.392950+00:00",
        "color": "#2d6a4f"
      }
    },
    {
      "type": "Feature",
      "geometry": {
        "type": "Point",
        "coordinates": [
          "-155.0556",
          "19.7303"
        ]
      },
      "properties": {
        "source": "NOAA",
        "site_id": "1617760",
        "site_name": "Hilo, Hilo Bay, Kuhio Bay",
        "lat": "19.7303",
        "lon": "-155.0556",
        "stage_ft": 0.492,
        "stage_datetime": "2026-06-27 15:48",
        "tier": "normal",
        "action_stage": 7.32,
        "flood_stage": 8.32,
        "major_stage": 10.32,
        "url": "https://tidesandcurrents.noaa.gov/stationhome.html?id=1617760",
        "city_lat": 19.5938015,
        "city_lon": -155.4283701,
        "fetched_at": "2026-06-27T15:56:58.392950+00:00",
        "color": "#2d6a4f"
      }
    },
    {
      "type": "Feature",
      "geometry": {
        "type": "Point",
        "coordinates": [
          "-96.6098",
          "28.6406"
        ]
      },
      "properties": {
        "source": "NOAA",
        "site_id": "8773259",
        "site_name": "Port Lavaca",
        "lat": "28.6406",
        "lon": "-96.6098",
        "stage_ft": 1.302,
        "stage_datetime": "2026-06-27 15:48",
        "tier": "normal",
        "action_stage": 4.9,
        "flood_stage": 5.9,
        "major_stage": 7.9,
        "url": "https://tidesandcurrents.noaa.gov/stationhome.html?id=8773259",
        "city_lat": 33.1665316,
        "city_lon": -100.7846477,
        "fetched_at": "2026-06-27T15:56:58.392950+00:00",
        "color": "#2d6a4f"
      }
    },
    {
      "type": "Feature",
      "geometry": {
        "type": "Point",
        "coordinates": [
          "-155.0556",
          "19.7303"
        ]
      },
      "properties": {
        "source": "NOAA",
        "site_id": "1617760",
        "site_name": "Hilo, Hilo Bay, Kuhio Bay",
        "lat": "19.7303",
        "lon": "-155.0556",
        "stage_ft": 0.492,
        "stage_datetime": "2026-06-27 15:48",
        "tier": "normal",
        "action_stage": 7.32,
        "flood_stage": 8.32,
        "major_stage": 10.32,
        "url": "https://tidesandcurrents.noaa.gov/stationhome.html?id=1617760",
        "city_lat": 19.5938015,
        "city_lon": -155.4283701,
        "fetched_at": "2026-06-27T15:56:58.392950+00:00",
        "color": "#2d6a4f"
      }
    },
    {
      "type": "Feature",
      "geometry": {
        "type": "Point",
        "coordinates": [
          "-155.0556",
          "19.7303"
        ]
      },
      "properties": {
        "source": "NOAA",
        "site_id": "1617760",
        "site_name": "Hilo, Hilo Bay, Kuhio Bay",
        "lat": "19.7303",
        "lon": "-155.0556",
        "stage_ft": 0.492,
        "stage_datetime": "2026-06-27 15:48",
        "tier": "normal",
        "action_stage": 7.32,
        "flood_stage": 8.32,
        "major_stage": 10.32,
        "url": "https://tidesandcurrents.noaa.gov/stationhome.html?id=1617760",
        "city_lat": 19.5938015,
        "city_lon": -155.4283701,
        "fetched_at": "2026-06-27T15:56:58.392950+00:00",
        "color": "#2d6a4f"
      }
    },
    {
      "type": "Feature",
      "geometry": {
        "type": "Point",
        "coordinates": [
          "-156.469",
          "20.8949"
        ]
      },
      "properties": {
        "source": "NOAA",
        "site_id": "1615680",
        "site_name": "Kahului, Kahului Harbor",
        "lat": "20.8949",
        "lon": "-156.469",
        "stage_ft": 0.184,
        "stage_datetime": "2026-06-27 15:48",
        "tier": "normal",
        "action_stage": 5.66,
        "flood_stage": 6.66,
        "major_stage": 8.66,
        "url": "https://tidesandcurrents.noaa.gov/stationhome.html?id=1615680",
        "city_lat": 20.7580586,
        "city_lon": -156.3105232,
        "fetched_at": "2026-06-27T15:56:58.392950+00:00",
        "color": "#2d6a4f"
      }
    },
    {
      "type": "Feature",
      "geometry": {
        "type": "Point",
        "coordinates": [
          "-156.469",
          "20.8949"
        ]
      },
      "properties": {
        "source": "NOAA",
        "site_id": "1615680",
        "site_name": "Kahului, Kahului Harbor",
        "lat": "20.8949",
        "lon": "-156.469",
        "stage_ft": 0.184,
        "stage_datetime": "2026-06-27 15:48",
        "tier": "normal",
        "action_stage": 5.66,
        "flood_stage": 6.66,
        "major_stage": 8.66,
        "url": "https://tidesandcurrents.noaa.gov/stationhome.html?id=1615680",
        "city_lat": 20.8029568,
        "city_lon": -156.3106833,
        "fetched_at": "2026-06-27T15:56:58.392950+00:00",
        "color": "#2d6a4f"
      }
    },
    {
      "type": "Feature",
      "geometry": {
        "type": "Point",
        "coordinates": [
          "-122.3393",
          "47.6026"
        ]
      },
      "properties": {
        "source": "NOAA",
        "site_id": "9447130",
        "site_name": "Seattle",
        "lat": "47.6026",
        "lon": "-122.3393",
        "stage_ft": 0.612,
        "stage_datetime": "2026-06-27 15:48",
        "tier": "normal",
        "action_stage": 20.3,
        "flood_stage": 21.3,
        "major_stage": 23.3,
        "url": "https://tidesandcurrents.noaa.gov/stationhome.html?id=9447130",
        "city_lat": 47.8012197,
        "city_lon": -120.6276904,
        "fetched_at": "2026-06-27T15:56:58.392950+00:00",
        "color": "#2d6a4f"
      }
    },
    {
      "type": "Feature",
      "geometry": {
        "type": "Point",
        "coordinates": [
          "-155.0556",
          "19.7303"
        ]
      },
      "properties": {
        "source": "NOAA",
        "site_id": "1617760",
        "site_name": "Hilo, Hilo Bay, Kuhio Bay",
        "lat": "19.7303",
        "lon": "-155.0556",
        "stage_ft": 0.492,
        "stage_datetime": "2026-06-27 15:48",
        "tier": "normal",
        "action_stage": 7.32,
        "flood_stage": 8.32,
        "major_stage": 10.32,
        "url": "https://tidesandcurrents.noaa.gov/stationhome.html?id=1617760",
        "city_lat": 19.5938015,
        "city_lon": -155.4283701,
        "fetched_at": "2026-06-27T15:56:58.392950+00:00",
        "color": "#2d6a4f"
      }
    },
    {
      "type": "Feature",
      "geometry": {
        "type": "Point",
        "coordinates": [
          "-155.0556",
          "19.7303"
        ]
      },
      "properties": {
        "source": "NOAA",
        "site_id": "1617760",
        "site_name": "Hilo, Hilo Bay, Kuhio Bay",
        "lat": "19.7303",
        "lon": "-155.0556",
        "stage_ft": 0.492,
        "stage_datetime": "2026-06-27 15:48",
        "tier": "normal",
        "action_stage": 7.32,
        "flood_stage": 8.32,
        "major_stage": 10.32,
        "url": "https://tidesandcurrents.noaa.gov/stationhome.html?id=1617760",
        "city_lat": 19.5938015,
        "city_lon": -155.4283701,
        "fetched_at": "2026-06-27T15:56:58.392950+00:00",
        "color": "#2d6a4f"
      }
    },
    {
      "type": "Feature",
      "geometry": {
        "type": "Point",
        "coordinates": [
          "-155.0556",
          "19.7303"
        ]
      },
      "properties": {
        "source": "NOAA",
        "site_id": "1617760",
        "site_name": "Hilo, Hilo Bay, Kuhio Bay",
        "lat": "19.7303",
        "lon": "-155.0556",
        "stage_ft": 0.492,
        "stage_datetime": "2026-06-27 15:48",
        "tier": "normal",
        "action_stage": 7.32,
        "flood_stage": 8.32,
        "major_stage": 10.32,
        "url": "https://tidesandcurrents.noaa.gov/stationhome.html?id=1617760",
        "city_lat": 19.5938015,
        "city_lon": -155.4283701,
        "fetched_at": "2026-06-27T15:56:58.392950+00:00",
        "color": "#2d6a4f"
      }
    },
    {
      "type": "Feature",
      "geometry": {
        "type": "Point",
        "coordinates": [
          "-156.469",
          "20.8949"
        ]
      },
      "properties": {
        "source": "NOAA",
        "site_id": "1615680",
        "site_name": "Kahului, Kahului Harbor",
        "lat": "20.8949",
        "lon": "-156.469",
        "stage_ft": 0.184,
        "stage_datetime": "2026-06-27 15:48",
        "tier": "normal",
        "action_stage": 5.66,
        "flood_stage": 6.66,
        "major_stage": 8.66,
        "url": "https://tidesandcurrents.noaa.gov/stationhome.html?id=1615680",
        "city_lat": 20.7580586,
        "city_lon": -156.3105232,
        "fetched_at": "2026-06-27T15:56:58.392950+00:00",
        "color": "#2d6a4f"
      }
    },
    {
      "type": "Feature",
      "geometry": {
        "type": "Point",
        "coordinates": [
          "-156.469",
          "20.8949"
        ]
      },
      "properties": {
        "source": "NOAA",
        "site_id": "1615680",
        "site_name": "Kahului, Kahului Harbor",
        "lat": "20.8949",
        "lon": "-156.469",
        "stage_ft": 0.184,
        "stage_datetime": "2026-06-27 15:48",
        "tier": "normal",
        "action_stage": 5.66,
        "flood_stage": 6.66,
        "major_stage": 8.66,
        "url": "https://tidesandcurrents.noaa.gov/stationhome.html?id=1615680",
        "city_lat": 20.8029568,
        "city_lon": -156.3106833,
        "fetched_at": "2026-06-27T15:56:58.392950+00:00",
        "color": "#2d6a4f"
      }
    },
    {
      "type": "Feature",
      "geometry": {
        "type": "Point",
        "coordinates": [
          "-155.0556",
          "19.7303"
        ]
      },
      "properties": {
        "source": "NOAA",
        "site_id": "1617760",
        "site_name": "Hilo, Hilo Bay, Kuhio Bay",
        "lat": "19.7303",
        "lon": "-155.0556",
        "stage_ft": 0.492,
        "stage_datetime": "2026-06-27 15:48",
        "tier": "normal",
        "action_stage": 7.32,
        "flood_stage": 8.32,
        "major_stage": 10.32,
        "url": "https://tidesandcurrents.noaa.gov/stationhome.html?id=1617760",
        "city_lat": 19.5938015,
        "city_lon": -155.4283701,
        "fetched_at": "2026-06-27T15:56:58.392950+00:00",
        "color": "#2d6a4f"
      }
    },
    {
      "type": "Feature",
      "geometry": {
        "type": "Point",
        "coordinates": [
          "-155.0556",
          "19.7303"
        ]
      },
      "properties": {
        "source": "NOAA",
        "site_id": "1617760",
        "site_name": "Hilo, Hilo Bay, Kuhio Bay",
        "lat": "19.7303",
        "lon": "-155.0556",
        "stage_ft": 0.492,
        "stage_datetime": "2026-06-27 15:48",
        "tier": "normal",
        "action_stage": 7.32,
        "flood_stage": 8.32,
        "major_stage": 10.32,
        "url": "https://tidesandcurrents.noaa.gov/stationhome.html?id=1617760",
        "city_lat": 19.5938015,
        "city_lon": -155.4283701,
        "fetched_at": "2026-06-27T15:56:58.392950+00:00",
        "color": "#2d6a4f"
      }
    },
    {
      "type": "Feature",
      "geometry": {
        "type": "Point",
        "coordinates": [
          "-155.0556",
          "19.7303"
        ]
      },
      "properties": {
        "source": "NOAA",
        "site_id": "1617760",
        "site_name": "Hilo, Hilo Bay, Kuhio Bay",
        "lat": "19.7303",
        "lon": "-155.0556",
        "stage_ft": 0.492,
        "stage_datetime": "2026-06-27 15:48",
        "tier": "normal",
        "action_stage": 7.32,
        "flood_stage": 8.32,
        "major_stage": 10.32,
        "url": "https://tidesandcurrents.noaa.gov/stationhome.html?id=1617760",
        "city_lat": 19.5938015,
        "city_lon": -155.4283701,
        "fetched_at": "2026-06-27T15:56:58.392950+00:00",
        "color": "#2d6a4f"
      }
    },
    {
      "type": "Feature",
      "geometry": {
        "type": "Point",
        "coordinates": [
          "-97.5207",
          "27.8461"
        ]
      },
      "properties": {
        "source": "NOAA",
        "site_id": "8775222",
        "site_name": "Viola Turning Basin",
        "lat": "27.8461",
        "lon": "-97.5207",
        "stage_ft": 0.922,
        "stage_datetime": "2026-06-27 15:48",
        "tier": "normal",
        "action_stage": 28.69,
        "flood_stage": 29.69,
        "major_stage": 31.69,
        "url": "https://tidesandcurrents.noaa.gov/stationhome.html?id=8775222",
        "city_lat": 29.4246002,
        "city_lon": -98.4951405,
        "fetched_at": "2026-06-27T15:56:58.392950+00:00",
        "color": "#2d6a4f"
      }
    },
    {
      "type": "Feature",
      "geometry": {
        "type": "Point",
        "coordinates": [
          "-96.6098",
          "28.6406"
        ]
      },
      "properties": {
        "source": "NOAA",
        "site_id": "8773259",
        "site_name": "Port Lavaca",
        "lat": "28.6406",
        "lon": "-96.6098",
        "stage_ft": 1.302,
        "stage_datetime": "2026-06-27 15:48",
        "tier": "normal",
        "action_stage": 4.9,
        "flood_stage": 5.9,
        "major_stage": 7.9,
        "url": "https://tidesandcurrents.noaa.gov/stationhome.html?id=8773259",
        "city_lat": 31.2638905,
        "city_lon": -98.5456116,
        "fetched_at": "2026-06-27T15:56:58.392950+00:00",
        "color": "#2d6a4f"
      }
    },
    {
      "type": "Feature",
      "geometry": {
        "type": "Point",
        "coordinates": [
          "-155.0556",
          "19.7303"
        ]
      },
      "properties": {
        "source": "NOAA",
        "site_id": "1617760",
        "site_name": "Hilo, Hilo Bay, Kuhio Bay",
        "lat": "19.7303",
        "lon": "-155.0556",
        "stage_ft": 0.492,
        "stage_datetime": "2026-06-27 15:48",
        "tier": "normal",
        "action_stage": 7.32,
        "flood_stage": 8.32,
        "major_stage": 10.32,
        "url": "https://tidesandcurrents.noaa.gov/stationhome.html?id=1617760",
        "city_lat": 19.5938015,
        "city_lon": -155.4283701,
        "fetched_at": "2026-06-27T15:56:58.392950+00:00",
        "color": "#2d6a4f"
      }
    },
    {
      "type": "Feature",
      "geometry": {
        "type": "Point",
        "coordinates": [
          "-155.0556",
          "19.7303"
        ]
      },
      "properties": {
        "source": "NOAA",
        "site_id": "1617760",
        "site_name": "Hilo, Hilo Bay, Kuhio Bay",
        "lat": "19.7303",
        "lon": "-155.0556",
        "stage_ft": 0.492,
        "stage_datetime": "2026-06-27 15:48",
        "tier": "normal",
        "action_stage": 7.32,
        "flood_stage": 8.32,
        "major_stage": 10.32,
        "url": "https://tidesandcurrents.noaa.gov/stationhome.html?id=1617760",
        "city_lat": 19.5938015,
        "city_lon": -155.4283701,
        "fetched_at": "2026-06-27T15:56:58.392950+00:00",
        "color": "#2d6a4f"
      }
    },
    {
      "type": "Feature",
      "geometry": {
        "type": "Point",
        "coordinates": [
          "-155.0556",
          "19.7303"
        ]
      },
      "properties": {
        "source": "NOAA",
        "site_id": "1617760",
        "site_name": "Hilo, Hilo Bay, Kuhio Bay",
        "lat": "19.7303",
        "lon": "-155.0556",
        "stage_ft": 0.492,
        "stage_datetime": "2026-06-27 15:48",
        "tier": "normal",
        "action_stage": 7.32,
        "flood_stage": 8.32,
        "major_stage": 10.32,
        "url": "https://tidesandcurrents.noaa.gov/stationhome.html?id=1617760",
        "city_lat": 19.5938015,
        "city_lon": -155.4283701,
        "fetched_at": "2026-06-27T15:56:58.392950+00:00",
        "color": "#2d6a4f"
      }
    },
    {
      "type": "Feature",
      "geometry": {
        "type": "Point",
        "coordinates": [
          "-155.0556",
          "19.7303"
        ]
      },
      "properties": {
        "source": "NOAA",
        "site_id": "1617760",
        "site_name": "Hilo, Hilo Bay, Kuhio Bay",
        "lat": "19.7303",
        "lon": "-155.0556",
        "stage_ft": 0.492,
        "stage_datetime": "2026-06-27 15:48",
        "tier": "normal",
        "action_stage": 7.32,
        "flood_stage": 8.32,
        "major_stage": 10.32,
        "url": "https://tidesandcurrents.noaa.gov/stationhome.html?id=1617760",
        "city_lat": 19.5938015,
        "city_lon": -155.4283701,
        "fetched_at": "2026-06-27T15:56:58.392950+00:00",
        "color": "#2d6a4f"
      }
    },
    {
      "type": "Feature",
      "geometry": {
        "type": "Point",
        "coordinates": [
          "-155.0556",
          "19.7303"
        ]
      },
      "properties": {
        "source": "NOAA",
        "site_id": "1617760",
        "site_name": "Hilo, Hilo Bay, Kuhio Bay",
        "lat": "19.7303",
        "lon": "-155.0556",
        "stage_ft": 0.492,
        "stage_datetime": "2026-06-27 15:48",
        "tier": "normal",
        "action_stage": 7.32,
        "flood_stage": 8.32,
        "major_stage": 10.32,
        "url": "https://tidesandcurrents.noaa.gov/stationhome.html?id=1617760",
        "city_lat": 19.5895548,
        "city_lon": -155.4486983,
        "fetched_at": "2026-06-27T15:56:58.392950+00:00",
        "color": "#2d6a4f"
      }
    },
    {
      "type": "Feature",
      "geometry": {
        "type": "Point",
        "coordinates": [
          "-77.0217",
          "38.8733"
        ]
      },
      "properties": {
        "source": "NOAA",
        "site_id": "8594900",
        "site_name": "Washington",
        "lat": "38.8733",
        "lon": "-77.0217",
        "stage_ft": 1.153,
        "stage_datetime": "2026-06-27 15:48",
        "tier": "normal",
        "action_stage": 8.72,
        "flood_stage": 9.72,
        "major_stage": 11.72,
        "url": "https://tidesandcurrents.noaa.gov/stationhome.html?id=8594900",
        "city_lat": 39.1088306,
        "city_lon": -79.6793255,
        "fetched_at": "2026-06-27T15:56:58.392950+00:00",
        "color": "#2d6a4f"
      }
    },
    {
      "type": "Feature",
      "geometry": {
        "type": "Point",
        "coordinates": [
          "-96.6098",
          "28.6406"
        ]
      },
      "properties": {
        "source": "NOAA",
        "site_id": "8773259",
        "site_name": "Port Lavaca",
        "lat": "28.6406",
        "lon": "-96.6098",
        "stage_ft": 1.302,
        "stage_datetime": "2026-06-27 15:48",
        "tier": "normal",
        "action_stage": 4.9,
        "flood_stage": 5.9,
        "major_stage": 7.9,
        "url": "https://tidesandcurrents.noaa.gov/stationhome.html?id=8773259",
        "city_lat": 28.9224028,
        "city_lon": -96.55561,
        "fetched_at": "2026-06-27T15:56:58.392950+00:00",
        "color": "#2d6a4f"
      }
    },
    {
      "type": "Feature",
      "geometry": {
        "type": "Point",
        "coordinates": [
          "-155.0556",
          "19.7303"
        ]
      },
      "properties": {
        "source": "NOAA",
        "site_id": "1617760",
        "site_name": "Hilo, Hilo Bay, Kuhio Bay",
        "lat": "19.7303",
        "lon": "-155.0556",
        "stage_ft": 0.492,
        "stage_datetime": "2026-06-27 15:48",
        "tier": "normal",
        "action_stage": 7.32,
        "flood_stage": 8.32,
        "major_stage": 10.32,
        "url": "https://tidesandcurrents.noaa.gov/stationhome.html?id=1617760",
        "city_lat": 19.5938015,
        "city_lon": -155.4283701,
        "fetched_at": "2026-06-27T15:56:58.392950+00:00",
        "color": "#2d6a4f"
      }
    },
    {
      "type": "Feature",
      "geometry": {
        "type": "Point",
        "coordinates": [
          "-118.5",
          "34.0083"
        ]
      },
      "properties": {
        "source": "NOAA",
        "site_id": "9410840",
        "site_name": "Santa Monica",
        "lat": "34.0083",
        "lon": "-118.5",
        "stage_ft": 3.55,
        "stage_datetime": "2026-06-27 15:42",
        "tier": "normal",
        "action_stage": 8.87,
        "flood_stage": 9.87,
        "major_stage": 11.87,
        "url": "https://tidesandcurrents.noaa.gov/stationhome.html?id=9410840",
        "city_lat": 34.0536909,
        "city_lon": -118.242766,
        "fetched_at": "2026-06-27T15:56:58.392950+00:00",
        "color": "#2d6a4f"
      }
    },
    {
      "type": "Feature",
      "geometry": {
        "type": "Point",
        "coordinates": [
          "-118.5",
          "34.0083"
        ]
      },
      "properties": {
        "source": "NOAA",
        "site_id": "9410840",
        "site_name": "Santa Monica",
        "lat": "34.0083",
        "lon": "-118.5",
        "stage_ft": 3.55,
        "stage_datetime": "2026-06-27 15:42",
        "tier": "normal",
        "action_stage": 8.87,
        "flood_stage": 9.87,
        "major_stage": 11.87,
        "url": "https://tidesandcurrents.noaa.gov/stationhome.html?id=9410840",
        "city_lat": 34.0536909,
        "city_lon": -118.242766,
        "fetched_at": "2026-06-27T15:56:58.392950+00:00",
        "color": "#2d6a4f"
      }
    },
    {
      "type": "Feature",
      "geometry": {
        "type": "Point",
        "coordinates": [
          "-155.0556",
          "19.7303"
        ]
      },
      "properties": {
        "source": "NOAA",
        "site_id": "1617760",
        "site_name": "Hilo, Hilo Bay, Kuhio Bay",
        "lat": "19.7303",
        "lon": "-155.0556",
        "stage_ft": 0.492,
        "stage_datetime": "2026-06-27 15:48",
        "tier": "normal",
        "action_stage": 7.32,
        "flood_stage": 8.32,
        "major_stage": 10.32,
        "url": "https://tidesandcurrents.noaa.gov/stationhome.html?id=1617760",
        "city_lat": 19.5938015,
        "city_lon": -155.4283701,
        "fetched_at": "2026-06-27T15:56:58.392950+00:00",
        "color": "#2d6a4f"
      }
    },
    {
      "type": "Feature",
      "geometry": {
        "type": "Point",
        "coordinates": [
          "-155.0556",
          "19.7303"
        ]
      },
      "properties": {
        "source": "NOAA",
        "site_id": "1617760",
        "site_name": "Hilo, Hilo Bay, Kuhio Bay",
        "lat": "19.7303",
        "lon": "-155.0556",
        "stage_ft": 0.492,
        "stage_datetime": "2026-06-27 15:48",
        "tier": "normal",
        "action_stage": 7.32,
        "flood_stage": 8.32,
        "major_stage": 10.32,
        "url": "https://tidesandcurrents.noaa.gov/stationhome.html?id=1617760",
        "city_lat": 19.5895548,
        "city_lon": -155.4486983,
        "fetched_at": "2026-06-27T15:56:58.392950+00:00",
        "color": "#2d6a4f"
      }
    },
    {
      "type": "Feature",
      "geometry": {
        "type": "Point",
        "coordinates": [
          "-155.0556",
          "19.7303"
        ]
      },
      "properties": {
        "source": "NOAA",
        "site_id": "1617760",
        "site_name": "Hilo, Hilo Bay, Kuhio Bay",
        "lat": "19.7303",
        "lon": "-155.0556",
        "stage_ft": 0.492,
        "stage_datetime": "2026-06-27 15:48",
        "tier": "normal",
        "action_stage": 7.32,
        "flood_stage": 8.32,
        "major_stage": 10.32,
        "url": "https://tidesandcurrents.noaa.gov/stationhome.html?id=1617760",
        "city_lat": 19.5938015,
        "city_lon": -155.4283701,
        "fetched_at": "2026-06-27T15:56:58.392950+00:00",
        "color": "#2d6a4f"
      }
    },
    {
      "type": "Feature",
      "geometry": {
        "type": "Point",
        "coordinates": [
          "-155.0556",
          "19.7303"
        ]
      },
      "properties": {
        "source": "NOAA",
        "site_id": "1617760",
        "site_name": "Hilo, Hilo Bay, Kuhio Bay",
        "lat": "19.7303",
        "lon": "-155.0556",
        "stage_ft": 0.492,
        "stage_datetime": "2026-06-27 15:48",
        "tier": "normal",
        "action_stage": 7.32,
        "flood_stage": 8.32,
        "major_stage": 10.32,
        "url": "https://tidesandcurrents.noaa.gov/stationhome.html?id=1617760",
        "city_lat": 19.5938015,
        "city_lon": -155.4283701,
        "fetched_at": "2026-06-27T15:56:58.392950+00:00",
        "color": "#2d6a4f"
      }
    },
    {
      "type": "Feature",
      "geometry": {
        "type": "Point",
        "coordinates": [
          "-155.0556",
          "19.7303"
        ]
      },
      "properties": {
        "source": "NOAA",
        "site_id": "1617760",
        "site_name": "Hilo, Hilo Bay, Kuhio Bay",
        "lat": "19.7303",
        "lon": "-155.0556",
        "stage_ft": 0.492,
        "stage_datetime": "2026-06-27 15:48",
        "tier": "normal",
        "action_stage": 7.32,
        "flood_stage": 8.32,
        "major_stage": 10.32,
        "url": "https://tidesandcurrents.noaa.gov/stationhome.html?id=1617760",
        "city_lat": 19.5895548,
        "city_lon": -155.4486983,
        "fetched_at": "2026-06-27T15:56:58.392950+00:00",
        "color": "#2d6a4f"
      }
    },
    {
      "type": "Feature",
      "geometry": {
        "type": "Point",
        "coordinates": [
          "-155.8294",
          "20.0366"
        ]
      },
      "properties": {
        "source": "NOAA",
        "site_id": "1617433",
        "site_name": "Kawaihae",
        "lat": "20.0366",
        "lon": "-155.8294",
        "stage_ft": 0.64,
        "stage_datetime": "2026-06-27 15:48",
        "tier": "normal",
        "action_stage": 5.74,
        "flood_stage": 6.74,
        "major_stage": 8.74,
        "url": "https://tidesandcurrents.noaa.gov/stationhome.html?id=1617433",
        "city_lat": 20.0749887,
        "city_lon": -155.718691,
        "fetched_at": "2026-06-27T15:56:58.392950+00:00",
        "color": "#2d6a4f"
      }
    },
    {
      "type": "Feature",
      "geometry": {
        "type": "Point",
        "coordinates": [
          "-155.0556",
          "19.7303"
        ]
      },
      "properties": {
        "source": "NOAA",
        "site_id": "1617760",
        "site_name": "Hilo, Hilo Bay, Kuhio Bay",
        "lat": "19.7303",
        "lon": "-155.0556",
        "stage_ft": 0.492,
        "stage_datetime": "2026-06-27 15:48",
        "tier": "normal",
        "action_stage": 7.32,
        "flood_stage": 8.32,
        "major_stage": 10.32,
        "url": "https://tidesandcurrents.noaa.gov/stationhome.html?id=1617760",
        "city_lat": 19.5938015,
        "city_lon": -155.4283701,
        "fetched_at": "2026-06-27T15:56:58.392950+00:00",
        "color": "#2d6a4f"
      }
    },
    {
      "type": "Feature",
      "geometry": {
        "type": "Point",
        "coordinates": [
          "-155.0556",
          "19.7303"
        ]
      },
      "properties": {
        "source": "NOAA",
        "site_id": "1617760",
        "site_name": "Hilo, Hilo Bay, Kuhio Bay",
        "lat": "19.7303",
        "lon": "-155.0556",
        "stage_ft": 0.492,
        "stage_datetime": "2026-06-27 15:48",
        "tier": "normal",
        "action_stage": 7.32,
        "flood_stage": 8.32,
        "major_stage": 10.32,
        "url": "https://tidesandcurrents.noaa.gov/stationhome.html?id=1617760",
        "city_lat": 19.5938015,
        "city_lon": -155.4283701,
        "fetched_at": "2026-06-27T15:56:58.392950+00:00",
        "color": "#2d6a4f"
      }
    },
    {
      "type": "Feature",
      "geometry": {
        "type": "Point",
        "coordinates": [
          "-155.0556",
          "19.7303"
        ]
      },
      "properties": {
        "source": "NOAA",
        "site_id": "1617760",
        "site_name": "Hilo, Hilo Bay, Kuhio Bay",
        "lat": "19.7303",
        "lon": "-155.0556",
        "stage_ft": 0.492,
        "stage_datetime": "2026-06-27 15:48",
        "tier": "normal",
        "action_stage": 7.32,
        "flood_stage": 8.32,
        "major_stage": 10.32,
        "url": "https://tidesandcurrents.noaa.gov/stationhome.html?id=1617760",
        "city_lat": 19.5895548,
        "city_lon": -155.4486983,
        "fetched_at": "2026-06-27T15:56:58.392950+00:00",
        "color": "#2d6a4f"
      }
    },
    {
      "type": "Feature",
      "geometry": {
        "type": "Point",
        "coordinates": [
          "-85.8786",
          "30.2138"
        ]
      },
      "properties": {
        "source": "NOAA",
        "site_id": "8729210",
        "site_name": "Panama City Beach",
        "lat": "30.2138",
        "lon": "-85.8786",
        "stage_ft": 1.581,
        "stage_datetime": "2026-06-27 15:42",
        "tier": "normal",
        "action_stage": 29.4,
        "flood_stage": 30.4,
        "major_stage": 32.4,
        "url": "https://tidesandcurrents.noaa.gov/stationhome.html?id=8729210",
        "city_lat": 32.735281,
        "city_lon": -85.8756362,
        "fetched_at": "2026-06-27T15:56:58.392950+00:00",
        "color": "#2d6a4f"
      }
    },
    {
      "type": "Feature",
      "geometry": {
        "type": "Point",
        "coordinates": [
          "-122.3393",
          "47.6026"
        ]
      },
      "properties": {
        "source": "NOAA",
        "site_id": "9447130",
        "site_name": "Seattle",
        "lat": "47.6026",
        "lon": "-122.3393",
        "stage_ft": 0.612,
        "stage_datetime": "2026-06-27 15:48",
        "tier": "normal",
        "action_stage": 20.3,
        "flood_stage": 21.3,
        "major_stage": 23.3,
        "url": "https://tidesandcurrents.noaa.gov/stationhome.html?id=9447130",
        "city_lat": 47.8012197,
        "city_lon": -120.6276904,
        "fetched_at": "2026-06-27T15:56:58.392950+00:00",
        "color": "#2d6a4f"
      }
    },
    {
      "type": "Feature",
      "geometry": {
        "type": "Point",
        "coordinates": [
          "-155.0556",
          "19.7303"
        ]
      },
      "properties": {
        "source": "NOAA",
        "site_id": "1617760",
        "site_name": "Hilo, Hilo Bay, Kuhio Bay",
        "lat": "19.7303",
        "lon": "-155.0556",
        "stage_ft": 0.492,
        "stage_datetime": "2026-06-27 15:48",
        "tier": "normal",
        "action_stage": 7.32,
        "flood_stage": 8.32,
        "major_stage": 10.32,
        "url": "https://tidesandcurrents.noaa.gov/stationhome.html?id=1617760",
        "city_lat": 19.5938015,
        "city_lon": -155.4283701,
        "fetched_at": "2026-06-27T15:56:58.392950+00:00",
        "color": "#2d6a4f"
      }
    },
    {
      "type": "Feature",
      "geometry": {
        "type": "Point",
        "coordinates": [
          "-155.0556",
          "19.7303"
        ]
      },
      "properties": {
        "source": "NOAA",
        "site_id": "1617760",
        "site_name": "Hilo, Hilo Bay, Kuhio Bay",
        "lat": "19.7303",
        "lon": "-155.0556",
        "stage_ft": 0.492,
        "stage_datetime": "2026-06-27 15:48",
        "tier": "normal",
        "action_stage": 7.32,
        "flood_stage": 8.32,
        "major_stage": 10.32,
        "url": "https://tidesandcurrents.noaa.gov/stationhome.html?id=1617760",
        "city_lat": 19.5938015,
        "city_lon": -155.4283701,
        "fetched_at": "2026-06-27T15:56:58.392950+00:00",
        "color": "#2d6a4f"
      }
    },
    {
      "type": "Feature",
      "geometry": {
        "type": "Point",
        "coordinates": [
          "-97.5207",
          "27.8461"
        ]
      },
      "properties": {
        "source": "NOAA",
        "site_id": "8775222",
        "site_name": "Viola Turning Basin",
        "lat": "27.8461",
        "lon": "-97.5207",
        "stage_ft": 0.922,
        "stage_datetime": "2026-06-27 15:48",
        "tier": "normal",
        "action_stage": 28.69,
        "flood_stage": 29.69,
        "major_stage": 31.69,
        "url": "https://tidesandcurrents.noaa.gov/stationhome.html?id=8775222",
        "city_lat": 29.4263278,
        "city_lon": -98.488853,
        "fetched_at": "2026-06-27T15:56:58.392950+00:00",
        "color": "#2d6a4f"
      }
    },
    {
      "type": "Feature",
      "geometry": {
        "type": "Point",
        "coordinates": [
          "-95.2658",
          "29.7263"
        ]
      },
      "properties": {
        "source": "NOAA",
        "site_id": "8770777",
        "site_name": "Manchester",
        "lat": "29.7263",
        "lon": "-95.2658",
        "stage_ft": 1.943,
        "stage_datetime": "2026-06-27 15:48",
        "tier": "normal",
        "action_stage": 8.14,
        "flood_stage": 9.14,
        "major_stage": 11.14,
        "url": "https://tidesandcurrents.noaa.gov/stationhome.html?id=8770777",
        "city_lat": 32.7762719,
        "city_lon": -96.7968559,
        "fetched_at": "2026-06-27T15:56:58.392950+00:00",
        "color": "#2d6a4f"
      }
    },
    {
      "type": "Feature",
      "geometry": {
        "type": "Point",
        "coordinates": [
          "-95.2658",
          "29.7263"
        ]
      },
      "properties": {
        "source": "NOAA",
        "site_id": "8770777",
        "site_name": "Manchester",
        "lat": "29.7263",
        "lon": "-95.2658",
        "stage_ft": 1.943,
        "stage_datetime": "2026-06-27 15:48",
        "tier": "normal",
        "action_stage": 8.14,
        "flood_stage": 9.14,
        "major_stage": 11.14,
        "url": "https://tidesandcurrents.noaa.gov/stationhome.html?id=8770777",
        "city_lat": 32.7513658,
        "city_lon": -97.335696,
        "fetched_at": "2026-06-27T15:56:58.392950+00:00",
        "color": "#2d6a4f"
      }
    },
    {
      "type": "Feature",
      "geometry": {
        "type": "Point",
        "coordinates": [
          "-155.0556",
          "19.7303"
        ]
      },
      "properties": {
        "source": "NOAA",
        "site_id": "1617760",
        "site_name": "Hilo, Hilo Bay, Kuhio Bay",
        "lat": "19.7303",
        "lon": "-155.0556",
        "stage_ft": 0.492,
        "stage_datetime": "2026-06-27 15:48",
        "tier": "normal",
        "action_stage": 7.32,
        "flood_stage": 8.32,
        "major_stage": 10.32,
        "url": "https://tidesandcurrents.noaa.gov/stationhome.html?id=1617760",
        "city_lat": 19.5895548,
        "city_lon": -155.4486983,
        "fetched_at": "2026-06-27T15:56:58.392950+00:00",
        "color": "#2d6a4f"
      }
    },
    {
      "type": "Feature",
      "geometry": {
        "type": "Point",
        "coordinates": [
          "-156.469",
          "20.8949"
        ]
      },
      "properties": {
        "source": "NOAA",
        "site_id": "1615680",
        "site_name": "Kahului, Kahului Harbor",
        "lat": "20.8949",
        "lon": "-156.469",
        "stage_ft": 0.184,
        "stage_datetime": "2026-06-27 15:48",
        "tier": "normal",
        "action_stage": 5.66,
        "flood_stage": 6.66,
        "major_stage": 8.66,
        "url": "https://tidesandcurrents.noaa.gov/stationhome.html?id=1615680",
        "city_lat": 20.8029568,
        "city_lon": -156.3106833,
        "fetched_at": "2026-06-27T15:56:58.392950+00:00",
        "color": "#2d6a4f"
      }
    },
    {
      "type": "Feature",
      "geometry": {
        "type": "Point",
        "coordinates": [
          "-95.2658",
          "29.7263"
        ]
      },
      "properties": {
        "source": "NOAA",
        "site_id": "8770777",
        "site_name": "Manchester",
        "lat": "29.7263",
        "lon": "-95.2658",
        "stage_ft": 1.943,
        "stage_datetime": "2026-06-27 15:48",
        "tier": "normal",
        "action_stage": 8.14,
        "flood_stage": 9.14,
        "major_stage": 11.14,
        "url": "https://tidesandcurrents.noaa.gov/stationhome.html?id=8770777",
        "city_lat": 32.7762719,
        "city_lon": -96.7968559,
        "fetched_at": "2026-06-27T15:56:58.392950+00:00",
        "color": "#2d6a4f"
      }
    },
    {
      "type": "Feature",
      "geometry": {
        "type": "Point",
        "coordinates": [
          "-95.2658",
          "29.7263"
        ]
      },
      "properties": {
        "source": "NOAA",
        "site_id": "8770777",
        "site_name": "Manchester",
        "lat": "29.7263",
        "lon": "-95.2658",
        "stage_ft": 1.943,
        "stage_datetime": "2026-06-27 15:48",
        "tier": "normal",
        "action_stage": 8.14,
        "flood_stage": 9.14,
        "major_stage": 11.14,
        "url": "https://tidesandcurrents.noaa.gov/stationhome.html?id=8770777",
        "city_lat": 32.753177,
        "city_lon": -97.3327459,
        "fetched_at": "2026-06-27T15:56:58.392950+00:00",
        "color": "#2d6a4f"
      }
    },
    {
      "type": "Feature",
      "geometry": {
        "type": "Point",
        "coordinates": [
          "-122.3393",
          "47.6026"
        ]
      },
      "properties": {
        "source": "NOAA",
        "site_id": "9447130",
        "site_name": "Seattle",
        "lat": "47.6026",
        "lon": "-122.3393",
        "stage_ft": 0.612,
        "stage_datetime": "2026-06-27 15:48",
        "tier": "normal",
        "action_stage": 20.3,
        "flood_stage": 21.3,
        "major_stage": 23.3,
        "url": "https://tidesandcurrents.noaa.gov/stationhome.html?id=9447130",
        "city_lat": 46.9428831,
        "city_lon": -117.5286172,
        "fetched_at": "2026-06-27T15:56:58.392950+00:00",
        "color": "#2d6a4f"
      }
    },
    {
      "type": "Feature",
      "geometry": {
        "type": "Point",
        "coordinates": [
          "-155.0556",
          "19.7303"
        ]
      },
      "properties": {
        "source": "NOAA",
        "site_id": "1617760",
        "site_name": "Hilo, Hilo Bay, Kuhio Bay",
        "lat": "19.7303",
        "lon": "-155.0556",
        "stage_ft": 0.492,
        "stage_datetime": "2026-06-27 15:48",
        "tier": "normal",
        "action_stage": 7.32,
        "flood_stage": 8.32,
        "major_stage": 10.32,
        "url": "https://tidesandcurrents.noaa.gov/stationhome.html?id=1617760",
        "city_lat": 19.5938015,
        "city_lon": -155.4283701,
        "fetched_at": "2026-06-27T15:56:58.392950+00:00",
        "color": "#2d6a4f"
      }
    },
    {
      "type": "Feature",
      "geometry": {
        "type": "Point",
        "coordinates": [
          "-118.5",
          "34.0083"
        ]
      },
      "properties": {
        "source": "NOAA",
        "site_id": "9410840",
        "site_name": "Santa Monica",
        "lat": "34.0083",
        "lon": "-118.5",
        "stage_ft": 3.55,
        "stage_datetime": "2026-06-27 15:42",
        "tier": "normal",
        "action_stage": 8.87,
        "flood_stage": 9.87,
        "major_stage": 11.87,
        "url": "https://tidesandcurrents.noaa.gov/stationhome.html?id=9410840",
        "city_lat": 34.0536909,
        "city_lon": -118.242766,
        "fetched_at": "2026-06-27T15:56:58.392950+00:00",
        "color": "#2d6a4f"
      }
    },
    {
      "type": "Feature",
      "geometry": {
        "type": "Point",
        "coordinates": [
          "-118.5",
          "34.0083"
        ]
      },
      "properties": {
        "source": "NOAA",
        "site_id": "9410840",
        "site_name": "Santa Monica",
        "lat": "34.0083",
        "lon": "-118.5",
        "stage_ft": 3.55,
        "stage_datetime": "2026-06-27 15:42",
        "tier": "normal",
        "action_stage": 8.87,
        "flood_stage": 9.87,
        "major_stage": 11.87,
        "url": "https://tidesandcurrents.noaa.gov/stationhome.html?id=9410840",
        "city_lat": 34.0536909,
        "city_lon": -118.242766,
        "fetched_at": "2026-06-27T15:56:58.392950+00:00",
        "color": "#2d6a4f"
      }
    },
    {
      "type": "Feature",
      "geometry": {
        "type": "Point",
        "coordinates": [
          "-122.3393",
          "47.6026"
        ]
      },
      "properties": {
        "source": "NOAA",
        "site_id": "9447130",
        "site_name": "Seattle",
        "lat": "47.6026",
        "lon": "-122.3393",
        "stage_ft": 0.612,
        "stage_datetime": "2026-06-27 15:48",
        "tier": "normal",
        "action_stage": 20.3,
        "flood_stage": 21.3,
        "major_stage": 23.3,
        "url": "https://tidesandcurrents.noaa.gov/stationhome.html?id=9447130",
        "city_lat": 47.8012197,
        "city_lon": -120.6276904,
        "fetched_at": "2026-06-27T15:56:58.392950+00:00",
        "color": "#2d6a4f"
      }
    },
    {
      "type": "Feature",
      "geometry": {
        "type": "Point",
        "coordinates": [
          "-156.469",
          "20.8949"
        ]
      },
      "properties": {
        "source": "NOAA",
        "site_id": "1615680",
        "site_name": "Kahului, Kahului Harbor",
        "lat": "20.8949",
        "lon": "-156.469",
        "stage_ft": 0.184,
        "stage_datetime": "2026-06-27 15:48",
        "tier": "normal",
        "action_stage": 5.66,
        "flood_stage": 6.66,
        "major_stage": 8.66,
        "url": "https://tidesandcurrents.noaa.gov/stationhome.html?id=1615680",
        "city_lat": 20.8029568,
        "city_lon": -156.3106833,
        "fetched_at": "2026-06-27T15:56:58.392950+00:00",
        "color": "#2d6a4f"
      }
    },
    {
      "type": "Feature",
      "geometry": {
        "type": "Point",
        "coordinates": [
          "-77.0217",
          "38.8733"
        ]
      },
      "properties": {
        "source": "NOAA",
        "site_id": "8594900",
        "site_name": "Washington",
        "lat": "38.8733",
        "lon": "-77.0217",
        "stage_ft": 1.153,
        "stage_datetime": "2026-06-27 15:48",
        "tier": "normal",
        "action_stage": 8.72,
        "flood_stage": 9.72,
        "major_stage": 11.72,
        "url": "https://tidesandcurrents.noaa.gov/stationhome.html?id=8594900",
        "city_lat": 38.8806677,
        "city_lon": -76.9899756,
        "fetched_at": "2026-06-27T15:56:58.392950+00:00",
        "color": "#2d6a4f"
      }
    },
    {
      "type": "Feature",
      "geometry": {
        "type": "Point",
        "coordinates": [
          "-88.0736",
          "30.7819"
        ]
      },
      "properties": {
        "source": "NOAA",
        "site_id": "8737138",
        "site_name": "Chickasaw Creek",
        "lat": "30.7819",
        "lon": "-88.0736",
        "stage_ft": 2.516,
        "stage_datetime": "2026-06-27 15:48",
        "tier": "normal",
        "action_stage": 27.3,
        "flood_stage": 28.3,
        "major_stage": 30.3,
        "url": "https://tidesandcurrents.noaa.gov/stationhome.html?id=8737138",
        "city_lat": 31.769599,
        "city_lon": -87.0002605,
        "fetched_at": "2026-06-27T15:56:58.392950+00:00",
        "color": "#2d6a4f"
      }
    },
    {
      "type": "Feature",
      "geometry": {
        "type": "Point",
        "coordinates": [
          "-122.3393",
          "47.6026"
        ]
      },
      "properties": {
        "source": "NOAA",
        "site_id": "9447130",
        "site_name": "Seattle",
        "lat": "47.6026",
        "lon": "-122.3393",
        "stage_ft": 0.612,
        "stage_datetime": "2026-06-27 15:48",
        "tier": "normal",
        "action_stage": 20.3,
        "flood_stage": 21.3,
        "major_stage": 23.3,
        "url": "https://tidesandcurrents.noaa.gov/stationhome.html?id=9447130",
        "city_lat": 47.8012197,
        "city_lon": -120.6276904,
        "fetched_at": "2026-06-27T15:56:58.392950+00:00",
        "color": "#2d6a4f"
      }
    },
    {
      "type": "Feature",
      "geometry": {
        "type": "Point",
        "coordinates": [
          "-77.0217",
          "38.8733"
        ]
      },
      "properties": {
        "source": "NOAA",
        "site_id": "8594900",
        "site_name": "Washington",
        "lat": "38.8733",
        "lon": "-77.0217",
        "stage_ft": 1.153,
        "stage_datetime": "2026-06-27 15:48",
        "tier": "normal",
        "action_stage": 8.72,
        "flood_stage": 9.72,
        "major_stage": 11.72,
        "url": "https://tidesandcurrents.noaa.gov/stationhome.html?id=8594900",
        "city_lat": 38.8806677,
        "city_lon": -76.9899756,
        "fetched_at": "2026-06-27T15:56:58.392950+00:00",
        "color": "#2d6a4f"
      }
    },
    {
      "type": "Feature",
      "geometry": {
        "type": "Point",
        "coordinates": [
          "-118.5",
          "34.0083"
        ]
      },
      "properties": {
        "source": "NOAA",
        "site_id": "9410840",
        "site_name": "Santa Monica",
        "lat": "34.0083",
        "lon": "-118.5",
        "stage_ft": 3.55,
        "stage_datetime": "2026-06-27 15:42",
        "tier": "normal",
        "action_stage": 8.87,
        "flood_stage": 9.87,
        "major_stage": 11.87,
        "url": "https://tidesandcurrents.noaa.gov/stationhome.html?id=9410840",
        "city_lat": 34.3155072,
        "city_lon": -118.209681,
        "fetched_at": "2026-06-27T15:56:58.392950+00:00",
        "color": "#2d6a4f"
      }
    },
    {
      "type": "Feature",
      "geometry": {
        "type": "Point",
        "coordinates": [
          "-118.5",
          "34.0083"
        ]
      },
      "properties": {
        "source": "NOAA",
        "site_id": "9410840",
        "site_name": "Santa Monica",
        "lat": "34.0083",
        "lon": "-118.5",
        "stage_ft": 3.55,
        "stage_datetime": "2026-06-27 15:42",
        "tier": "normal",
        "action_stage": 8.87,
        "flood_stage": 9.87,
        "major_stage": 11.87,
        "url": "https://tidesandcurrents.noaa.gov/stationhome.html?id=9410840",
        "city_lat": 34.0536909,
        "city_lon": -118.242766,
        "fetched_at": "2026-06-27T15:56:58.392950+00:00",
        "color": "#2d6a4f"
      }
    },
    {
      "type": "Feature",
      "geometry": {
        "type": "Point",
        "coordinates": [
          "-95.2658",
          "29.7263"
        ]
      },
      "properties": {
        "source": "NOAA",
        "site_id": "8770777",
        "site_name": "Manchester",
        "lat": "29.7263",
        "lon": "-95.2658",
        "stage_ft": 1.943,
        "stage_datetime": "2026-06-27 15:48",
        "tier": "normal",
        "action_stage": 8.14,
        "flood_stage": 9.14,
        "major_stage": 11.14,
        "url": "https://tidesandcurrents.noaa.gov/stationhome.html?id=8770777",
        "city_lat": 32.6662689,
        "city_lon": -97.135072,
        "fetched_at": "2026-06-27T15:56:58.392950+00:00",
        "color": "#2d6a4f"
      }
    },
    {
      "type": "Feature",
      "geometry": {
        "type": "Point",
        "coordinates": [
          "-118.5",
          "34.0083"
        ]
      },
      "properties": {
        "source": "NOAA",
        "site_id": "9410840",
        "site_name": "Santa Monica",
        "lat": "34.0083",
        "lon": "-118.5",
        "stage_ft": 3.55,
        "stage_datetime": "2026-06-27 15:42",
        "tier": "normal",
        "action_stage": 8.87,
        "flood_stage": 9.87,
        "major_stage": 11.87,
        "url": "https://tidesandcurrents.noaa.gov/stationhome.html?id=9410840",
        "city_lat": 34.3155072,
        "city_lon": -118.209681,
        "fetched_at": "2026-06-27T15:56:58.392950+00:00",
        "color": "#2d6a4f"
      }
    },
    {
      "type": "Feature",
      "geometry": {
        "type": "Point",
        "coordinates": [
          "-122.3393",
          "47.6026"
        ]
      },
      "properties": {
        "source": "NOAA",
        "site_id": "9447130",
        "site_name": "Seattle",
        "lat": "47.6026",
        "lon": "-122.3393",
        "stage_ft": 0.612,
        "stage_datetime": "2026-06-27 15:48",
        "tier": "normal",
        "action_stage": 20.3,
        "flood_stage": 21.3,
        "major_stage": 23.3,
        "url": "https://tidesandcurrents.noaa.gov/stationhome.html?id=9447130",
        "city_lat": 46.9428831,
        "city_lon": -117.5286172,
        "fetched_at": "2026-06-27T15:56:58.392950+00:00",
        "color": "#2d6a4f"
      }
    },
    {
      "type": "Feature",
      "geometry": {
        "type": "Point",
        "coordinates": [
          "-71.0503",
          "42.3539"
        ]
      },
      "properties": {
        "source": "NOAA",
        "site_id": "8443970",
        "site_name": "Boston",
        "lat": "42.3539",
        "lon": "-71.0503",
        "stage_ft": 8.316,
        "stage_datetime": "2026-06-27 15:54",
        "tier": "normal",
        "action_stage": 14.8,
        "flood_stage": 15.8,
        "major_stage": 17.8,
        "url": "https://tidesandcurrents.noaa.gov/stationhome.html?id=8443970",
        "city_lat": 42.3788774,
        "city_lon": -72.032366,
        "fetched_at": "2026-06-27T15:56:58.392950+00:00",
        "color": "#2d6a4f"
      }
    },
    {
      "type": "Feature",
      "geometry": {
        "type": "Point",
        "coordinates": [
          "-87.2112",
          "30.4044"
        ]
      },
      "properties": {
        "source": "NOAA",
        "site_id": "8729840",
        "site_name": "Pensacola",
        "lat": "30.4044",
        "lon": "-87.2112",
        "stage_ft": 1.862,
        "stage_datetime": "2026-06-27 15:48",
        "tier": "normal",
        "action_stage": 10.69,
        "flood_stage": 11.69,
        "major_stage": 13.69,
        "url": "https://tidesandcurrents.noaa.gov/stationhome.html?id=8729840",
        "city_lat": 32.6823521,
        "city_lon": -86.0974659,
        "fetched_at": "2026-06-27T15:56:58.392950+00:00",
        "color": "#2d6a4f"
      }
    },
    {
      "type": "Feature",
      "geometry": {
        "type": "Point",
        "coordinates": [
          "-74.0142",
          "40.7006"
        ]
      },
      "properties": {
        "source": "NOAA",
        "site_id": "8518750",
        "site_name": "The Battery",
        "lat": "40.7006",
        "lon": "-74.0142",
        "stage_ft": 1.821,
        "stage_datetime": "2026-06-27 15:48",
        "tier": "normal",
        "action_stage": 9.34,
        "flood_stage": 10.34,
        "major_stage": 12.34,
        "url": "https://tidesandcurrents.noaa.gov/stationhome.html?id=8518750",
        "city_lat": 40.7127281,
        "city_lon": -74.0060152,
        "fetched_at": "2026-06-27T15:56:58.392950+00:00",
        "color": "#2d6a4f"
      }
    },
    {
      "type": "Feature",
      "geometry": {
        "type": "Point",
        "coordinates": [
          "-74.0142",
          "40.7006"
        ]
      },
      "properties": {
        "source": "NOAA",
        "site_id": "8518750",
        "site_name": "The Battery",
        "lat": "40.7006",
        "lon": "-74.0142",
        "stage_ft": 1.821,
        "stage_datetime": "2026-06-27 15:48",
        "tier": "normal",
        "action_stage": 9.34,
        "flood_stage": 10.34,
        "major_stage": 12.34,
        "url": "https://tidesandcurrents.noaa.gov/stationhome.html?id=8518750",
        "city_lat": 40.7127281,
        "city_lon": -74.0060152,
        "fetched_at": "2026-06-27T15:56:58.392950+00:00",
        "color": "#2d6a4f"
      }
    },
    {
      "type": "Feature",
      "geometry": {
        "type": "Point",
        "coordinates": [
          "-155.0556",
          "19.7303"
        ]
      },
      "properties": {
        "source": "NOAA",
        "site_id": "1617760",
        "site_name": "Hilo, Hilo Bay, Kuhio Bay",
        "lat": "19.7303",
        "lon": "-155.0556",
        "stage_ft": 0.492,
        "stage_datetime": "2026-06-27 15:48",
        "tier": "normal",
        "action_stage": 7.32,
        "flood_stage": 8.32,
        "major_stage": 10.32,
        "url": "https://tidesandcurrents.noaa.gov/stationhome.html?id=1617760",
        "city_lat": 19.5938015,
        "city_lon": -155.4283701,
        "fetched_at": "2026-06-27T15:56:58.392950+00:00",
        "color": "#2d6a4f"
      }
    },
    {
      "type": "Feature",
      "geometry": {
        "type": "Point",
        "coordinates": [
          "-74.0142",
          "40.7006"
        ]
      },
      "properties": {
        "source": "NOAA",
        "site_id": "8518750",
        "site_name": "The Battery",
        "lat": "40.7006",
        "lon": "-74.0142",
        "stage_ft": 1.821,
        "stage_datetime": "2026-06-27 15:48",
        "tier": "normal",
        "action_stage": 9.34,
        "flood_stage": 10.34,
        "major_stage": 12.34,
        "url": "https://tidesandcurrents.noaa.gov/stationhome.html?id=8518750",
        "city_lat": 40.7127281,
        "city_lon": -74.0060152,
        "fetched_at": "2026-06-27T15:56:58.392950+00:00",
        "color": "#2d6a4f"
      }
    },
    {
      "type": "Feature",
      "geometry": {
        "type": "Point",
        "coordinates": [
          "-122.6958",
          "45.6312"
        ]
      },
      "properties": {
        "source": "NOAA",
        "site_id": "9440083",
        "site_name": "Vancouver",
        "lat": "45.6312",
        "lon": "-122.6958",
        "stage_ft": 2.27,
        "stage_datetime": "2026-06-27 15:48",
        "tier": "normal",
        "action_stage": 5.83,
        "flood_stage": 6.83,
        "major_stage": 8.83,
        "url": "https://tidesandcurrents.noaa.gov/stationhome.html?id=9440083",
        "city_lat": 43.1700264,
        "city_lon": -107.568534,
        "fetched_at": "2026-06-27T15:56:58.392950+00:00",
        "color": "#2d6a4f"
      }
    },
    {
      "type": "Feature",
      "geometry": {
        "type": "Point",
        "coordinates": [
          "-74.0142",
          "40.7006"
        ]
      },
      "properties": {
        "source": "NOAA",
        "site_id": "8518750",
        "site_name": "The Battery",
        "lat": "40.7006",
        "lon": "-74.0142",
        "stage_ft": 1.821,
        "stage_datetime": "2026-06-27 15:48",
        "tier": "normal",
        "action_stage": 9.34,
        "flood_stage": 10.34,
        "major_stage": 12.34,
        "url": "https://tidesandcurrents.noaa.gov/stationhome.html?id=8518750",
        "city_lat": 40.7127281,
        "city_lon": -74.0060152,
        "fetched_at": "2026-06-27T15:56:58.392950+00:00",
        "color": "#2d6a4f"
      }
    },
    {
      "type": "Feature",
      "geometry": {
        "type": "Point",
        "coordinates": [
          "-95.2658",
          "29.7263"
        ]
      },
      "properties": {
        "source": "NOAA",
        "site_id": "8770777",
        "site_name": "Manchester",
        "lat": "29.7263",
        "lon": "-95.2658",
        "stage_ft": 1.943,
        "stage_datetime": "2026-06-27 15:48",
        "tier": "normal",
        "action_stage": 8.14,
        "flood_stage": 9.14,
        "major_stage": 11.14,
        "url": "https://tidesandcurrents.noaa.gov/stationhome.html?id=8770777",
        "city_lat": 31.6429346,
        "city_lon": -97.9715967,
        "fetched_at": "2026-06-27T15:56:58.392950+00:00",
        "color": "#2d6a4f"
      }
    },
    {
      "type": "Feature",
      "geometry": {
        "type": "Point",
        "coordinates": [
          "-74.0142",
          "40.7006"
        ]
      },
      "properties": {
        "source": "NOAA",
        "site_id": "8518750",
        "site_name": "The Battery",
        "lat": "40.7006",
        "lon": "-74.0142",
        "stage_ft": 1.821,
        "stage_datetime": "2026-06-27 15:48",
        "tier": "normal",
        "action_stage": 9.34,
        "flood_stage": 10.34,
        "major_stage": 12.34,
        "url": "https://tidesandcurrents.noaa.gov/stationhome.html?id=8518750",
        "city_lat": 40.7127281,
        "city_lon": -74.0060152,
        "fetched_at": "2026-06-27T15:56:58.392950+00:00",
        "color": "#2d6a4f"
      }
    },
    {
      "type": "Feature",
      "geometry": {
        "type": "Point",
        "coordinates": [
          "-74.0142",
          "40.7006"
        ]
      },
      "properties": {
        "source": "NOAA",
        "site_id": "8518750",
        "site_name": "The Battery",
        "lat": "40.7006",
        "lon": "-74.0142",
        "stage_ft": 1.821,
        "stage_datetime": "2026-06-27 15:48",
        "tier": "normal",
        "action_stage": 9.34,
        "flood_stage": 10.34,
        "major_stage": 12.34,
        "url": "https://tidesandcurrents.noaa.gov/stationhome.html?id=8518750",
        "city_lat": 40.7127281,
        "city_lon": -74.0060152,
        "fetched_at": "2026-06-27T15:56:58.392950+00:00",
        "color": "#2d6a4f"
      }
    },
    {
      "type": "Feature",
      "geometry": {
        "type": "Point",
        "coordinates": [
          "-74.0142",
          "40.7006"
        ]
      },
      "properties": {
        "source": "NOAA",
        "site_id": "8518750",
        "site_name": "The Battery",
        "lat": "40.7006",
        "lon": "-74.0142",
        "stage_ft": 1.821,
        "stage_datetime": "2026-06-27 15:48",
        "tier": "normal",
        "action_stage": 9.34,
        "flood_stage": 10.34,
        "major_stage": 12.34,
        "url": "https://tidesandcurrents.noaa.gov/stationhome.html?id=8518750",
        "city_lat": 40.7127281,
        "city_lon": -74.0060152,
        "fetched_at": "2026-06-27T15:56:58.392950+00:00",
        "color": "#2d6a4f"
      }
    },
    {
      "type": "Feature",
      "geometry": {
        "type": "Point",
        "coordinates": [
          "-74.0142",
          "40.7006"
        ]
      },
      "properties": {
        "source": "NOAA",
        "site_id": "8518750",
        "site_name": "The Battery",
        "lat": "40.7006",
        "lon": "-74.0142",
        "stage_ft": 1.821,
        "stage_datetime": "2026-06-27 15:48",
        "tier": "normal",
        "action_stage": 9.34,
        "flood_stage": 10.34,
        "major_stage": 12.34,
        "url": "https://tidesandcurrents.noaa.gov/stationhome.html?id=8518750",
        "city_lat": 40.7127281,
        "city_lon": -74.0060152,
        "fetched_at": "2026-06-27T15:56:58.392950+00:00",
        "color": "#2d6a4f"
      }
    },
    {
      "type": "Feature",
      "geometry": {
        "type": "Point",
        "coordinates": [
          "-74.0142",
          "40.7006"
        ]
      },
      "properties": {
        "source": "NOAA",
        "site_id": "8518750",
        "site_name": "The Battery",
        "lat": "40.7006",
        "lon": "-74.0142",
        "stage_ft": 1.821,
        "stage_datetime": "2026-06-27 15:48",
        "tier": "normal",
        "action_stage": 9.34,
        "flood_stage": 10.34,
        "major_stage": 12.34,
        "url": "https://tidesandcurrents.noaa.gov/stationhome.html?id=8518750",
        "city_lat": 40.7127281,
        "city_lon": -74.0060152,
        "fetched_at": "2026-06-27T15:56:58.392950+00:00",
        "color": "#2d6a4f"
      }
    },
    {
      "type": "Feature",
      "geometry": {
        "type": "Point",
        "coordinates": [
          "-74.0142",
          "40.7006"
        ]
      },
      "properties": {
        "source": "NOAA",
        "site_id": "8518750",
        "site_name": "The Battery",
        "lat": "40.7006",
        "lon": "-74.0142",
        "stage_ft": 1.821,
        "stage_datetime": "2026-06-27 15:48",
        "tier": "normal",
        "action_stage": 9.34,
        "flood_stage": 10.34,
        "major_stage": 12.34,
        "url": "https://tidesandcurrents.noaa.gov/stationhome.html?id=8518750",
        "city_lat": 40.7127281,
        "city_lon": -74.0060152,
        "fetched_at": "2026-06-27T15:56:58.392950+00:00",
        "color": "#2d6a4f"
      }
    },
    {
      "type": "Feature",
      "geometry": {
        "type": "Point",
        "coordinates": [
          "-74.0142",
          "40.7006"
        ]
      },
      "properties": {
        "source": "NOAA",
        "site_id": "8518750",
        "site_name": "The Battery",
        "lat": "40.7006",
        "lon": "-74.0142",
        "stage_ft": 1.821,
        "stage_datetime": "2026-06-27 15:48",
        "tier": "normal",
        "action_stage": 9.34,
        "flood_stage": 10.34,
        "major_stage": 12.34,
        "url": "https://tidesandcurrents.noaa.gov/stationhome.html?id=8518750",
        "city_lat": 40.7127281,
        "city_lon": -74.0060152,
        "fetched_at": "2026-06-27T15:56:58.392950+00:00",
        "color": "#2d6a4f"
      }
    },
    {
      "type": "Feature",
      "geometry": {
        "type": "Point",
        "coordinates": [
          "-122.6958",
          "45.6312"
        ]
      },
      "properties": {
        "source": "NOAA",
        "site_id": "9440083",
        "site_name": "Vancouver",
        "lat": "45.6312",
        "lon": "-122.6958",
        "stage_ft": 2.27,
        "stage_datetime": "2026-06-27 15:48",
        "tier": "normal",
        "action_stage": 5.83,
        "flood_stage": 6.83,
        "major_stage": 8.83,
        "url": "https://tidesandcurrents.noaa.gov/stationhome.html?id=9440083",
        "city_lat": 43.1700264,
        "city_lon": -107.568534,
        "fetched_at": "2026-06-27T15:56:58.392950+00:00",
        "color": "#2d6a4f"
      }
    },
    {
      "type": "Feature",
      "geometry": {
        "type": "Point",
        "coordinates": [
          "-122.6958",
          "45.6312"
        ]
      },
      "properties": {
        "source": "NOAA",
        "site_id": "9440083",
        "site_name": "Vancouver",
        "lat": "45.6312",
        "lon": "-122.6958",
        "stage_ft": 2.27,
        "stage_datetime": "2026-06-27 15:48",
        "tier": "normal",
        "action_stage": 5.83,
        "flood_stage": 6.83,
        "major_stage": 8.83,
        "url": "https://tidesandcurrents.noaa.gov/stationhome.html?id=9440083",
        "city_lat": 43.1700264,
        "city_lon": -107.568534,
        "fetched_at": "2026-06-27T15:56:58.392950+00:00",
        "color": "#2d6a4f"
      }
    },
    {
      "type": "Feature",
      "geometry": {
        "type": "Point",
        "coordinates": [
          "-95.2658",
          "29.7263"
        ]
      },
      "properties": {
        "source": "NOAA",
        "site_id": "8770777",
        "site_name": "Manchester",
        "lat": "29.7263",
        "lon": "-95.2658",
        "stage_ft": 1.943,
        "stage_datetime": "2026-06-27 15:48",
        "tier": "normal",
        "action_stage": 8.14,
        "flood_stage": 9.14,
        "major_stage": 11.14,
        "url": "https://tidesandcurrents.noaa.gov/stationhome.html?id=8770777",
        "city_lat": 31.6429346,
        "city_lon": -97.9715967,
        "fetched_at": "2026-06-27T15:56:58.392950+00:00",
        "color": "#2d6a4f"
      }
    },
    {
      "type": "Feature",
      "geometry": {
        "type": "Point",
        "coordinates": [
          "-122.6958",
          "45.6312"
        ]
      },
      "properties": {
        "source": "NOAA",
        "site_id": "9440083",
        "site_name": "Vancouver",
        "lat": "45.6312",
        "lon": "-122.6958",
        "stage_ft": 2.27,
        "stage_datetime": "2026-06-27 15:48",
        "tier": "normal",
        "action_stage": 5.83,
        "flood_stage": 6.83,
        "major_stage": 8.83,
        "url": "https://tidesandcurrents.noaa.gov/stationhome.html?id=9440083",
        "city_lat": 43.1700264,
        "city_lon": -107.568534,
        "fetched_at": "2026-06-27T15:56:58.392950+00:00",
        "color": "#2d6a4f"
      }
    },
    {
      "type": "Feature",
      "geometry": {
        "type": "Point",
        "coordinates": [
          "-74.0142",
          "40.7006"
        ]
      },
      "properties": {
        "source": "NOAA",
        "site_id": "8518750",
        "site_name": "The Battery",
        "lat": "40.7006",
        "lon": "-74.0142",
        "stage_ft": 1.821,
        "stage_datetime": "2026-06-27 15:48",
        "tier": "normal",
        "action_stage": 9.34,
        "flood_stage": 10.34,
        "major_stage": 12.34,
        "url": "https://tidesandcurrents.noaa.gov/stationhome.html?id=8518750",
        "city_lat": 40.7127281,
        "city_lon": -74.0060152,
        "fetched_at": "2026-06-27T15:56:58.392950+00:00",
        "color": "#2d6a4f"
      }
    },
    {
      "type": "Feature",
      "geometry": {
        "type": "Point",
        "coordinates": [
          "-155.0556",
          "19.7303"
        ]
      },
      "properties": {
        "source": "NOAA",
        "site_id": "1617760",
        "site_name": "Hilo, Hilo Bay, Kuhio Bay",
        "lat": "19.7303",
        "lon": "-155.0556",
        "stage_ft": 0.492,
        "stage_datetime": "2026-06-27 15:48",
        "tier": "normal",
        "action_stage": 7.32,
        "flood_stage": 8.32,
        "major_stage": 10.32,
        "url": "https://tidesandcurrents.noaa.gov/stationhome.html?id=1617760",
        "city_lat": 19.5938015,
        "city_lon": -155.4283701,
        "fetched_at": "2026-06-27T15:56:58.392950+00:00",
        "color": "#2d6a4f"
      }
    },
    {
      "type": "Feature",
      "geometry": {
        "type": "Point",
        "coordinates": [
          "-118.5",
          "34.0083"
        ]
      },
      "properties": {
        "source": "NOAA",
        "site_id": "9410840",
        "site_name": "Santa Monica",
        "lat": "34.0083",
        "lon": "-118.5",
        "stage_ft": 3.55,
        "stage_datetime": "2026-06-27 15:42",
        "tier": "normal",
        "action_stage": 8.87,
        "flood_stage": 9.87,
        "major_stage": 11.87,
        "url": "https://tidesandcurrents.noaa.gov/stationhome.html?id=9410840",
        "city_lat": 34.0536909,
        "city_lon": -118.242766,
        "fetched_at": "2026-06-27T15:56:58.392950+00:00",
        "color": "#2d6a4f"
      }
    },
    {
      "type": "Feature",
      "geometry": {
        "type": "Point",
        "coordinates": [
          "-85.8786",
          "30.2138"
        ]
      },
      "properties": {
        "source": "NOAA",
        "site_id": "8729210",
        "site_name": "Panama City Beach",
        "lat": "30.2138",
        "lon": "-85.8786",
        "stage_ft": 1.581,
        "stage_datetime": "2026-06-27 15:42",
        "tier": "normal",
        "action_stage": 29.4,
        "flood_stage": 30.4,
        "major_stage": 32.4,
        "url": "https://tidesandcurrents.noaa.gov/stationhome.html?id=8729210",
        "city_lat": 30.8918676,
        "city_lon": -85.8138207,
        "fetched_at": "2026-06-27T15:56:58.392950+00:00",
        "color": "#2d6a4f"
      }
    },
    {
      "type": "Feature",
      "geometry": {
        "type": "Point",
        "coordinates": [
          "-124.2173",
          "40.7669"
        ]
      },
      "properties": {
        "source": "NOAA",
        "site_id": "9418767",
        "site_name": "North Spit",
        "lat": "40.7669",
        "lon": "-124.2173",
        "stage_ft": 3.236,
        "stage_datetime": "2026-06-27 15:48",
        "tier": "normal",
        "action_stage": 22.4,
        "flood_stage": 23.4,
        "major_stage": 25.4,
        "url": "https://tidesandcurrents.noaa.gov/stationhome.html?id=9418767",
        "city_lat": 40.5093232,
        "city_lon": -122.2809361,
        "fetched_at": "2026-06-27T15:56:58.392950+00:00",
        "color": "#2d6a4f"
      }
    },
    {
      "type": "Feature",
      "geometry": {
        "type": "Point",
        "coordinates": [
          "-74.0142",
          "40.7006"
        ]
      },
      "properties": {
        "source": "NOAA",
        "site_id": "8518750",
        "site_name": "The Battery",
        "lat": "40.7006",
        "lon": "-74.0142",
        "stage_ft": 1.821,
        "stage_datetime": "2026-06-27 15:48",
        "tier": "normal",
        "action_stage": 9.34,
        "flood_stage": 10.34,
        "major_stage": 12.34,
        "url": "https://tidesandcurrents.noaa.gov/stationhome.html?id=8518750",
        "city_lat": 40.7127281,
        "city_lon": -74.0060152,
        "fetched_at": "2026-06-27T15:56:58.392950+00:00",
        "color": "#2d6a4f"
      }
    },
    {
      "type": "Feature",
      "geometry": {
        "type": "Point",
        "coordinates": [
          "-74.0142",
          "40.7006"
        ]
      },
      "properties": {
        "source": "NOAA",
        "site_id": "8518750",
        "site_name": "The Battery",
        "lat": "40.7006",
        "lon": "-74.0142",
        "stage_ft": 1.821,
        "stage_datetime": "2026-06-27 15:48",
        "tier": "normal",
        "action_stage": 9.34,
        "flood_stage": 10.34,
        "major_stage": 12.34,
        "url": "https://tidesandcurrents.noaa.gov/stationhome.html?id=8518750",
        "city_lat": 40.7127281,
        "city_lon": -74.0060152,
        "fetched_at": "2026-06-27T15:56:58.392950+00:00",
        "color": "#2d6a4f"
      }
    },
    {
      "type": "Feature",
      "geometry": {
        "type": "Point",
        "coordinates": [
          "-74.0142",
          "40.7006"
        ]
      },
      "properties": {
        "source": "NOAA",
        "site_id": "8518750",
        "site_name": "The Battery",
        "lat": "40.7006",
        "lon": "-74.0142",
        "stage_ft": 1.821,
        "stage_datetime": "2026-06-27 15:48",
        "tier": "normal",
        "action_stage": 9.34,
        "flood_stage": 10.34,
        "major_stage": 12.34,
        "url": "https://tidesandcurrents.noaa.gov/stationhome.html?id=8518750",
        "city_lat": 40.7127281,
        "city_lon": -74.0060152,
        "fetched_at": "2026-06-27T15:56:58.392950+00:00",
        "color": "#2d6a4f"
      }
    },
    {
      "type": "Feature",
      "geometry": {
        "type": "Point",
        "coordinates": [
          "-118.5",
          "34.0083"
        ]
      },
      "properties": {
        "source": "NOAA",
        "site_id": "9410840",
        "site_name": "Santa Monica",
        "lat": "34.0083",
        "lon": "-118.5",
        "stage_ft": 3.55,
        "stage_datetime": "2026-06-27 15:42",
        "tier": "normal",
        "action_stage": 8.87,
        "flood_stage": 9.87,
        "major_stage": 11.87,
        "url": "https://tidesandcurrents.noaa.gov/stationhome.html?id=9410840",
        "city_lat": 34.0536909,
        "city_lon": -118.242766,
        "fetched_at": "2026-06-27T15:56:58.392950+00:00",
        "color": "#2d6a4f"
      }
    },
    {
      "type": "Feature",
      "geometry": {
        "type": "Point",
        "coordinates": [
          "-118.5",
          "34.0083"
        ]
      },
      "properties": {
        "source": "NOAA",
        "site_id": "9410840",
        "site_name": "Santa Monica",
        "lat": "34.0083",
        "lon": "-118.5",
        "stage_ft": 3.55,
        "stage_datetime": "2026-06-27 15:42",
        "tier": "normal",
        "action_stage": 8.87,
        "flood_stage": 9.87,
        "major_stage": 11.87,
        "url": "https://tidesandcurrents.noaa.gov/stationhome.html?id=9410840",
        "city_lat": 34.0536909,
        "city_lon": -118.242766,
        "fetched_at": "2026-06-27T15:56:58.392950+00:00",
        "color": "#2d6a4f"
      }
    },
    {
      "type": "Feature",
      "geometry": {
        "type": "Point",
        "coordinates": [
          "-118.5",
          "34.0083"
        ]
      },
      "properties": {
        "source": "NOAA",
        "site_id": "9410840",
        "site_name": "Santa Monica",
        "lat": "34.0083",
        "lon": "-118.5",
        "stage_ft": 3.55,
        "stage_datetime": "2026-06-27 15:42",
        "tier": "normal",
        "action_stage": 8.87,
        "flood_stage": 9.87,
        "major_stage": 11.87,
        "url": "https://tidesandcurrents.noaa.gov/stationhome.html?id=9410840",
        "city_lat": 34.0536909,
        "city_lon": -118.242766,
        "fetched_at": "2026-06-27T15:56:58.392950+00:00",
        "color": "#2d6a4f"
      }
    },
    {
      "type": "Feature",
      "geometry": {
        "type": "Point",
        "coordinates": [
          "-85.8786",
          "30.2138"
        ]
      },
      "properties": {
        "source": "NOAA",
        "site_id": "8729210",
        "site_name": "Panama City Beach",
        "lat": "30.2138",
        "lon": "-85.8786",
        "stage_ft": 1.581,
        "stage_datetime": "2026-06-27 15:42",
        "tier": "normal",
        "action_stage": 29.4,
        "flood_stage": 30.4,
        "major_stage": 32.4,
        "url": "https://tidesandcurrents.noaa.gov/stationhome.html?id=8729210",
        "city_lat": 30.8918676,
        "city_lon": -85.8138207,
        "fetched_at": "2026-06-27T15:56:58.392950+00:00",
        "color": "#2d6a4f"
      }
    },
    {
      "type": "Feature",
      "geometry": {
        "type": "Point",
        "coordinates": [
          "-77.0217",
          "38.8733"
        ]
      },
      "properties": {
        "source": "NOAA",
        "site_id": "8594900",
        "site_name": "Washington",
        "lat": "38.8733",
        "lon": "-77.0217",
        "stage_ft": 1.153,
        "stage_datetime": "2026-06-27 15:48",
        "tier": "normal",
        "action_stage": 8.72,
        "flood_stage": 9.72,
        "major_stage": 11.72,
        "url": "https://tidesandcurrents.noaa.gov/stationhome.html?id=8594900",
        "city_lat": 39.1088306,
        "city_lon": -79.6793255,
        "fetched_at": "2026-06-27T15:56:58.392950+00:00",
        "color": "#2d6a4f"
      }
    },
    {
      "type": "Feature",
      "geometry": {
        "type": "Point",
        "coordinates": [
          "-124.2173",
          "40.7669"
        ]
      },
      "properties": {
        "source": "NOAA",
        "site_id": "9418767",
        "site_name": "North Spit",
        "lat": "40.7669",
        "lon": "-124.2173",
        "stage_ft": 3.236,
        "stage_datetime": "2026-06-27 15:48",
        "tier": "normal",
        "action_stage": 22.4,
        "flood_stage": 23.4,
        "major_stage": 25.4,
        "url": "https://tidesandcurrents.noaa.gov/stationhome.html?id=9418767",
        "city_lat": 40.5264295,
        "city_lon": -122.2882592,
        "fetched_at": "2026-06-27T15:56:58.392950+00:00",
        "color": "#2d6a4f"
      }
    },
    {
      "type": "Feature",
      "geometry": {
        "type": "Point",
        "coordinates": [
          "-118.5",
          "34.0083"
        ]
      },
      "properties": {
        "source": "NOAA",
        "site_id": "9410840",
        "site_name": "Santa Monica",
        "lat": "34.0083",
        "lon": "-118.5",
        "stage_ft": 3.55,
        "stage_datetime": "2026-06-27 15:42",
        "tier": "normal",
        "action_stage": 8.87,
        "flood_stage": 9.87,
        "major_stage": 11.87,
        "url": "https://tidesandcurrents.noaa.gov/stationhome.html?id=9410840",
        "city_lat": 38.5564322,
        "city_lon": -110.7059594,
        "fetched_at": "2026-06-27T15:56:58.392950+00:00",
        "color": "#2d6a4f"
      }
    },
    {
      "type": "Feature",
      "geometry": {
        "type": "Point",
        "coordinates": [
          "-93.93",
          "29.8667"
        ]
      },
      "properties": {
        "source": "NOAA",
        "site_id": "8770475",
        "site_name": "Port Arthur",
        "lat": "29.8667",
        "lon": "-93.93",
        "stage_ft": 1.552,
        "stage_datetime": "2026-06-27 15:48",
        "tier": "normal",
        "action_stage": 6.65,
        "flood_stage": 7.65,
        "major_stage": 9.65,
        "url": "https://tidesandcurrents.noaa.gov/stationhome.html?id=8770475",
        "city_lat": 29.834772,
        "city_lon": -94.1704496,
        "fetched_at": "2026-06-27T15:56:58.392950+00:00",
        "color": "#2d6a4f"
      }
    },
    {
      "type": "Feature",
      "geometry": {
        "type": "Point",
        "coordinates": [
          "-87.2112",
          "30.4044"
        ]
      },
      "properties": {
        "source": "NOAA",
        "site_id": "8729840",
        "site_name": "Pensacola",
        "lat": "30.4044",
        "lon": "-87.2112",
        "stage_ft": 1.862,
        "stage_datetime": "2026-06-27 15:48",
        "tier": "normal",
        "action_stage": 10.69,
        "flood_stage": 11.69,
        "major_stage": 13.69,
        "url": "https://tidesandcurrents.noaa.gov/stationhome.html?id=8729840",
        "city_lat": 30.9087685,
        "city_lon": -86.5630661,
        "fetched_at": "2026-06-27T15:56:58.392950+00:00",
        "color": "#2d6a4f"
      }
    },
    {
      "type": "Feature",
      "geometry": {
        "type": "Point",
        "coordinates": [
          "-118.5",
          "34.0083"
        ]
      },
      "properties": {
        "source": "NOAA",
        "site_id": "9410840",
        "site_name": "Santa Monica",
        "lat": "34.0083",
        "lon": "-118.5",
        "stage_ft": 3.55,
        "stage_datetime": "2026-06-27 15:42",
        "tier": "normal",
        "action_stage": 8.87,
        "flood_stage": 9.87,
        "major_stage": 11.87,
        "url": "https://tidesandcurrents.noaa.gov/stationhome.html?id=9410840",
        "city_lat": 39.4225192,
        "city_lon": -111.714358,
        "fetched_at": "2026-06-27T15:56:58.392950+00:00",
        "color": "#2d6a4f"
      }
    },
    {
      "type": "Feature",
      "geometry": {
        "type": "Point",
        "coordinates": [
          "-118.5",
          "34.0083"
        ]
      },
      "properties": {
        "source": "NOAA",
        "site_id": "9410840",
        "site_name": "Santa Monica",
        "lat": "34.0083",
        "lon": "-118.5",
        "stage_ft": 3.55,
        "stage_datetime": "2026-06-27 15:42",
        "tier": "normal",
        "action_stage": 8.87,
        "flood_stage": 9.87,
        "major_stage": 11.87,
        "url": "https://tidesandcurrents.noaa.gov/stationhome.html?id=9410840",
        "city_lat": 39.4225192,
        "city_lon": -111.714358,
        "fetched_at": "2026-06-27T15:56:58.392950+00:00",
        "color": "#2d6a4f"
      }
    },
    {
      "type": "Feature",
      "geometry": {
        "type": "Point",
        "coordinates": [
          "-85.8786",
          "30.2138"
        ]
      },
      "properties": {
        "source": "NOAA",
        "site_id": "8729210",
        "site_name": "Panama City Beach",
        "lat": "30.2138",
        "lon": "-85.8786",
        "stage_ft": 1.581,
        "stage_datetime": "2026-06-27 15:42",
        "tier": "normal",
        "action_stage": 29.4,
        "flood_stage": 30.4,
        "major_stage": 32.4,
        "url": "https://tidesandcurrents.noaa.gov/stationhome.html?id=8729210",
        "city_lat": 30.8918676,
        "city_lon": -85.8138207,
        "fetched_at": "2026-06-27T15:56:58.392950+00:00",
        "color": "#2d6a4f"
      }
    },
    {
      "type": "Feature",
      "geometry": {
        "type": "Point",
        "coordinates": [
          "-77.0217",
          "38.8733"
        ]
      },
      "properties": {
        "source": "NOAA",
        "site_id": "8594900",
        "site_name": "Washington",
        "lat": "38.8733",
        "lon": "-77.0217",
        "stage_ft": 1.153,
        "stage_datetime": "2026-06-27 15:48",
        "tier": "normal",
        "action_stage": 8.72,
        "flood_stage": 9.72,
        "major_stage": 11.72,
        "url": "https://tidesandcurrents.noaa.gov/stationhome.html?id=8594900",
        "city_lat": 39.1088306,
        "city_lon": -79.6793255,
        "fetched_at": "2026-06-27T15:56:58.392950+00:00",
        "color": "#2d6a4f"
      }
    },
    {
      "type": "Feature",
      "geometry": {
        "type": "Point",
        "coordinates": [
          "-88.0736",
          "30.7819"
        ]
      },
      "properties": {
        "source": "NOAA",
        "site_id": "8737138",
        "site_name": "Chickasaw Creek",
        "lat": "30.7819",
        "lon": "-88.0736",
        "stage_ft": 2.516,
        "stage_datetime": "2026-06-27 15:48",
        "tier": "normal",
        "action_stage": 27.3,
        "flood_stage": 28.3,
        "major_stage": 30.3,
        "url": "https://tidesandcurrents.noaa.gov/stationhome.html?id=8737138",
        "city_lat": 35.066321,
        "city_lon": -89.4937379,
        "fetched_at": "2026-06-27T15:56:58.392950+00:00",
        "color": "#2d6a4f"
      }
    },
    {
      "type": "Feature",
      "geometry": {
        "type": "Point",
        "coordinates": [
          "-85.8786",
          "30.2138"
        ]
      },
      "properties": {
        "source": "NOAA",
        "site_id": "8729210",
        "site_name": "Panama City Beach",
        "lat": "30.2138",
        "lon": "-85.8786",
        "stage_ft": 1.581,
        "stage_datetime": "2026-06-27 15:42",
        "tier": "normal",
        "action_stage": 29.4,
        "flood_stage": 30.4,
        "major_stage": 32.4,
        "url": "https://tidesandcurrents.noaa.gov/stationhome.html?id=8729210",
        "city_lat": 30.8918676,
        "city_lon": -85.8138207,
        "fetched_at": "2026-06-27T15:56:58.392950+00:00",
        "color": "#2d6a4f"
      }
    },
    {
      "type": "Feature",
      "geometry": {
        "type": "Point",
        "coordinates": [
          "-87.2112",
          "30.4044"
        ]
      },
      "properties": {
        "source": "NOAA",
        "site_id": "8729840",
        "site_name": "Pensacola",
        "lat": "30.4044",
        "lon": "-87.2112",
        "stage_ft": 1.862,
        "stage_datetime": "2026-06-27 15:48",
        "tier": "normal",
        "action_stage": 10.69,
        "flood_stage": 11.69,
        "major_stage": 13.69,
        "url": "https://tidesandcurrents.noaa.gov/stationhome.html?id=8729840",
        "city_lat": 30.9087685,
        "city_lon": -86.5630661,
        "fetched_at": "2026-06-27T15:56:58.392950+00:00",
        "color": "#2d6a4f"
      }
    },
    {
      "type": "Feature",
      "geometry": {
        "type": "Point",
        "coordinates": [
          "-118.5",
          "34.0083"
        ]
      },
      "properties": {
        "source": "NOAA",
        "site_id": "9410840",
        "site_name": "Santa Monica",
        "lat": "34.0083",
        "lon": "-118.5",
        "stage_ft": 3.55,
        "stage_datetime": "2026-06-27 15:42",
        "tier": "normal",
        "action_stage": 8.87,
        "flood_stage": 9.87,
        "major_stage": 11.87,
        "url": "https://tidesandcurrents.noaa.gov/stationhome.html?id=9410840",
        "city_lat": 38.5981639,
        "city_lon": -110.6999678,
        "fetched_at": "2026-06-27T15:56:58.392950+00:00",
        "color": "#2d6a4f"
      }
    },
    {
      "type": "Feature",
      "geometry": {
        "type": "Point",
        "coordinates": [
          "-88.0736",
          "30.7819"
        ]
      },
      "properties": {
        "source": "NOAA",
        "site_id": "8737138",
        "site_name": "Chickasaw Creek",
        "lat": "30.7819",
        "lon": "-88.0736",
        "stage_ft": 2.516,
        "stage_datetime": "2026-06-27 15:48",
        "tier": "normal",
        "action_stage": 27.3,
        "flood_stage": 28.3,
        "major_stage": 30.3,
        "url": "https://tidesandcurrents.noaa.gov/stationhome.html?id=8737138",
        "city_lat": 35.066321,
        "city_lon": -89.4937379,
        "fetched_at": "2026-06-27T15:56:58.392950+00:00",
        "color": "#2d6a4f"
      }
    },
    {
      "type": "Feature",
      "geometry": {
        "type": "Point",
        "coordinates": [
          "-96.6098",
          "28.6406"
        ]
      },
      "properties": {
        "source": "NOAA",
        "site_id": "8773259",
        "site_name": "Port Lavaca",
        "lat": "28.6406",
        "lon": "-96.6098",
        "stage_ft": 1.302,
        "stage_datetime": "2026-06-27 15:48",
        "tier": "normal",
        "action_stage": 4.9,
        "flood_stage": 5.9,
        "major_stage": 7.9,
        "url": "https://tidesandcurrents.noaa.gov/stationhome.html?id=8773259",
        "city_lat": 30.2838412,
        "city_lon": -97.7326229,
        "fetched_at": "2026-06-27T15:56:58.392950+00:00",
        "color": "#2d6a4f"
      }
    },
    {
      "type": "Feature",
      "geometry": {
        "type": "Point",
        "coordinates": [
          "-96.6098",
          "28.6406"
        ]
      },
      "properties": {
        "source": "NOAA",
        "site_id": "8773259",
        "site_name": "Port Lavaca",
        "lat": "28.6406",
        "lon": "-96.6098",
        "stage_ft": 1.302,
        "stage_datetime": "2026-06-27 15:48",
        "tier": "normal",
        "action_stage": 4.9,
        "flood_stage": 5.9,
        "major_stage": 7.9,
        "url": "https://tidesandcurrents.noaa.gov/stationhome.html?id=8773259",
        "city_lat": 33.1665316,
        "city_lon": -100.7846477,
        "fetched_at": "2026-06-27T15:56:58.392950+00:00",
        "color": "#2d6a4f"
      }
    },
    {
      "type": "Feature",
      "geometry": {
        "type": "Point",
        "coordinates": [
          "-155.0556",
          "19.7303"
        ]
      },
      "properties": {
        "source": "NOAA",
        "site_id": "1617760",
        "site_name": "Hilo, Hilo Bay, Kuhio Bay",
        "lat": "19.7303",
        "lon": "-155.0556",
        "stage_ft": 0.492,
        "stage_datetime": "2026-06-27 15:48",
        "tier": "normal",
        "action_stage": 7.32,
        "flood_stage": 8.32,
        "major_stage": 10.32,
        "url": "https://tidesandcurrents.noaa.gov/stationhome.html?id=1617760",
        "city_lat": 19.5938015,
        "city_lon": -155.4283701,
        "fetched_at": "2026-06-27T15:56:58.392950+00:00",
        "color": "#2d6a4f"
      }
    },
    {
      "type": "Feature",
      "geometry": {
        "type": "Point",
        "coordinates": [
          "-88.0736",
          "30.7819"
        ]
      },
      "properties": {
        "source": "NOAA",
        "site_id": "8737138",
        "site_name": "Chickasaw Creek",
        "lat": "30.7819",
        "lon": "-88.0736",
        "stage_ft": 2.516,
        "stage_datetime": "2026-06-27 15:48",
        "tier": "normal",
        "action_stage": 27.3,
        "flood_stage": 28.3,
        "major_stage": 30.3,
        "url": "https://tidesandcurrents.noaa.gov/stationhome.html?id=8737138",
        "city_lat": 35.066321,
        "city_lon": -89.4937379,
        "fetched_at": "2026-06-27T15:56:58.392950+00:00",
        "color": "#2d6a4f"
      }
    },
    {
      "type": "Feature",
      "geometry": {
        "type": "Point",
        "coordinates": [
          "-88.0736",
          "30.7819"
        ]
      },
      "properties": {
        "source": "NOAA",
        "site_id": "8737138",
        "site_name": "Chickasaw Creek",
        "lat": "30.7819",
        "lon": "-88.0736",
        "stage_ft": 2.516,
        "stage_datetime": "2026-06-27 15:48",
        "tier": "normal",
        "action_stage": 27.3,
        "flood_stage": 28.3,
        "major_stage": 30.3,
        "url": "https://tidesandcurrents.noaa.gov/stationhome.html?id=8737138",
        "city_lat": 35.066321,
        "city_lon": -89.4937379,
        "fetched_at": "2026-06-27T15:56:58.392950+00:00",
        "color": "#2d6a4f"
      }
    },
    {
      "type": "Feature",
      "geometry": {
        "type": "Point",
        "coordinates": [
          "-122.3393",
          "47.6026"
        ]
      },
      "properties": {
        "source": "NOAA",
        "site_id": "9447130",
        "site_name": "Seattle",
        "lat": "47.6026",
        "lon": "-122.3393",
        "stage_ft": 0.612,
        "stage_datetime": "2026-06-27 15:48",
        "tier": "normal",
        "action_stage": 20.3,
        "flood_stage": 21.3,
        "major_stage": 23.3,
        "url": "https://tidesandcurrents.noaa.gov/stationhome.html?id=9447130",
        "city_lat": 47.8012197,
        "city_lon": -120.6276904,
        "fetched_at": "2026-06-27T15:56:58.392950+00:00",
        "color": "#2d6a4f"
      }
    },
    {
      "type": "Feature",
      "geometry": {
        "type": "Point",
        "coordinates": [
          "-156.469",
          "20.8949"
        ]
      },
      "properties": {
        "source": "NOAA",
        "site_id": "1615680",
        "site_name": "Kahului, Kahului Harbor",
        "lat": "20.8949",
        "lon": "-156.469",
        "stage_ft": 0.184,
        "stage_datetime": "2026-06-27 15:48",
        "tier": "normal",
        "action_stage": 5.66,
        "flood_stage": 6.66,
        "major_stage": 8.66,
        "url": "https://tidesandcurrents.noaa.gov/stationhome.html?id=1615680",
        "city_lat": 20.8029568,
        "city_lon": -156.3106833,
        "fetched_at": "2026-06-27T15:56:58.392950+00:00",
        "color": "#2d6a4f"
      }
    },
    {
      "type": "Feature",
      "geometry": {
        "type": "Point",
        "coordinates": [
          "-155.0556",
          "19.7303"
        ]
      },
      "properties": {
        "source": "NOAA",
        "site_id": "1617760",
        "site_name": "Hilo, Hilo Bay, Kuhio Bay",
        "lat": "19.7303",
        "lon": "-155.0556",
        "stage_ft": 0.492,
        "stage_datetime": "2026-06-27 15:48",
        "tier": "normal",
        "action_stage": 7.32,
        "flood_stage": 8.32,
        "major_stage": 10.32,
        "url": "https://tidesandcurrents.noaa.gov/stationhome.html?id=1617760",
        "city_lat": 19.5938015,
        "city_lon": -155.4283701,
        "fetched_at": "2026-06-27T15:56:58.392950+00:00",
        "color": "#2d6a4f"
      }
    },
    {
      "type": "Feature",
      "geometry": {
        "type": "Point",
        "coordinates": [
          "-122.3393",
          "47.6026"
        ]
      },
      "properties": {
        "source": "NOAA",
        "site_id": "9447130",
        "site_name": "Seattle",
        "lat": "47.6026",
        "lon": "-122.3393",
        "stage_ft": 0.612,
        "stage_datetime": "2026-06-27 15:48",
        "tier": "normal",
        "action_stage": 20.3,
        "flood_stage": 21.3,
        "major_stage": 23.3,
        "url": "https://tidesandcurrents.noaa.gov/stationhome.html?id=9447130",
        "city_lat": 46.9428831,
        "city_lon": -117.5286172,
        "fetched_at": "2026-06-27T15:56:58.392950+00:00",
        "color": "#2d6a4f"
      }
    },
    {
      "type": "Feature",
      "geometry": {
        "type": "Point",
        "coordinates": [
          "-155.0556",
          "19.7303"
        ]
      },
      "properties": {
        "source": "NOAA",
        "site_id": "1617760",
        "site_name": "Hilo, Hilo Bay, Kuhio Bay",
        "lat": "19.7303",
        "lon": "-155.0556",
        "stage_ft": 0.492,
        "stage_datetime": "2026-06-27 15:48",
        "tier": "normal",
        "action_stage": 7.32,
        "flood_stage": 8.32,
        "major_stage": 10.32,
        "url": "https://tidesandcurrents.noaa.gov/stationhome.html?id=1617760",
        "city_lat": 19.5895548,
        "city_lon": -155.4486983,
        "fetched_at": "2026-06-27T15:56:58.392950+00:00",
        "color": "#2d6a4f"
      }
    },
    {
      "type": "Feature",
      "geometry": {
        "type": "Point",
        "coordinates": [
          "-85.8786",
          "30.2138"
        ]
      },
      "properties": {
        "source": "NOAA",
        "site_id": "8729210",
        "site_name": "Panama City Beach",
        "lat": "30.2138",
        "lon": "-85.8786",
        "stage_ft": 1.581,
        "stage_datetime": "2026-06-27 15:42",
        "tier": "normal",
        "action_stage": 29.4,
        "flood_stage": 30.4,
        "major_stage": 32.4,
        "url": "https://tidesandcurrents.noaa.gov/stationhome.html?id=8729210",
        "city_lat": 32.735281,
        "city_lon": -85.8756362,
        "fetched_at": "2026-06-27T15:56:58.392950+00:00",
        "color": "#2d6a4f"
      }
    },
    {
      "type": "Feature",
      "geometry": {
        "type": "Point",
        "coordinates": [
          "-156.469",
          "20.8949"
        ]
      },
      "properties": {
        "source": "NOAA",
        "site_id": "1615680",
        "site_name": "Kahului, Kahului Harbor",
        "lat": "20.8949",
        "lon": "-156.469",
        "stage_ft": 0.184,
        "stage_datetime": "2026-06-27 15:48",
        "tier": "normal",
        "action_stage": 5.66,
        "flood_stage": 6.66,
        "major_stage": 8.66,
        "url": "https://tidesandcurrents.noaa.gov/stationhome.html?id=1615680",
        "city_lat": 21.1344895,
        "city_lon": -157.0071539,
        "fetched_at": "2026-06-27T15:56:58.392950+00:00",
        "color": "#2d6a4f"
      }
    },
    {
      "type": "Feature",
      "geometry": {
        "type": "Point",
        "coordinates": [
          "-155.0556",
          "19.7303"
        ]
      },
      "properties": {
        "source": "NOAA",
        "site_id": "1617760",
        "site_name": "Hilo, Hilo Bay, Kuhio Bay",
        "lat": "19.7303",
        "lon": "-155.0556",
        "stage_ft": 0.492,
        "stage_datetime": "2026-06-27 15:48",
        "tier": "normal",
        "action_stage": 7.32,
        "flood_stage": 8.32,
        "major_stage": 10.32,
        "url": "https://tidesandcurrents.noaa.gov/stationhome.html?id=1617760",
        "city_lat": 19.5895548,
        "city_lon": -155.4486983,
        "fetched_at": "2026-06-27T15:56:58.392950+00:00",
        "color": "#2d6a4f"
      }
    },
    {
      "type": "Feature",
      "geometry": {
        "type": "Point",
        "coordinates": [
          "-156.469",
          "20.8949"
        ]
      },
      "properties": {
        "source": "NOAA",
        "site_id": "1615680",
        "site_name": "Kahului, Kahului Harbor",
        "lat": "20.8949",
        "lon": "-156.469",
        "stage_ft": 0.184,
        "stage_datetime": "2026-06-27 15:48",
        "tier": "normal",
        "action_stage": 5.66,
        "flood_stage": 6.66,
        "major_stage": 8.66,
        "url": "https://tidesandcurrents.noaa.gov/stationhome.html?id=1615680",
        "city_lat": 20.8029568,
        "city_lon": -156.3106833,
        "fetched_at": "2026-06-27T15:56:58.392950+00:00",
        "color": "#2d6a4f"
      }
    },
    {
      "type": "Feature",
      "geometry": {
        "type": "Point",
        "coordinates": [
          "-155.0556",
          "19.7303"
        ]
      },
      "properties": {
        "source": "NOAA",
        "site_id": "1617760",
        "site_name": "Hilo, Hilo Bay, Kuhio Bay",
        "lat": "19.7303",
        "lon": "-155.0556",
        "stage_ft": 0.492,
        "stage_datetime": "2026-06-27 15:48",
        "tier": "normal",
        "action_stage": 7.32,
        "flood_stage": 8.32,
        "major_stage": 10.32,
        "url": "https://tidesandcurrents.noaa.gov/stationhome.html?id=1617760",
        "city_lat": 19.5895548,
        "city_lon": -155.4486983,
        "fetched_at": "2026-06-27T15:56:58.392950+00:00",
        "color": "#2d6a4f"
      }
    },
    {
      "type": "Feature",
      "geometry": {
        "type": "Point",
        "coordinates": [
          "-77.0217",
          "38.8733"
        ]
      },
      "properties": {
        "source": "NOAA",
        "site_id": "8594900",
        "site_name": "Washington",
        "lat": "38.8733",
        "lon": "-77.0217",
        "stage_ft": 1.153,
        "stage_datetime": "2026-06-27 15:48",
        "tier": "normal",
        "action_stage": 8.72,
        "flood_stage": 9.72,
        "major_stage": 11.72,
        "url": "https://tidesandcurrents.noaa.gov/stationhome.html?id=8594900",
        "city_lat": 38.8806677,
        "city_lon": -76.9899756,
        "fetched_at": "2026-06-27T15:56:58.392950+00:00",
        "color": "#2d6a4f"
      }
    },
    {
      "type": "Feature",
      "geometry": {
        "type": "Point",
        "coordinates": [
          "-85.8786",
          "30.2138"
        ]
      },
      "properties": {
        "source": "NOAA",
        "site_id": "8729210",
        "site_name": "Panama City Beach",
        "lat": "30.2138",
        "lon": "-85.8786",
        "stage_ft": 1.581,
        "stage_datetime": "2026-06-27 15:42",
        "tier": "normal",
        "action_stage": 29.4,
        "flood_stage": 30.4,
        "major_stage": 32.4,
        "url": "https://tidesandcurrents.noaa.gov/stationhome.html?id=8729210",
        "city_lat": 32.735281,
        "city_lon": -85.8756362,
        "fetched_at": "2026-06-27T15:56:58.392950+00:00",
        "color": "#2d6a4f"
      }
    },
    {
      "type": "Feature",
      "geometry": {
        "type": "Point",
        "coordinates": [
          "-118.5",
          "34.0083"
        ]
      },
      "properties": {
        "source": "NOAA",
        "site_id": "9410840",
        "site_name": "Santa Monica",
        "lat": "34.0083",
        "lon": "-118.5",
        "stage_ft": 3.55,
        "stage_datetime": "2026-06-27 15:42",
        "tier": "normal",
        "action_stage": 8.87,
        "flood_stage": 9.87,
        "major_stage": 11.87,
        "url": "https://tidesandcurrents.noaa.gov/stationhome.html?id=9410840",
        "city_lat": 34.0536909,
        "city_lon": -118.242766,
        "fetched_at": "2026-06-27T15:56:58.392950+00:00",
        "color": "#2d6a4f"
      }
    },
    {
      "type": "Feature",
      "geometry": {
        "type": "Point",
        "coordinates": [
          "-97.5207",
          "27.8461"
        ]
      },
      "properties": {
        "source": "NOAA",
        "site_id": "8775222",
        "site_name": "Viola Turning Basin",
        "lat": "27.8461",
        "lon": "-97.5207",
        "stage_ft": 0.922,
        "stage_datetime": "2026-06-27 15:48",
        "tier": "normal",
        "action_stage": 28.69,
        "flood_stage": 29.69,
        "major_stage": 31.69,
        "url": "https://tidesandcurrents.noaa.gov/stationhome.html?id=8775222",
        "city_lat": 29.357515,
        "city_lon": -100.8987707,
        "fetched_at": "2026-06-27T15:56:58.392950+00:00",
        "color": "#2d6a4f"
      }
    },
    {
      "type": "Feature",
      "geometry": {
        "type": "Point",
        "coordinates": [
          "-96.6098",
          "28.6406"
        ]
      },
      "properties": {
        "source": "NOAA",
        "site_id": "8773259",
        "site_name": "Port Lavaca",
        "lat": "28.6406",
        "lon": "-96.6098",
        "stage_ft": 1.302,
        "stage_datetime": "2026-06-27 15:48",
        "tier": "normal",
        "action_stage": 4.9,
        "flood_stage": 5.9,
        "major_stage": 7.9,
        "url": "https://tidesandcurrents.noaa.gov/stationhome.html?id=8773259",
        "city_lat": 31.2638905,
        "city_lon": -98.5456116,
        "fetched_at": "2026-06-27T15:56:58.392950+00:00",
        "color": "#2d6a4f"
      }
    },
    {
      "type": "Feature",
      "geometry": {
        "type": "Point",
        "coordinates": [
          "-95.2658",
          "29.7263"
        ]
      },
      "properties": {
        "source": "NOAA",
        "site_id": "8770777",
        "site_name": "Manchester",
        "lat": "29.7263",
        "lon": "-95.2658",
        "stage_ft": 1.943,
        "stage_datetime": "2026-06-27 15:48",
        "tier": "normal",
        "action_stage": 8.14,
        "flood_stage": 9.14,
        "major_stage": 11.14,
        "url": "https://tidesandcurrents.noaa.gov/stationhome.html?id=8770777",
        "city_lat": 38.27312,
        "city_lon": -98.5821872,
        "fetched_at": "2026-06-27T15:56:58.392950+00:00",
        "color": "#2d6a4f"
      }
    },
    {
      "type": "Feature",
      "geometry": {
        "type": "Point",
        "coordinates": [
          "-80.903",
          "32.0347"
        ]
      },
      "properties": {
        "source": "NOAA",
        "site_id": "8670870",
        "site_name": "Fort Pulaski",
        "lat": "32.0347",
        "lon": "-80.903",
        "stage_ft": 1.116,
        "stage_datetime": "2026-06-27 15:48",
        "tier": "normal",
        "action_stage": 12.0,
        "flood_stage": 13.0,
        "major_stage": 15.0,
        "url": "https://tidesandcurrents.noaa.gov/stationhome.html?id=8670870",
        "city_lat": 33.7544657,
        "city_lon": -84.3898151,
        "fetched_at": "2026-06-27T15:56:58.392950+00:00",
        "color": "#2d6a4f"
      }
    },
    {
      "type": "Feature",
      "geometry": {
        "type": "Point",
        "coordinates": [
          "-155.0556",
          "19.7303"
        ]
      },
      "properties": {
        "source": "NOAA",
        "site_id": "1617760",
        "site_name": "Hilo, Hilo Bay, Kuhio Bay",
        "lat": "19.7303",
        "lon": "-155.0556",
        "stage_ft": 0.492,
        "stage_datetime": "2026-06-27 15:48",
        "tier": "normal",
        "action_stage": 7.32,
        "flood_stage": 8.32,
        "major_stage": 10.32,
        "url": "https://tidesandcurrents.noaa.gov/stationhome.html?id=1617760",
        "city_lat": 19.5895548,
        "city_lon": -155.4486983,
        "fetched_at": "2026-06-27T15:56:58.392950+00:00",
        "color": "#2d6a4f"
      }
    },
    {
      "type": "Feature",
      "geometry": {
        "type": "Point",
        "coordinates": [
          "-155.0556",
          "19.7303"
        ]
      },
      "properties": {
        "source": "NOAA",
        "site_id": "1617760",
        "site_name": "Hilo, Hilo Bay, Kuhio Bay",
        "lat": "19.7303",
        "lon": "-155.0556",
        "stage_ft": 0.492,
        "stage_datetime": "2026-06-27 15:48",
        "tier": "normal",
        "action_stage": 7.32,
        "flood_stage": 8.32,
        "major_stage": 10.32,
        "url": "https://tidesandcurrents.noaa.gov/stationhome.html?id=1617760",
        "city_lat": 19.5895548,
        "city_lon": -155.4486983,
        "fetched_at": "2026-06-27T15:56:58.392950+00:00",
        "color": "#2d6a4f"
      }
    },
    {
      "type": "Feature",
      "geometry": {
        "type": "Point",
        "coordinates": [
          "-96.6098",
          "28.6406"
        ]
      },
      "properties": {
        "source": "NOAA",
        "site_id": "8773259",
        "site_name": "Port Lavaca",
        "lat": "28.6406",
        "lon": "-96.6098",
        "stage_ft": 1.302,
        "stage_datetime": "2026-06-27 15:48",
        "tier": "normal",
        "action_stage": 4.9,
        "flood_stage": 5.9,
        "major_stage": 7.9,
        "url": "https://tidesandcurrents.noaa.gov/stationhome.html?id=8773259",
        "city_lat": 29.8381635,
        "city_lon": -96.9559692,
        "fetched_at": "2026-06-27T15:56:58.392950+00:00",
        "color": "#2d6a4f"
      }
    },
    {
      "type": "Feature",
      "geometry": {
        "type": "Point",
        "coordinates": [
          "-96.6098",
          "28.6406"
        ]
      },
      "properties": {
        "source": "NOAA",
        "site_id": "8773259",
        "site_name": "Port Lavaca",
        "lat": "28.6406",
        "lon": "-96.6098",
        "stage_ft": 1.302,
        "stage_datetime": "2026-06-27 15:48",
        "tier": "normal",
        "action_stage": 4.9,
        "flood_stage": 5.9,
        "major_stage": 7.9,
        "url": "https://tidesandcurrents.noaa.gov/stationhome.html?id=8773259",
        "city_lat": 31.2638905,
        "city_lon": -98.5456116,
        "fetched_at": "2026-06-27T15:56:58.392950+00:00",
        "color": "#2d6a4f"
      }
    },
    {
      "type": "Feature",
      "geometry": {
        "type": "Point",
        "coordinates": [
          "-96.6098",
          "28.6406"
        ]
      },
      "properties": {
        "source": "NOAA",
        "site_id": "8773259",
        "site_name": "Port Lavaca",
        "lat": "28.6406",
        "lon": "-96.6098",
        "stage_ft": 1.302,
        "stage_datetime": "2026-06-27 15:48",
        "tier": "normal",
        "action_stage": 4.9,
        "flood_stage": 5.9,
        "major_stage": 7.9,
        "url": "https://tidesandcurrents.noaa.gov/stationhome.html?id=8773259",
        "city_lat": 30.0541116,
        "city_lon": -97.3887764,
        "fetched_at": "2026-06-27T15:56:58.392950+00:00",
        "color": "#2d6a4f"
      }
    },
    {
      "type": "Feature",
      "geometry": {
        "type": "Point",
        "coordinates": [
          "-155.0556",
          "19.7303"
        ]
      },
      "properties": {
        "source": "NOAA",
        "site_id": "1617760",
        "site_name": "Hilo, Hilo Bay, Kuhio Bay",
        "lat": "19.7303",
        "lon": "-155.0556",
        "stage_ft": 0.492,
        "stage_datetime": "2026-06-27 15:48",
        "tier": "normal",
        "action_stage": 7.32,
        "flood_stage": 8.32,
        "major_stage": 10.32,
        "url": "https://tidesandcurrents.noaa.gov/stationhome.html?id=1617760",
        "city_lat": 19.5938015,
        "city_lon": -155.4283701,
        "fetched_at": "2026-06-27T15:56:58.392950+00:00",
        "color": "#2d6a4f"
      }
    },
    {
      "type": "Feature",
      "geometry": {
        "type": "Point",
        "coordinates": [
          "-96.6098",
          "28.6406"
        ]
      },
      "properties": {
        "source": "NOAA",
        "site_id": "8773259",
        "site_name": "Port Lavaca",
        "lat": "28.6406",
        "lon": "-96.6098",
        "stage_ft": 1.302,
        "stage_datetime": "2026-06-27 15:48",
        "tier": "normal",
        "action_stage": 4.9,
        "flood_stage": 5.9,
        "major_stage": 7.9,
        "url": "https://tidesandcurrents.noaa.gov/stationhome.html?id=8773259",
        "city_lat": 31.4598795,
        "city_lon": -100.4654197,
        "fetched_at": "2026-06-27T15:56:58.392950+00:00",
        "color": "#2d6a4f"
      }
    },
    {
      "type": "Feature",
      "geometry": {
        "type": "Point",
        "coordinates": [
          "-96.6098",
          "28.6406"
        ]
      },
      "properties": {
        "source": "NOAA",
        "site_id": "8773259",
        "site_name": "Port Lavaca",
        "lat": "28.6406",
        "lon": "-96.6098",
        "stage_ft": 1.302,
        "stage_datetime": "2026-06-27 15:48",
        "tier": "normal",
        "action_stage": 4.9,
        "flood_stage": 5.9,
        "major_stage": 7.9,
        "url": "https://tidesandcurrents.noaa.gov/stationhome.html?id=8773259",
        "city_lat": 33.1665316,
        "city_lon": -100.7846477,
        "fetched_at": "2026-06-27T15:56:58.392950+00:00",
        "color": "#2d6a4f"
      }
    },
    {
      "type": "Feature",
      "geometry": {
        "type": "Point",
        "coordinates": [
          "-96.6098",
          "28.6406"
        ]
      },
      "properties": {
        "source": "NOAA",
        "site_id": "8773259",
        "site_name": "Port Lavaca",
        "lat": "28.6406",
        "lon": "-96.6098",
        "stage_ft": 1.302,
        "stage_datetime": "2026-06-27 15:48",
        "tier": "normal",
        "action_stage": 4.9,
        "flood_stage": 5.9,
        "major_stage": 7.9,
        "url": "https://tidesandcurrents.noaa.gov/stationhome.html?id=8773259",
        "city_lat": 29.8381635,
        "city_lon": -96.9559692,
        "fetched_at": "2026-06-27T15:56:58.392950+00:00",
        "color": "#2d6a4f"
      }
    },
    {
      "type": "Feature",
      "geometry": {
        "type": "Point",
        "coordinates": [
          "-96.6098",
          "28.6406"
        ]
      },
      "properties": {
        "source": "NOAA",
        "site_id": "8773259",
        "site_name": "Port Lavaca",
        "lat": "28.6406",
        "lon": "-96.6098",
        "stage_ft": 1.302,
        "stage_datetime": "2026-06-27 15:48",
        "tier": "normal",
        "action_stage": 4.9,
        "flood_stage": 5.9,
        "major_stage": 7.9,
        "url": "https://tidesandcurrents.noaa.gov/stationhome.html?id=8773259",
        "city_lat": 31.2638905,
        "city_lon": -98.5456116,
        "fetched_at": "2026-06-27T15:56:58.392950+00:00",
        "color": "#2d6a4f"
      }
    },
    {
      "type": "Feature",
      "geometry": {
        "type": "Point",
        "coordinates": [
          "-96.6098",
          "28.6406"
        ]
      },
      "properties": {
        "source": "NOAA",
        "site_id": "8773259",
        "site_name": "Port Lavaca",
        "lat": "28.6406",
        "lon": "-96.6098",
        "stage_ft": 1.302,
        "stage_datetime": "2026-06-27 15:48",
        "tier": "normal",
        "action_stage": 4.9,
        "flood_stage": 5.9,
        "major_stage": 7.9,
        "url": "https://tidesandcurrents.noaa.gov/stationhome.html?id=8773259",
        "city_lat": 31.2638905,
        "city_lon": -98.5456116,
        "fetched_at": "2026-06-27T15:56:58.392950+00:00",
        "color": "#2d6a4f"
      }
    },
    {
      "type": "Feature",
      "geometry": {
        "type": "Point",
        "coordinates": [
          "-95.2658",
          "29.7263"
        ]
      },
      "properties": {
        "source": "NOAA",
        "site_id": "8770777",
        "site_name": "Manchester",
        "lat": "29.7263",
        "lon": "-95.2658",
        "stage_ft": 1.943,
        "stage_datetime": "2026-06-27 15:48",
        "tier": "normal",
        "action_stage": 8.14,
        "flood_stage": 9.14,
        "major_stage": 11.14,
        "url": "https://tidesandcurrents.noaa.gov/stationhome.html?id=8770777",
        "city_lat": 29.7589382,
        "city_lon": -95.3676974,
        "fetched_at": "2026-06-27T15:56:58.392950+00:00",
        "color": "#2d6a4f"
      }
    },
    {
      "type": "Feature",
      "geometry": {
        "type": "Point",
        "coordinates": [
          "-156.469",
          "20.8949"
        ]
      },
      "properties": {
        "source": "NOAA",
        "site_id": "1615680",
        "site_name": "Kahului, Kahului Harbor",
        "lat": "20.8949",
        "lon": "-156.469",
        "stage_ft": 0.184,
        "stage_datetime": "2026-06-27 15:48",
        "tier": "normal",
        "action_stage": 5.66,
        "flood_stage": 6.66,
        "major_stage": 8.66,
        "url": "https://tidesandcurrents.noaa.gov/stationhome.html?id=1615680",
        "city_lat": 20.7580586,
        "city_lon": -156.3105232,
        "fetched_at": "2026-06-27T15:56:58.392950+00:00",
        "color": "#2d6a4f"
      }
    },
    {
      "type": "Feature",
      "geometry": {
        "type": "Point",
        "coordinates": [
          "-95.2658",
          "29.7263"
        ]
      },
      "properties": {
        "source": "NOAA",
        "site_id": "8770777",
        "site_name": "Manchester",
        "lat": "29.7263",
        "lon": "-95.2658",
        "stage_ft": 1.943,
        "stage_datetime": "2026-06-27 15:48",
        "tier": "normal",
        "action_stage": 8.14,
        "flood_stage": 9.14,
        "major_stage": 11.14,
        "url": "https://tidesandcurrents.noaa.gov/stationhome.html?id=8770777",
        "city_lat": 33.3926893,
        "city_lon": -95.6749486,
        "fetched_at": "2026-06-27T15:56:58.392950+00:00",
        "color": "#2d6a4f"
      }
    },
    {
      "type": "Feature",
      "geometry": {
        "type": "Point",
        "coordinates": [
          "-118.5",
          "34.0083"
        ]
      },
      "properties": {
        "source": "NOAA",
        "site_id": "9410840",
        "site_name": "Santa Monica",
        "lat": "34.0083",
        "lon": "-118.5",
        "stage_ft": 3.55,
        "stage_datetime": "2026-06-27 15:42",
        "tier": "normal",
        "action_stage": 8.87,
        "flood_stage": 9.87,
        "major_stage": 11.87,
        "url": "https://tidesandcurrents.noaa.gov/stationhome.html?id=9410840",
        "city_lat": 34.0536909,
        "city_lon": -118.242766,
        "fetched_at": "2026-06-27T15:56:58.392950+00:00",
        "color": "#2d6a4f"
      }
    },
    {
      "type": "Feature",
      "geometry": {
        "type": "Point",
        "coordinates": [
          "-118.5",
          "34.0083"
        ]
      },
      "properties": {
        "source": "NOAA",
        "site_id": "9410840",
        "site_name": "Santa Monica",
        "lat": "34.0083",
        "lon": "-118.5",
        "stage_ft": 3.55,
        "stage_datetime": "2026-06-27 15:42",
        "tier": "normal",
        "action_stage": 8.87,
        "flood_stage": 9.87,
        "major_stage": 11.87,
        "url": "https://tidesandcurrents.noaa.gov/stationhome.html?id=9410840",
        "city_lat": 34.0536909,
        "city_lon": -118.242766,
        "fetched_at": "2026-06-27T15:56:58.392950+00:00",
        "color": "#2d6a4f"
      }
    },
    {
      "type": "Feature",
      "geometry": {
        "type": "Point",
        "coordinates": [
          "-96.6098",
          "28.6406"
        ]
      },
      "properties": {
        "source": "NOAA",
        "site_id": "8773259",
        "site_name": "Port Lavaca",
        "lat": "28.6406",
        "lon": "-96.6098",
        "stage_ft": 1.302,
        "stage_datetime": "2026-06-27 15:48",
        "tier": "normal",
        "action_stage": 4.9,
        "flood_stage": 5.9,
        "major_stage": 7.9,
        "url": "https://tidesandcurrents.noaa.gov/stationhome.html?id=8773259",
        "city_lat": 31.4598795,
        "city_lon": -100.4654197,
        "fetched_at": "2026-06-27T15:56:58.392950+00:00",
        "color": "#2d6a4f"
      }
    },
    {
      "type": "Feature",
      "geometry": {
        "type": "Point",
        "coordinates": [
          "-118.5",
          "34.0083"
        ]
      },
      "properties": {
        "source": "NOAA",
        "site_id": "9410840",
        "site_name": "Santa Monica",
        "lat": "34.0083",
        "lon": "-118.5",
        "stage_ft": 3.55,
        "stage_datetime": "2026-06-27 15:42",
        "tier": "normal",
        "action_stage": 8.87,
        "flood_stage": 9.87,
        "major_stage": 11.87,
        "url": "https://tidesandcurrents.noaa.gov/stationhome.html?id=9410840",
        "city_lat": 37.201902,
        "city_lon": -113.187854,
        "fetched_at": "2026-06-27T15:56:58.392950+00:00",
        "color": "#2d6a4f"
      }
    },
    {
      "type": "Feature",
      "geometry": {
        "type": "Point",
        "coordinates": [
          "-96.6098",
          "28.6406"
        ]
      },
      "properties": {
        "source": "NOAA",
        "site_id": "8773259",
        "site_name": "Port Lavaca",
        "lat": "28.6406",
        "lon": "-96.6098",
        "stage_ft": 1.302,
        "stage_datetime": "2026-06-27 15:48",
        "tier": "normal",
        "action_stage": 4.9,
        "flood_stage": 5.9,
        "major_stage": 7.9,
        "url": "https://tidesandcurrents.noaa.gov/stationhome.html?id=8773259",
        "city_lat": 30.705029,
        "city_lon": -99.2233284,
        "fetched_at": "2026-06-27T15:56:58.392950+00:00",
        "color": "#2d6a4f"
      }
    },
    {
      "type": "Feature",
      "geometry": {
        "type": "Point",
        "coordinates": [
          "-118.5",
          "34.0083"
        ]
      },
      "properties": {
        "source": "NOAA",
        "site_id": "9410840",
        "site_name": "Santa Monica",
        "lat": "34.0083",
        "lon": "-118.5",
        "stage_ft": 3.55,
        "stage_datetime": "2026-06-27 15:42",
        "tier": "normal",
        "action_stage": 8.87,
        "flood_stage": 9.87,
        "major_stage": 11.87,
        "url": "https://tidesandcurrents.noaa.gov/stationhome.html?id=9410840",
        "city_lat": 34.3155072,
        "city_lon": -118.209681,
        "fetched_at": "2026-06-27T15:56:58.392950+00:00",
        "color": "#2d6a4f"
      }
    },
    {
      "type": "Feature",
      "geometry": {
        "type": "Point",
        "coordinates": [
          "-118.5",
          "34.0083"
        ]
      },
      "properties": {
        "source": "NOAA",
        "site_id": "9410840",
        "site_name": "Santa Monica",
        "lat": "34.0083",
        "lon": "-118.5",
        "stage_ft": 3.55,
        "stage_datetime": "2026-06-27 15:42",
        "tier": "normal",
        "action_stage": 8.87,
        "flood_stage": 9.87,
        "major_stage": 11.87,
        "url": "https://tidesandcurrents.noaa.gov/stationhome.html?id=9410840",
        "city_lat": 34.0536909,
        "city_lon": -118.242766,
        "fetched_at": "2026-06-27T15:56:58.392950+00:00",
        "color": "#2d6a4f"
      }
    },
    {
      "type": "Feature",
      "geometry": {
        "type": "Point",
        "coordinates": [
          "-156.469",
          "20.8949"
        ]
      },
      "properties": {
        "source": "NOAA",
        "site_id": "1615680",
        "site_name": "Kahului, Kahului Harbor",
        "lat": "20.8949",
        "lon": "-156.469",
        "stage_ft": 0.184,
        "stage_datetime": "2026-06-27 15:48",
        "tier": "normal",
        "action_stage": 5.66,
        "flood_stage": 6.66,
        "major_stage": 8.66,
        "url": "https://tidesandcurrents.noaa.gov/stationhome.html?id=1615680",
        "city_lat": 20.7580586,
        "city_lon": -156.3105232,
        "fetched_at": "2026-06-27T15:56:58.392950+00:00",
        "color": "#2d6a4f"
      }
    },
    {
      "type": "Feature",
      "geometry": {
        "type": "Point",
        "coordinates": [
          "-118.5",
          "34.0083"
        ]
      },
      "properties": {
        "source": "NOAA",
        "site_id": "9410840",
        "site_name": "Santa Monica",
        "lat": "34.0083",
        "lon": "-118.5",
        "stage_ft": 3.55,
        "stage_datetime": "2026-06-27 15:42",
        "tier": "normal",
        "action_stage": 8.87,
        "flood_stage": 9.87,
        "major_stage": 11.87,
        "url": "https://tidesandcurrents.noaa.gov/stationhome.html?id=9410840",
        "city_lat": 34.0536909,
        "city_lon": -118.242766,
        "fetched_at": "2026-06-27T15:56:58.392950+00:00",
        "color": "#2d6a4f"
      }
    },
    {
      "type": "Feature",
      "geometry": {
        "type": "Point",
        "coordinates": [
          "-118.5",
          "34.0083"
        ]
      },
      "properties": {
        "source": "NOAA",
        "site_id": "9410840",
        "site_name": "Santa Monica",
        "lat": "34.0083",
        "lon": "-118.5",
        "stage_ft": 3.55,
        "stage_datetime": "2026-06-27 15:42",
        "tier": "normal",
        "action_stage": 8.87,
        "flood_stage": 9.87,
        "major_stage": 11.87,
        "url": "https://tidesandcurrents.noaa.gov/stationhome.html?id=9410840",
        "city_lat": 34.0536909,
        "city_lon": -118.242766,
        "fetched_at": "2026-06-27T15:56:58.392950+00:00",
        "color": "#2d6a4f"
      }
    },
    {
      "type": "Feature",
      "geometry": {
        "type": "Point",
        "coordinates": [
          "-118.5",
          "34.0083"
        ]
      },
      "properties": {
        "source": "NOAA",
        "site_id": "9410840",
        "site_name": "Santa Monica",
        "lat": "34.0083",
        "lon": "-118.5",
        "stage_ft": 3.55,
        "stage_datetime": "2026-06-27 15:42",
        "tier": "normal",
        "action_stage": 8.87,
        "flood_stage": 9.87,
        "major_stage": 11.87,
        "url": "https://tidesandcurrents.noaa.gov/stationhome.html?id=9410840",
        "city_lat": 34.3155072,
        "city_lon": -118.209681,
        "fetched_at": "2026-06-27T15:56:58.392950+00:00",
        "color": "#2d6a4f"
      }
    },
    {
      "type": "Feature",
      "geometry": {
        "type": "Point",
        "coordinates": [
          "-118.5",
          "34.0083"
        ]
      },
      "properties": {
        "source": "NOAA",
        "site_id": "9410840",
        "site_name": "Santa Monica",
        "lat": "34.0083",
        "lon": "-118.5",
        "stage_ft": 3.55,
        "stage_datetime": "2026-06-27 15:42",
        "tier": "normal",
        "action_stage": 8.87,
        "flood_stage": 9.87,
        "major_stage": 11.87,
        "url": "https://tidesandcurrents.noaa.gov/stationhome.html?id=9410840",
        "city_lat": 34.0536909,
        "city_lon": -118.242766,
        "fetched_at": "2026-06-27T15:56:58.392950+00:00",
        "color": "#2d6a4f"
      }
    },
    {
      "type": "Feature",
      "geometry": {
        "type": "Point",
        "coordinates": [
          "-96.6098",
          "28.6406"
        ]
      },
      "properties": {
        "source": "NOAA",
        "site_id": "8773259",
        "site_name": "Port Lavaca",
        "lat": "28.6406",
        "lon": "-96.6098",
        "stage_ft": 1.302,
        "stage_datetime": "2026-06-27 15:48",
        "tier": "normal",
        "action_stage": 4.9,
        "flood_stage": 5.9,
        "major_stage": 7.9,
        "url": "https://tidesandcurrents.noaa.gov/stationhome.html?id=8773259",
        "city_lat": 33.1665316,
        "city_lon": -100.7846477,
        "fetched_at": "2026-06-27T15:56:58.392950+00:00",
        "color": "#2d6a4f"
      }
    },
    {
      "type": "Feature",
      "geometry": {
        "type": "Point",
        "coordinates": [
          "-118.5",
          "34.0083"
        ]
      },
      "properties": {
        "source": "NOAA",
        "site_id": "9410840",
        "site_name": "Santa Monica",
        "lat": "34.0083",
        "lon": "-118.5",
        "stage_ft": 3.55,
        "stage_datetime": "2026-06-27 15:42",
        "tier": "normal",
        "action_stage": 8.87,
        "flood_stage": 9.87,
        "major_stage": 11.87,
        "url": "https://tidesandcurrents.noaa.gov/stationhome.html?id=9410840",
        "city_lat": 34.0536909,
        "city_lon": -118.242766,
        "fetched_at": "2026-06-27T15:56:58.392950+00:00",
        "color": "#2d6a4f"
      }
    },
    {
      "type": "Feature",
      "geometry": {
        "type": "Point",
        "coordinates": [
          "-118.5",
          "34.0083"
        ]
      },
      "properties": {
        "source": "NOAA",
        "site_id": "9410840",
        "site_name": "Santa Monica",
        "lat": "34.0083",
        "lon": "-118.5",
        "stage_ft": 3.55,
        "stage_datetime": "2026-06-27 15:42",
        "tier": "normal",
        "action_stage": 8.87,
        "flood_stage": 9.87,
        "major_stage": 11.87,
        "url": "https://tidesandcurrents.noaa.gov/stationhome.html?id=9410840",
        "city_lat": 37.1921704,
        "city_lon": -112.945049,
        "fetched_at": "2026-06-27T15:56:58.392950+00:00",
        "color": "#2d6a4f"
      }
    },
    {
      "type": "Feature",
      "geometry": {
        "type": "Point",
        "coordinates": [
          "-74.0142",
          "40.7006"
        ]
      },
      "properties": {
        "source": "NOAA",
        "site_id": "8518750",
        "site_name": "The Battery",
        "lat": "40.7006",
        "lon": "-74.0142",
        "stage_ft": 1.821,
        "stage_datetime": "2026-06-27 15:48",
        "tier": "normal",
        "action_stage": 9.34,
        "flood_stage": 10.34,
        "major_stage": 12.34,
        "url": "https://tidesandcurrents.noaa.gov/stationhome.html?id=8518750",
        "city_lat": 40.7127281,
        "city_lon": -74.0060152,
        "fetched_at": "2026-06-27T15:56:58.392950+00:00",
        "color": "#2d6a4f"
      }
    },
    {
      "type": "Feature",
      "geometry": {
        "type": "Point",
        "coordinates": [
          "-74.0142",
          "40.7006"
        ]
      },
      "properties": {
        "source": "NOAA",
        "site_id": "8518750",
        "site_name": "The Battery",
        "lat": "40.7006",
        "lon": "-74.0142",
        "stage_ft": 1.821,
        "stage_datetime": "2026-06-27 15:48",
        "tier": "normal",
        "action_stage": 9.34,
        "flood_stage": 10.34,
        "major_stage": 12.34,
        "url": "https://tidesandcurrents.noaa.gov/stationhome.html?id=8518750",
        "city_lat": 40.9678345,
        "city_lon": -74.0563254,
        "fetched_at": "2026-06-27T15:56:58.392950+00:00",
        "color": "#2d6a4f"
      }
    },
    {
      "type": "Feature",
      "geometry": {
        "type": "Point",
        "coordinates": [
          "-74.0142",
          "40.7006"
        ]
      },
      "properties": {
        "source": "NOAA",
        "site_id": "8518750",
        "site_name": "The Battery",
        "lat": "40.7006",
        "lon": "-74.0142",
        "stage_ft": 1.821,
        "stage_datetime": "2026-06-27 15:48",
        "tier": "normal",
        "action_stage": 9.34,
        "flood_stage": 10.34,
        "major_stage": 12.34,
        "url": "https://tidesandcurrents.noaa.gov/stationhome.html?id=8518750",
        "city_lat": 40.5834557,
        "city_lon": -74.1496048,
        "fetched_at": "2026-06-27T15:56:58.392950+00:00",
        "color": "#2d6a4f"
      }
    },
    {
      "type": "Feature",
      "geometry": {
        "type": "Point",
        "coordinates": [
          "-74.0142",
          "40.7006"
        ]
      },
      "properties": {
        "source": "NOAA",
        "site_id": "8518750",
        "site_name": "The Battery",
        "lat": "40.7006",
        "lon": "-74.0142",
        "stage_ft": 1.821,
        "stage_datetime": "2026-06-27 15:48",
        "tier": "normal",
        "action_stage": 9.34,
        "flood_stage": 10.34,
        "major_stage": 12.34,
        "url": "https://tidesandcurrents.noaa.gov/stationhome.html?id=8518750",
        "city_lat": 40.6798923,
        "city_lon": -73.9678472,
        "fetched_at": "2026-06-27T15:56:58.392950+00:00",
        "color": "#2d6a4f"
      }
    },
    {
      "type": "Feature",
      "geometry": {
        "type": "Point",
        "coordinates": [
          "-88.0736",
          "30.7819"
        ]
      },
      "properties": {
        "source": "NOAA",
        "site_id": "8737138",
        "site_name": "Chickasaw Creek",
        "lat": "30.7819",
        "lon": "-88.0736",
        "stage_ft": 2.516,
        "stage_datetime": "2026-06-27 15:48",
        "tier": "normal",
        "action_stage": 27.3,
        "flood_stage": 28.3,
        "major_stage": 30.3,
        "url": "https://tidesandcurrents.noaa.gov/stationhome.html?id=8737138",
        "city_lat": 33.2588817,
        "city_lon": -86.8295337,
        "fetched_at": "2026-06-27T15:56:58.392950+00:00",
        "color": "#2d6a4f"
      }
    },
    {
      "type": "Feature",
      "geometry": {
        "type": "Point",
        "coordinates": [
          "-77.0217",
          "38.8733"
        ]
      },
      "properties": {
        "source": "NOAA",
        "site_id": "8594900",
        "site_name": "Washington",
        "lat": "38.8733",
        "lon": "-77.0217",
        "stage_ft": 1.153,
        "stage_datetime": "2026-06-27 15:48",
        "tier": "normal",
        "action_stage": 8.72,
        "flood_stage": 9.72,
        "major_stage": 11.72,
        "url": "https://tidesandcurrents.noaa.gov/stationhome.html?id=8594900",
        "city_lat": 38.8832668,
        "city_lon": -76.9414603,
        "fetched_at": "2026-06-27T15:56:58.392950+00:00",
        "color": "#2d6a4f"
      }
    },
    {
      "type": "Feature",
      "geometry": {
        "type": "Point",
        "coordinates": [
          "-88.0736",
          "30.7819"
        ]
      },
      "properties": {
        "source": "NOAA",
        "site_id": "8737138",
        "site_name": "Chickasaw Creek",
        "lat": "30.7819",
        "lon": "-88.0736",
        "stage_ft": 2.516,
        "stage_datetime": "2026-06-27 15:48",
        "tier": "normal",
        "action_stage": 27.3,
        "flood_stage": 28.3,
        "major_stage": 30.3,
        "url": "https://tidesandcurrents.noaa.gov/stationhome.html?id=8737138",
        "city_lat": 32.9715285,
        "city_lon": -89.7348497,
        "fetched_at": "2026-06-27T15:56:58.392950+00:00",
        "color": "#2d6a4f"
      }
    },
    {
      "type": "Feature",
      "geometry": {
        "type": "Point",
        "coordinates": [
          "-118.5",
          "34.0083"
        ]
      },
      "properties": {
        "source": "NOAA",
        "site_id": "9410840",
        "site_name": "Santa Monica",
        "lat": "34.0083",
        "lon": "-118.5",
        "stage_ft": 3.55,
        "stage_datetime": "2026-06-27 15:42",
        "tier": "normal",
        "action_stage": 8.87,
        "flood_stage": 9.87,
        "major_stage": 11.87,
        "url": "https://tidesandcurrents.noaa.gov/stationhome.html?id=9410840",
        "city_lat": 34.3155072,
        "city_lon": -118.209681,
        "fetched_at": "2026-06-27T15:56:58.392950+00:00",
        "color": "#2d6a4f"
      }
    },
    {
      "type": "Feature",
      "geometry": {
        "type": "Point",
        "coordinates": [
          "-97.5207",
          "27.8461"
        ]
      },
      "properties": {
        "source": "NOAA",
        "site_id": "8775222",
        "site_name": "Viola Turning Basin",
        "lat": "27.8461",
        "lon": "-97.5207",
        "stage_ft": 0.922,
        "stage_datetime": "2026-06-27 15:48",
        "tier": "normal",
        "action_stage": 28.69,
        "flood_stage": 29.69,
        "major_stage": 31.69,
        "url": "https://tidesandcurrents.noaa.gov/stationhome.html?id=8775222",
        "city_lat": 29.4246002,
        "city_lon": -98.4951405,
        "fetched_at": "2026-06-27T15:56:58.392950+00:00",
        "color": "#2d6a4f"
      }
    },
    {
      "type": "Feature",
      "geometry": {
        "type": "Point",
        "coordinates": [
          "-97.5207",
          "27.8461"
        ]
      },
      "properties": {
        "source": "NOAA",
        "site_id": "8775222",
        "site_name": "Viola Turning Basin",
        "lat": "27.8461",
        "lon": "-97.5207",
        "stage_ft": 0.922,
        "stage_datetime": "2026-06-27 15:48",
        "tier": "normal",
        "action_stage": 28.69,
        "flood_stage": 29.69,
        "major_stage": 31.69,
        "url": "https://tidesandcurrents.noaa.gov/stationhome.html?id=8775222",
        "city_lat": 29.4263987,
        "city_lon": -98.5104781,
        "fetched_at": "2026-06-27T15:56:58.392950+00:00",
        "color": "#2d6a4f"
      }
    },
    {
      "type": "Feature",
      "geometry": {
        "type": "Point",
        "coordinates": [
          "-97.5207",
          "27.8461"
        ]
      },
      "properties": {
        "source": "NOAA",
        "site_id": "8775222",
        "site_name": "Viola Turning Basin",
        "lat": "27.8461",
        "lon": "-97.5207",
        "stage_ft": 0.922,
        "stage_datetime": "2026-06-27 15:48",
        "tier": "normal",
        "action_stage": 28.69,
        "flood_stage": 29.69,
        "major_stage": 31.69,
        "url": "https://tidesandcurrents.noaa.gov/stationhome.html?id=8775222",
        "city_lat": 29.1589961,
        "city_lon": -98.1251465,
        "fetched_at": "2026-06-27T15:56:58.392950+00:00",
        "color": "#2d6a4f"
      }
    },
    {
      "type": "Feature",
      "geometry": {
        "type": "Point",
        "coordinates": [
          "-97.5207",
          "27.8461"
        ]
      },
      "properties": {
        "source": "NOAA",
        "site_id": "8775222",
        "site_name": "Viola Turning Basin",
        "lat": "27.8461",
        "lon": "-97.5207",
        "stage_ft": 0.922,
        "stage_datetime": "2026-06-27 15:48",
        "tier": "normal",
        "action_stage": 28.69,
        "flood_stage": 29.69,
        "major_stage": 31.69,
        "url": "https://tidesandcurrents.noaa.gov/stationhome.html?id=8775222",
        "city_lat": 29.4263987,
        "city_lon": -98.5104781,
        "fetched_at": "2026-06-27T15:56:58.392950+00:00",
        "color": "#2d6a4f"
      }
    },
    {
      "type": "Feature",
      "geometry": {
        "type": "Point",
        "coordinates": [
          "-97.5207",
          "27.8461"
        ]
      },
      "properties": {
        "source": "NOAA",
        "site_id": "8775222",
        "site_name": "Viola Turning Basin",
        "lat": "27.8461",
        "lon": "-97.5207",
        "stage_ft": 0.922,
        "stage_datetime": "2026-06-27 15:48",
        "tier": "normal",
        "action_stage": 28.69,
        "flood_stage": 29.69,
        "major_stage": 31.69,
        "url": "https://tidesandcurrents.noaa.gov/stationhome.html?id=8775222",
        "city_lat": 29.4246002,
        "city_lon": -98.4951405,
        "fetched_at": "2026-06-27T15:56:58.392950+00:00",
        "color": "#2d6a4f"
      }
    },
    {
      "type": "Feature",
      "geometry": {
        "type": "Point",
        "coordinates": [
          "-96.6098",
          "28.6406"
        ]
      },
      "properties": {
        "source": "NOAA",
        "site_id": "8773259",
        "site_name": "Port Lavaca",
        "lat": "28.6406",
        "lon": "-96.6098",
        "stage_ft": 1.302,
        "stage_datetime": "2026-06-27 15:48",
        "tier": "normal",
        "action_stage": 4.9,
        "flood_stage": 5.9,
        "major_stage": 7.9,
        "url": "https://tidesandcurrents.noaa.gov/stationhome.html?id=8773259",
        "city_lat": 33.1665316,
        "city_lon": -100.7846477,
        "fetched_at": "2026-06-27T15:56:58.392950+00:00",
        "color": "#2d6a4f"
      }
    },
    {
      "type": "Feature",
      "geometry": {
        "type": "Point",
        "coordinates": [
          "-96.6098",
          "28.6406"
        ]
      },
      "properties": {
        "source": "NOAA",
        "site_id": "8773259",
        "site_name": "Port Lavaca",
        "lat": "28.6406",
        "lon": "-96.6098",
        "stage_ft": 1.302,
        "stage_datetime": "2026-06-27 15:48",
        "tier": "normal",
        "action_stage": 4.9,
        "flood_stage": 5.9,
        "major_stage": 7.9,
        "url": "https://tidesandcurrents.noaa.gov/stationhome.html?id=8773259",
        "city_lat": 29.5997891,
        "city_lon": -98.6088715,
        "fetched_at": "2026-06-27T15:56:58.392950+00:00",
        "color": "#2d6a4f"
      }
    },
    {
      "type": "Feature",
      "geometry": {
        "type": "Point",
        "coordinates": [
          "-118.5",
          "34.0083"
        ]
      },
      "properties": {
        "source": "NOAA",
        "site_id": "9410840",
        "site_name": "Santa Monica",
        "lat": "34.0083",
        "lon": "-118.5",
        "stage_ft": 3.55,
        "stage_datetime": "2026-06-27 15:42",
        "tier": "normal",
        "action_stage": 8.87,
        "flood_stage": 9.87,
        "major_stage": 11.87,
        "url": "https://tidesandcurrents.noaa.gov/stationhome.html?id=9410840",
        "city_lat": 34.0536909,
        "city_lon": -118.242766,
        "fetched_at": "2026-06-27T15:56:58.392950+00:00",
        "color": "#2d6a4f"
      }
    },
    {
      "type": "Feature",
      "geometry": {
        "type": "Point",
        "coordinates": [
          "-96.6098",
          "28.6406"
        ]
      },
      "properties": {
        "source": "NOAA",
        "site_id": "8773259",
        "site_name": "Port Lavaca",
        "lat": "28.6406",
        "lon": "-96.6098",
        "stage_ft": 1.302,
        "stage_datetime": "2026-06-27 15:48",
        "tier": "normal",
        "action_stage": 4.9,
        "flood_stage": 5.9,
        "major_stage": 7.9,
        "url": "https://tidesandcurrents.noaa.gov/stationhome.html?id=8773259",
        "city_lat": 30.6580927,
        "city_lon": -97.6041649,
        "fetched_at": "2026-06-27T15:56:58.392950+00:00",
        "color": "#2d6a4f"
      }
    },
    {
      "type": "Feature",
      "geometry": {
        "type": "Point",
        "coordinates": [
          "-96.6098",
          "28.6406"
        ]
      },
      "properties": {
        "source": "NOAA",
        "site_id": "8773259",
        "site_name": "Port Lavaca",
        "lat": "28.6406",
        "lon": "-96.6098",
        "stage_ft": 1.302,
        "stage_datetime": "2026-06-27 15:48",
        "tier": "normal",
        "action_stage": 4.9,
        "flood_stage": 5.9,
        "major_stage": 7.9,
        "url": "https://tidesandcurrents.noaa.gov/stationhome.html?id=8773259",
        "city_lat": 31.2638905,
        "city_lon": -98.5456116,
        "fetched_at": "2026-06-27T15:56:58.392950+00:00",
        "color": "#2d6a4f"
      }
    },
    {
      "type": "Feature",
      "geometry": {
        "type": "Point",
        "coordinates": [
          "-96.6098",
          "28.6406"
        ]
      },
      "properties": {
        "source": "NOAA",
        "site_id": "8773259",
        "site_name": "Port Lavaca",
        "lat": "28.6406",
        "lon": "-96.6098",
        "stage_ft": 1.302,
        "stage_datetime": "2026-06-27 15:48",
        "tier": "normal",
        "action_stage": 4.9,
        "flood_stage": 5.9,
        "major_stage": 7.9,
        "url": "https://tidesandcurrents.noaa.gov/stationhome.html?id=8773259",
        "city_lat": 30.6580927,
        "city_lon": -97.6041649,
        "fetched_at": "2026-06-27T15:56:58.392950+00:00",
        "color": "#2d6a4f"
      }
    },
    {
      "type": "Feature",
      "geometry": {
        "type": "Point",
        "coordinates": [
          "-122.3393",
          "47.6026"
        ]
      },
      "properties": {
        "source": "NOAA",
        "site_id": "9447130",
        "site_name": "Seattle",
        "lat": "47.6026",
        "lon": "-122.3393",
        "stage_ft": 0.612,
        "stage_datetime": "2026-06-27 15:48",
        "tier": "normal",
        "action_stage": 20.3,
        "flood_stage": 21.3,
        "major_stage": 23.3,
        "url": "https://tidesandcurrents.noaa.gov/stationhome.html?id=9447130",
        "city_lat": 47.8012197,
        "city_lon": -120.6276904,
        "fetched_at": "2026-06-27T15:56:58.392950+00:00",
        "color": "#2d6a4f"
      }
    },
    {
      "type": "Feature",
      "geometry": {
        "type": "Point",
        "coordinates": [
          "-96.6098",
          "28.6406"
        ]
      },
      "properties": {
        "source": "NOAA",
        "site_id": "8773259",
        "site_name": "Port Lavaca",
        "lat": "28.6406",
        "lon": "-96.6098",
        "stage_ft": 1.302,
        "stage_datetime": "2026-06-27 15:48",
        "tier": "normal",
        "action_stage": 4.9,
        "flood_stage": 5.9,
        "major_stage": 7.9,
        "url": "https://tidesandcurrents.noaa.gov/stationhome.html?id=8773259",
        "city_lat": 30.6580927,
        "city_lon": -97.6041649,
        "fetched_at": "2026-06-27T15:56:58.392950+00:00",
        "color": "#2d6a4f"
      }
    },
    {
      "type": "Feature",
      "geometry": {
        "type": "Point",
        "coordinates": [
          "-96.6098",
          "28.6406"
        ]
      },
      "properties": {
        "source": "NOAA",
        "site_id": "8773259",
        "site_name": "Port Lavaca",
        "lat": "28.6406",
        "lon": "-96.6098",
        "stage_ft": 1.302,
        "stage_datetime": "2026-06-27 15:48",
        "tier": "normal",
        "action_stage": 4.9,
        "flood_stage": 5.9,
        "major_stage": 7.9,
        "url": "https://tidesandcurrents.noaa.gov/stationhome.html?id=8773259",
        "city_lat": 33.1665316,
        "city_lon": -100.7846477,
        "fetched_at": "2026-06-27T15:56:58.392950+00:00",
        "color": "#2d6a4f"
      }
    },
    {
      "type": "Feature",
      "geometry": {
        "type": "Point",
        "coordinates": [
          "-96.6098",
          "28.6406"
        ]
      },
      "properties": {
        "source": "NOAA",
        "site_id": "8773259",
        "site_name": "Port Lavaca",
        "lat": "28.6406",
        "lon": "-96.6098",
        "stage_ft": 1.302,
        "stage_datetime": "2026-06-27 15:48",
        "tier": "normal",
        "action_stage": 4.9,
        "flood_stage": 5.9,
        "major_stage": 7.9,
        "url": "https://tidesandcurrents.noaa.gov/stationhome.html?id=8773259",
        "city_lat": 31.2638905,
        "city_lon": -98.5456116,
        "fetched_at": "2026-06-27T15:56:58.392950+00:00",
        "color": "#2d6a4f"
      }
    },
    {
      "type": "Feature",
      "geometry": {
        "type": "Point",
        "coordinates": [
          "-96.6098",
          "28.6406"
        ]
      },
      "properties": {
        "source": "NOAA",
        "site_id": "8773259",
        "site_name": "Port Lavaca",
        "lat": "28.6406",
        "lon": "-96.6098",
        "stage_ft": 1.302,
        "stage_datetime": "2026-06-27 15:48",
        "tier": "normal",
        "action_stage": 4.9,
        "flood_stage": 5.9,
        "major_stage": 7.9,
        "url": "https://tidesandcurrents.noaa.gov/stationhome.html?id=8773259",
        "city_lat": 30.6370152,
        "city_lon": -97.6775634,
        "fetched_at": "2026-06-27T15:56:58.392950+00:00",
        "color": "#2d6a4f"
      }
    },
    {
      "type": "Feature",
      "geometry": {
        "type": "Point",
        "coordinates": [
          "-96.6098",
          "28.6406"
        ]
      },
      "properties": {
        "source": "NOAA",
        "site_id": "8773259",
        "site_name": "Port Lavaca",
        "lat": "28.6406",
        "lon": "-96.6098",
        "stage_ft": 1.302,
        "stage_datetime": "2026-06-27 15:48",
        "tier": "normal",
        "action_stage": 4.9,
        "flood_stage": 5.9,
        "major_stage": 7.9,
        "url": "https://tidesandcurrents.noaa.gov/stationhome.html?id=8773259",
        "city_lat": 31.4598795,
        "city_lon": -100.4654197,
        "fetched_at": "2026-06-27T15:56:58.392950+00:00",
        "color": "#2d6a4f"
      }
    },
    {
      "type": "Feature",
      "geometry": {
        "type": "Point",
        "coordinates": [
          "-96.6098",
          "28.6406"
        ]
      },
      "properties": {
        "source": "NOAA",
        "site_id": "8773259",
        "site_name": "Port Lavaca",
        "lat": "28.6406",
        "lon": "-96.6098",
        "stage_ft": 1.302,
        "stage_datetime": "2026-06-27 15:48",
        "tier": "normal",
        "action_stage": 4.9,
        "flood_stage": 5.9,
        "major_stage": 7.9,
        "url": "https://tidesandcurrents.noaa.gov/stationhome.html?id=8773259",
        "city_lat": 30.6580927,
        "city_lon": -97.6041649,
        "fetched_at": "2026-06-27T15:56:58.392950+00:00",
        "color": "#2d6a4f"
      }
    },
    {
      "type": "Feature",
      "geometry": {
        "type": "Point",
        "coordinates": [
          "-96.6098",
          "28.6406"
        ]
      },
      "properties": {
        "source": "NOAA",
        "site_id": "8773259",
        "site_name": "Port Lavaca",
        "lat": "28.6406",
        "lon": "-96.6098",
        "stage_ft": 1.302,
        "stage_datetime": "2026-06-27 15:48",
        "tier": "normal",
        "action_stage": 4.9,
        "flood_stage": 5.9,
        "major_stage": 7.9,
        "url": "https://tidesandcurrents.noaa.gov/stationhome.html?id=8773259",
        "city_lat": 31.2638905,
        "city_lon": -98.5456116,
        "fetched_at": "2026-06-27T15:56:58.392950+00:00",
        "color": "#2d6a4f"
      }
    },
    {
      "type": "Feature",
      "geometry": {
        "type": "Point",
        "coordinates": [
          "-95.2658",
          "29.7263"
        ]
      },
      "properties": {
        "source": "NOAA",
        "site_id": "8770777",
        "site_name": "Manchester",
        "lat": "29.7263",
        "lon": "-95.2658",
        "stage_ft": 1.943,
        "stage_datetime": "2026-06-27 15:48",
        "tier": "normal",
        "action_stage": 8.14,
        "flood_stage": 9.14,
        "major_stage": 11.14,
        "url": "https://tidesandcurrents.noaa.gov/stationhome.html?id=8770777",
        "city_lat": 33.3926893,
        "city_lon": -95.6749486,
        "fetched_at": "2026-06-27T15:56:58.392950+00:00",
        "color": "#2d6a4f"
      }
    },
    {
      "type": "Feature",
      "geometry": {
        "type": "Point",
        "coordinates": [
          "-97.5207",
          "27.8461"
        ]
      },
      "properties": {
        "source": "NOAA",
        "site_id": "8775222",
        "site_name": "Viola Turning Basin",
        "lat": "27.8461",
        "lon": "-97.5207",
        "stage_ft": 0.922,
        "stage_datetime": "2026-06-27 15:48",
        "tier": "normal",
        "action_stage": 28.69,
        "flood_stage": 29.69,
        "major_stage": 31.69,
        "url": "https://tidesandcurrents.noaa.gov/stationhome.html?id=8775222",
        "city_lat": 29.4246002,
        "city_lon": -98.4951405,
        "fetched_at": "2026-06-27T15:56:58.392950+00:00",
        "color": "#2d6a4f"
      }
    },
    {
      "type": "Feature",
      "geometry": {
        "type": "Point",
        "coordinates": [
          "-122.6958",
          "45.6312"
        ]
      },
      "properties": {
        "source": "NOAA",
        "site_id": "9440083",
        "site_name": "Vancouver",
        "lat": "45.6312",
        "lon": "-122.6958",
        "stage_ft": 2.27,
        "stage_datetime": "2026-06-27 15:48",
        "tier": "normal",
        "action_stage": 5.83,
        "flood_stage": 6.83,
        "major_stage": 8.83,
        "url": "https://tidesandcurrents.noaa.gov/stationhome.html?id=9440083",
        "city_lat": 45.6416995,
        "city_lon": -118.7671122,
        "fetched_at": "2026-06-27T15:56:58.392950+00:00",
        "color": "#2d6a4f"
      }
    },
    {
      "type": "Feature",
      "geometry": {
        "type": "Point",
        "coordinates": [
          "-122.3393",
          "47.6026"
        ]
      },
      "properties": {
        "source": "NOAA",
        "site_id": "9447130",
        "site_name": "Seattle",
        "lat": "47.6026",
        "lon": "-122.3393",
        "stage_ft": 0.612,
        "stage_datetime": "2026-06-27 15:48",
        "tier": "normal",
        "action_stage": 20.3,
        "flood_stage": 21.3,
        "major_stage": 23.3,
        "url": "https://tidesandcurrents.noaa.gov/stationhome.html?id=9447130",
        "city_lat": 47.8012197,
        "city_lon": -120.6276904,
        "fetched_at": "2026-06-27T15:56:58.392950+00:00",
        "color": "#2d6a4f"
      }
    },
    {
      "type": "Feature",
      "geometry": {
        "type": "Point",
        "coordinates": [
          "-96.6098",
          "28.6406"
        ]
      },
      "properties": {
        "source": "NOAA",
        "site_id": "8773259",
        "site_name": "Port Lavaca",
        "lat": "28.6406",
        "lon": "-96.6098",
        "stage_ft": 1.302,
        "stage_datetime": "2026-06-27 15:48",
        "tier": "normal",
        "action_stage": 4.9,
        "flood_stage": 5.9,
        "major_stage": 7.9,
        "url": "https://tidesandcurrents.noaa.gov/stationhome.html?id=8773259",
        "city_lat": 30.6580927,
        "city_lon": -97.6041649,
        "fetched_at": "2026-06-27T15:56:58.392950+00:00",
        "color": "#2d6a4f"
      }
    },
    {
      "type": "Feature",
      "geometry": {
        "type": "Point",
        "coordinates": [
          "-96.6098",
          "28.6406"
        ]
      },
      "properties": {
        "source": "NOAA",
        "site_id": "8773259",
        "site_name": "Port Lavaca",
        "lat": "28.6406",
        "lon": "-96.6098",
        "stage_ft": 1.302,
        "stage_datetime": "2026-06-27 15:48",
        "tier": "normal",
        "action_stage": 4.9,
        "flood_stage": 5.9,
        "major_stage": 7.9,
        "url": "https://tidesandcurrents.noaa.gov/stationhome.html?id=8773259",
        "city_lat": 30.6580927,
        "city_lon": -97.6041649,
        "fetched_at": "2026-06-27T15:56:58.392950+00:00",
        "color": "#2d6a4f"
      }
    },
    {
      "type": "Feature",
      "geometry": {
        "type": "Point",
        "coordinates": [
          "-96.6098",
          "28.6406"
        ]
      },
      "properties": {
        "source": "NOAA",
        "site_id": "8773259",
        "site_name": "Port Lavaca",
        "lat": "28.6406",
        "lon": "-96.6098",
        "stage_ft": 1.302,
        "stage_datetime": "2026-06-27 15:48",
        "tier": "normal",
        "action_stage": 4.9,
        "flood_stage": 5.9,
        "major_stage": 7.9,
        "url": "https://tidesandcurrents.noaa.gov/stationhome.html?id=8773259",
        "city_lat": 30.6580927,
        "city_lon": -97.6041649,
        "fetched_at": "2026-06-27T15:56:58.392950+00:00",
        "color": "#2d6a4f"
      }
    },
    {
      "type": "Feature",
      "geometry": {
        "type": "Point",
        "coordinates": [
          "-97.5207",
          "27.8461"
        ]
      },
      "properties": {
        "source": "NOAA",
        "site_id": "8775222",
        "site_name": "Viola Turning Basin",
        "lat": "27.8461",
        "lon": "-97.5207",
        "stage_ft": 0.922,
        "stage_datetime": "2026-06-27 15:48",
        "tier": "normal",
        "action_stage": 28.69,
        "flood_stage": 29.69,
        "major_stage": 31.69,
        "url": "https://tidesandcurrents.noaa.gov/stationhome.html?id=8775222",
        "city_lat": 29.4246002,
        "city_lon": -98.4951405,
        "fetched_at": "2026-06-27T15:56:58.392950+00:00",
        "color": "#2d6a4f"
      }
    },
    {
      "type": "Feature",
      "geometry": {
        "type": "Point",
        "coordinates": [
          "-95.2658",
          "29.7263"
        ]
      },
      "properties": {
        "source": "NOAA",
        "site_id": "8770777",
        "site_name": "Manchester",
        "lat": "29.7263",
        "lon": "-95.2658",
        "stage_ft": 1.943,
        "stage_datetime": "2026-06-27 15:48",
        "tier": "normal",
        "action_stage": 8.14,
        "flood_stage": 9.14,
        "major_stage": 11.14,
        "url": "https://tidesandcurrents.noaa.gov/stationhome.html?id=8770777",
        "city_lat": 33.3926893,
        "city_lon": -95.6749486,
        "fetched_at": "2026-06-27T15:56:58.392950+00:00",
        "color": "#2d6a4f"
      }
    },
    {
      "type": "Feature",
      "geometry": {
        "type": "Point",
        "coordinates": [
          "-77.0217",
          "38.8733"
        ]
      },
      "properties": {
        "source": "NOAA",
        "site_id": "8594900",
        "site_name": "Washington",
        "lat": "38.8733",
        "lon": "-77.0217",
        "stage_ft": 1.153,
        "stage_datetime": "2026-06-27 15:48",
        "tier": "normal",
        "action_stage": 8.72,
        "flood_stage": 9.72,
        "major_stage": 11.72,
        "url": "https://tidesandcurrents.noaa.gov/stationhome.html?id=8594900",
        "city_lat": 38.9241769,
        "city_lon": -76.9650274,
        "fetched_at": "2026-06-27T15:56:58.392950+00:00",
        "color": "#2d6a4f"
      }
    },
    {
      "type": "Feature",
      "geometry": {
        "type": "Point",
        "coordinates": [
          "-96.6098",
          "28.6406"
        ]
      },
      "properties": {
        "source": "NOAA",
        "site_id": "8773259",
        "site_name": "Port Lavaca",
        "lat": "28.6406",
        "lon": "-96.6098",
        "stage_ft": 1.302,
        "stage_datetime": "2026-06-27 15:48",
        "tier": "normal",
        "action_stage": 4.9,
        "flood_stage": 5.9,
        "major_stage": 7.9,
        "url": "https://tidesandcurrents.noaa.gov/stationhome.html?id=8773259",
        "city_lat": 31.2638905,
        "city_lon": -98.5456116,
        "fetched_at": "2026-06-27T15:56:58.392950+00:00",
        "color": "#2d6a4f"
      }
    },
    {
      "type": "Feature",
      "geometry": {
        "type": "Point",
        "coordinates": [
          "-118.5",
          "34.0083"
        ]
      },
      "properties": {
        "source": "NOAA",
        "site_id": "9410840",
        "site_name": "Santa Monica",
        "lat": "34.0083",
        "lon": "-118.5",
        "stage_ft": 3.55,
        "stage_datetime": "2026-06-27 15:42",
        "tier": "normal",
        "action_stage": 8.87,
        "flood_stage": 9.87,
        "major_stage": 11.87,
        "url": "https://tidesandcurrents.noaa.gov/stationhome.html?id=9410840",
        "city_lat": 34.3155072,
        "city_lon": -118.209681,
        "fetched_at": "2026-06-27T15:56:58.392950+00:00",
        "color": "#2d6a4f"
      }
    },
    {
      "type": "Feature",
      "geometry": {
        "type": "Point",
        "coordinates": [
          "-95.2658",
          "29.7263"
        ]
      },
      "properties": {
        "source": "NOAA",
        "site_id": "8770777",
        "site_name": "Manchester",
        "lat": "29.7263",
        "lon": "-95.2658",
        "stage_ft": 1.943,
        "stage_datetime": "2026-06-27 15:48",
        "tier": "normal",
        "action_stage": 8.14,
        "flood_stage": 9.14,
        "major_stage": 11.14,
        "url": "https://tidesandcurrents.noaa.gov/stationhome.html?id=8770777",
        "city_lat": 32.7620405,
        "city_lon": -96.7790069,
        "fetched_at": "2026-06-27T15:56:58.392950+00:00",
        "color": "#2d6a4f"
      }
    },
    {
      "type": "Feature",
      "geometry": {
        "type": "Point",
        "coordinates": [
          "-95.2658",
          "29.7263"
        ]
      },
      "properties": {
        "source": "NOAA",
        "site_id": "8770777",
        "site_name": "Manchester",
        "lat": "29.7263",
        "lon": "-95.2658",
        "stage_ft": 1.943,
        "stage_datetime": "2026-06-27 15:48",
        "tier": "normal",
        "action_stage": 8.14,
        "flood_stage": 9.14,
        "major_stage": 11.14,
        "url": "https://tidesandcurrents.noaa.gov/stationhome.html?id=8770777",
        "city_lat": 32.753177,
        "city_lon": -97.3327459,
        "fetched_at": "2026-06-27T15:56:58.392950+00:00",
        "color": "#2d6a4f"
      }
    },
    {
      "type": "Feature",
      "geometry": {
        "type": "Point",
        "coordinates": [
          "-95.2658",
          "29.7263"
        ]
      },
      "properties": {
        "source": "NOAA",
        "site_id": "8770777",
        "site_name": "Manchester",
        "lat": "29.7263",
        "lon": "-95.2658",
        "stage_ft": 1.943,
        "stage_datetime": "2026-06-27 15:48",
        "tier": "normal",
        "action_stage": 8.14,
        "flood_stage": 9.14,
        "major_stage": 11.14,
        "url": "https://tidesandcurrents.noaa.gov/stationhome.html?id=8770777",
        "city_lat": 32.7513658,
        "city_lon": -97.335696,
        "fetched_at": "2026-06-27T15:56:58.392950+00:00",
        "color": "#2d6a4f"
      }
    },
    {
      "type": "Feature",
      "geometry": {
        "type": "Point",
        "coordinates": [
          "-95.2658",
          "29.7263"
        ]
      },
      "properties": {
        "source": "NOAA",
        "site_id": "8770777",
        "site_name": "Manchester",
        "lat": "29.7263",
        "lon": "-95.2658",
        "stage_ft": 1.943,
        "stage_datetime": "2026-06-27 15:48",
        "tier": "normal",
        "action_stage": 8.14,
        "flood_stage": 9.14,
        "major_stage": 11.14,
        "url": "https://tidesandcurrents.noaa.gov/stationhome.html?id=8770777",
        "city_lat": 32.7620405,
        "city_lon": -96.7790069,
        "fetched_at": "2026-06-27T15:56:58.392950+00:00",
        "color": "#2d6a4f"
      }
    },
    {
      "type": "Feature",
      "geometry": {
        "type": "Point",
        "coordinates": [
          "-95.2658",
          "29.7263"
        ]
      },
      "properties": {
        "source": "NOAA",
        "site_id": "8770777",
        "site_name": "Manchester",
        "lat": "29.7263",
        "lon": "-95.2658",
        "stage_ft": 1.943,
        "stage_datetime": "2026-06-27 15:48",
        "tier": "normal",
        "action_stage": 8.14,
        "flood_stage": 9.14,
        "major_stage": 11.14,
        "url": "https://tidesandcurrents.noaa.gov/stationhome.html?id=8770777",
        "city_lat": 32.7620405,
        "city_lon": -96.7790069,
        "fetched_at": "2026-06-27T15:56:58.392950+00:00",
        "color": "#2d6a4f"
      }
    },
    {
      "type": "Feature",
      "geometry": {
        "type": "Point",
        "coordinates": [
          "-95.2658",
          "29.7263"
        ]
      },
      "properties": {
        "source": "NOAA",
        "site_id": "8770777",
        "site_name": "Manchester",
        "lat": "29.7263",
        "lon": "-95.2658",
        "stage_ft": 1.943,
        "stage_datetime": "2026-06-27 15:48",
        "tier": "normal",
        "action_stage": 8.14,
        "flood_stage": 9.14,
        "major_stage": 11.14,
        "url": "https://tidesandcurrents.noaa.gov/stationhome.html?id=8770777",
        "city_lat": 32.7513658,
        "city_lon": -97.335696,
        "fetched_at": "2026-06-27T15:56:58.392950+00:00",
        "color": "#2d6a4f"
      }
    },
    {
      "type": "Feature",
      "geometry": {
        "type": "Point",
        "coordinates": [
          "-95.2658",
          "29.7263"
        ]
      },
      "properties": {
        "source": "NOAA",
        "site_id": "8770777",
        "site_name": "Manchester",
        "lat": "29.7263",
        "lon": "-95.2658",
        "stage_ft": 1.943,
        "stage_datetime": "2026-06-27 15:48",
        "tier": "normal",
        "action_stage": 8.14,
        "flood_stage": 9.14,
        "major_stage": 11.14,
        "url": "https://tidesandcurrents.noaa.gov/stationhome.html?id=8770777",
        "city_lat": 32.6662689,
        "city_lon": -97.135072,
        "fetched_at": "2026-06-27T15:56:58.392950+00:00",
        "color": "#2d6a4f"
      }
    },
    {
      "type": "Feature",
      "geometry": {
        "type": "Point",
        "coordinates": [
          "-95.2658",
          "29.7263"
        ]
      },
      "properties": {
        "source": "NOAA",
        "site_id": "8770777",
        "site_name": "Manchester",
        "lat": "29.7263",
        "lon": "-95.2658",
        "stage_ft": 1.943,
        "stage_datetime": "2026-06-27 15:48",
        "tier": "normal",
        "action_stage": 8.14,
        "flood_stage": 9.14,
        "major_stage": 11.14,
        "url": "https://tidesandcurrents.noaa.gov/stationhome.html?id=8770777",
        "city_lat": 32.7513658,
        "city_lon": -97.335696,
        "fetched_at": "2026-06-27T15:56:58.392950+00:00",
        "color": "#2d6a4f"
      }
    },
    {
      "type": "Feature",
      "geometry": {
        "type": "Point",
        "coordinates": [
          "-95.2658",
          "29.7263"
        ]
      },
      "properties": {
        "source": "NOAA",
        "site_id": "8770777",
        "site_name": "Manchester",
        "lat": "29.7263",
        "lon": "-95.2658",
        "stage_ft": 1.943,
        "stage_datetime": "2026-06-27 15:48",
        "tier": "normal",
        "action_stage": 8.14,
        "flood_stage": 9.14,
        "major_stage": 11.14,
        "url": "https://tidesandcurrents.noaa.gov/stationhome.html?id=8770777",
        "city_lat": 32.7513658,
        "city_lon": -97.335696,
        "fetched_at": "2026-06-27T15:56:58.392950+00:00",
        "color": "#2d6a4f"
      }
    },
    {
      "type": "Feature",
      "geometry": {
        "type": "Point",
        "coordinates": [
          "-77.0217",
          "38.8733"
        ]
      },
      "properties": {
        "source": "NOAA",
        "site_id": "8594900",
        "site_name": "Washington",
        "lat": "38.8733",
        "lon": "-77.0217",
        "stage_ft": 1.153,
        "stage_datetime": "2026-06-27 15:48",
        "tier": "normal",
        "action_stage": 8.72,
        "flood_stage": 9.72,
        "major_stage": 11.72,
        "url": "https://tidesandcurrents.noaa.gov/stationhome.html?id=8594900",
        "city_lat": 38.8978443,
        "city_lon": -77.054028,
        "fetched_at": "2026-06-27T15:56:58.392950+00:00",
        "color": "#2d6a4f"
      }
    },
    {
      "type": "Feature",
      "geometry": {
        "type": "Point",
        "coordinates": [
          "-77.0217",
          "38.8733"
        ]
      },
      "properties": {
        "source": "NOAA",
        "site_id": "8594900",
        "site_name": "Washington",
        "lat": "38.8733",
        "lon": "-77.0217",
        "stage_ft": 1.153,
        "stage_datetime": "2026-06-27 15:48",
        "tier": "normal",
        "action_stage": 8.72,
        "flood_stage": 9.72,
        "major_stage": 11.72,
        "url": "https://tidesandcurrents.noaa.gov/stationhome.html?id=8594900",
        "city_lat": 38.9241769,
        "city_lon": -76.9650274,
        "fetched_at": "2026-06-27T15:56:58.392950+00:00",
        "color": "#2d6a4f"
      }
    },
    {
      "type": "Feature",
      "geometry": {
        "type": "Point",
        "coordinates": [
          "-96.6098",
          "28.6406"
        ]
      },
      "properties": {
        "source": "NOAA",
        "site_id": "8773259",
        "site_name": "Port Lavaca",
        "lat": "28.6406",
        "lon": "-96.6098",
        "stage_ft": 1.302,
        "stage_datetime": "2026-06-27 15:48",
        "tier": "normal",
        "action_stage": 4.9,
        "flood_stage": 5.9,
        "major_stage": 7.9,
        "url": "https://tidesandcurrents.noaa.gov/stationhome.html?id=8773259",
        "city_lat": 31.2638905,
        "city_lon": -98.5456116,
        "fetched_at": "2026-06-27T15:56:58.392950+00:00",
        "color": "#2d6a4f"
      }
    },
    {
      "type": "Feature",
      "geometry": {
        "type": "Point",
        "coordinates": [
          "-96.6098",
          "28.6406"
        ]
      },
      "properties": {
        "source": "NOAA",
        "site_id": "8773259",
        "site_name": "Port Lavaca",
        "lat": "28.6406",
        "lon": "-96.6098",
        "stage_ft": 1.302,
        "stage_datetime": "2026-06-27 15:48",
        "tier": "normal",
        "action_stage": 4.9,
        "flood_stage": 5.9,
        "major_stage": 7.9,
        "url": "https://tidesandcurrents.noaa.gov/stationhome.html?id=8773259",
        "city_lat": 30.487512,
        "city_lon": -97.690729,
        "fetched_at": "2026-06-27T15:56:58.392950+00:00",
        "color": "#2d6a4f"
      }
    },
    {
      "type": "Feature",
      "geometry": {
        "type": "Point",
        "coordinates": [
          "-95.2658",
          "29.7263"
        ]
      },
      "properties": {
        "source": "NOAA",
        "site_id": "8770777",
        "site_name": "Manchester",
        "lat": "29.7263",
        "lon": "-95.2658",
        "stage_ft": 1.943,
        "stage_datetime": "2026-06-27 15:48",
        "tier": "normal",
        "action_stage": 8.14,
        "flood_stage": 9.14,
        "major_stage": 11.14,
        "url": "https://tidesandcurrents.noaa.gov/stationhome.html?id=8770777",
        "city_lat": 32.7620405,
        "city_lon": -96.7790069,
        "fetched_at": "2026-06-27T15:56:58.392950+00:00",
        "color": "#2d6a4f"
      }
    },
    {
      "type": "Feature",
      "geometry": {
        "type": "Point",
        "coordinates": [
          "-76.5783",
          "39.2667"
        ]
      },
      "properties": {
        "source": "NOAA",
        "site_id": "8574680",
        "site_name": "Baltimore",
        "lat": "39.2667",
        "lon": "-76.5783",
        "stage_ft": 1.0,
        "stage_datetime": "2026-06-27 15:48",
        "tier": "normal",
        "action_stage": 6.76,
        "flood_stage": 7.76,
        "major_stage": 9.76,
        "url": "https://tidesandcurrents.noaa.gov/stationhome.html?id=8574680",
        "city_lat": 39.5162401,
        "city_lon": -76.9382069,
        "fetched_at": "2026-06-27T15:56:58.392950+00:00",
        "color": "#2d6a4f"
      }
    },
    {
      "type": "Feature",
      "geometry": {
        "type": "Point",
        "coordinates": [
          "-77.0217",
          "38.8733"
        ]
      },
      "properties": {
        "source": "NOAA",
        "site_id": "8594900",
        "site_name": "Washington",
        "lat": "38.8733",
        "lon": "-77.0217",
        "stage_ft": 1.153,
        "stage_datetime": "2026-06-27 15:48",
        "tier": "normal",
        "action_stage": 8.72,
        "flood_stage": 9.72,
        "major_stage": 11.72,
        "url": "https://tidesandcurrents.noaa.gov/stationhome.html?id=8594900",
        "city_lat": 39.4854732,
        "city_lon": -79.0446881,
        "fetched_at": "2026-06-27T15:56:58.392950+00:00",
        "color": "#2d6a4f"
      }
    },
    {
      "type": "Feature",
      "geometry": {
        "type": "Point",
        "coordinates": [
          "-95.2658",
          "29.7263"
        ]
      },
      "properties": {
        "source": "NOAA",
        "site_id": "8770777",
        "site_name": "Manchester",
        "lat": "29.7263",
        "lon": "-95.2658",
        "stage_ft": 1.943,
        "stage_datetime": "2026-06-27 15:48",
        "tier": "normal",
        "action_stage": 8.14,
        "flood_stage": 9.14,
        "major_stage": 11.14,
        "url": "https://tidesandcurrents.noaa.gov/stationhome.html?id=8770777",
        "city_lat": 32.7620405,
        "city_lon": -96.7790069,
        "fetched_at": "2026-06-27T15:56:58.392950+00:00",
        "color": "#2d6a4f"
      }
    },
    {
      "type": "Feature",
      "geometry": {
        "type": "Point",
        "coordinates": [
          "-95.2658",
          "29.7263"
        ]
      },
      "properties": {
        "source": "NOAA",
        "site_id": "8770777",
        "site_name": "Manchester",
        "lat": "29.7263",
        "lon": "-95.2658",
        "stage_ft": 1.943,
        "stage_datetime": "2026-06-27 15:48",
        "tier": "normal",
        "action_stage": 8.14,
        "flood_stage": 9.14,
        "major_stage": 11.14,
        "url": "https://tidesandcurrents.noaa.gov/stationhome.html?id=8770777",
        "city_lat": 38.27312,
        "city_lon": -98.5821872,
        "fetched_at": "2026-06-27T15:56:58.392950+00:00",
        "color": "#2d6a4f"
      }
    },
    {
      "type": "Feature",
      "geometry": {
        "type": "Point",
        "coordinates": [
          "-118.5",
          "34.0083"
        ]
      },
      "properties": {
        "source": "NOAA",
        "site_id": "9410840",
        "site_name": "Santa Monica",
        "lat": "34.0083",
        "lon": "-118.5",
        "stage_ft": 3.55,
        "stage_datetime": "2026-06-27 15:42",
        "tier": "normal",
        "action_stage": 8.87,
        "flood_stage": 9.87,
        "major_stage": 11.87,
        "url": "https://tidesandcurrents.noaa.gov/stationhome.html?id=9410840",
        "city_lat": 34.0536909,
        "city_lon": -118.242766,
        "fetched_at": "2026-06-27T15:56:58.392950+00:00",
        "color": "#2d6a4f"
      }
    },
    {
      "type": "Feature",
      "geometry": {
        "type": "Point",
        "coordinates": [
          "-96.6098",
          "28.6406"
        ]
      },
      "properties": {
        "source": "NOAA",
        "site_id": "8773259",
        "site_name": "Port Lavaca",
        "lat": "28.6406",
        "lon": "-96.6098",
        "stage_ft": 1.302,
        "stage_datetime": "2026-06-27 15:48",
        "tier": "normal",
        "action_stage": 4.9,
        "flood_stage": 5.9,
        "major_stage": 7.9,
        "url": "https://tidesandcurrents.noaa.gov/stationhome.html?id=8773259",
        "city_lat": 31.2638905,
        "city_lon": -98.5456116,
        "fetched_at": "2026-06-27T15:56:58.392950+00:00",
        "color": "#2d6a4f"
      }
    },
    {
      "type": "Feature",
      "geometry": {
        "type": "Point",
        "coordinates": [
          "-97.5207",
          "27.8461"
        ]
      },
      "properties": {
        "source": "NOAA",
        "site_id": "8775222",
        "site_name": "Viola Turning Basin",
        "lat": "27.8461",
        "lon": "-97.5207",
        "stage_ft": 0.922,
        "stage_datetime": "2026-06-27 15:48",
        "tier": "normal",
        "action_stage": 28.69,
        "flood_stage": 29.69,
        "major_stage": 31.69,
        "url": "https://tidesandcurrents.noaa.gov/stationhome.html?id=8775222",
        "city_lat": 30.0050147,
        "city_lon": -99.3727647,
        "fetched_at": "2026-06-27T15:56:58.392950+00:00",
        "color": "#2d6a4f"
      }
    },
    {
      "type": "Feature",
      "geometry": {
        "type": "Point",
        "coordinates": [
          "-95.2658",
          "29.7263"
        ]
      },
      "properties": {
        "source": "NOAA",
        "site_id": "8770777",
        "site_name": "Manchester",
        "lat": "29.7263",
        "lon": "-95.2658",
        "stage_ft": 1.943,
        "stage_datetime": "2026-06-27 15:48",
        "tier": "normal",
        "action_stage": 8.14,
        "flood_stage": 9.14,
        "major_stage": 11.14,
        "url": "https://tidesandcurrents.noaa.gov/stationhome.html?id=8770777",
        "city_lat": 32.6662689,
        "city_lon": -97.135072,
        "fetched_at": "2026-06-27T15:56:58.392950+00:00",
        "color": "#2d6a4f"
      }
    },
    {
      "type": "Feature",
      "geometry": {
        "type": "Point",
        "coordinates": [
          "-95.2658",
          "29.7263"
        ]
      },
      "properties": {
        "source": "NOAA",
        "site_id": "8770777",
        "site_name": "Manchester",
        "lat": "29.7263",
        "lon": "-95.2658",
        "stage_ft": 1.943,
        "stage_datetime": "2026-06-27 15:48",
        "tier": "normal",
        "action_stage": 8.14,
        "flood_stage": 9.14,
        "major_stage": 11.14,
        "url": "https://tidesandcurrents.noaa.gov/stationhome.html?id=8770777",
        "city_lat": 32.7762719,
        "city_lon": -96.7968559,
        "fetched_at": "2026-06-27T15:56:58.392950+00:00",
        "color": "#2d6a4f"
      }
    },
    {
      "type": "Feature",
      "geometry": {
        "type": "Point",
        "coordinates": [
          "-122.3393",
          "47.6026"
        ]
      },
      "properties": {
        "source": "NOAA",
        "site_id": "9447130",
        "site_name": "Seattle",
        "lat": "47.6026",
        "lon": "-122.3393",
        "stage_ft": 0.612,
        "stage_datetime": "2026-06-27 15:48",
        "tier": "normal",
        "action_stage": 20.3,
        "flood_stage": 21.3,
        "major_stage": 23.3,
        "url": "https://tidesandcurrents.noaa.gov/stationhome.html?id=9447130",
        "city_lat": 47.5354964,
        "city_lon": -117.4074674,
        "fetched_at": "2026-06-27T15:56:58.392950+00:00",
        "color": "#2d6a4f"
      }
    },
    {
      "type": "Feature",
      "geometry": {
        "type": "Point",
        "coordinates": [
          "-87.2112",
          "30.4044"
        ]
      },
      "properties": {
        "source": "NOAA",
        "site_id": "8729840",
        "site_name": "Pensacola",
        "lat": "30.4044",
        "lon": "-87.2112",
        "stage_ft": 1.862,
        "stage_datetime": "2026-06-27 15:48",
        "tier": "normal",
        "action_stage": 10.69,
        "flood_stage": 11.69,
        "major_stage": 13.69,
        "url": "https://tidesandcurrents.noaa.gov/stationhome.html?id=8729840",
        "city_lat": 32.6807992,
        "city_lon": -86.14824,
        "fetched_at": "2026-06-27T15:56:58.392950+00:00",
        "color": "#2d6a4f"
      }
    },
    {
      "type": "Feature",
      "geometry": {
        "type": "Point",
        "coordinates": [
          "-95.2658",
          "29.7263"
        ]
      },
      "properties": {
        "source": "NOAA",
        "site_id": "8770777",
        "site_name": "Manchester",
        "lat": "29.7263",
        "lon": "-95.2658",
        "stage_ft": 1.943,
        "stage_datetime": "2026-06-27 15:48",
        "tier": "normal",
        "action_stage": 8.14,
        "flood_stage": 9.14,
        "major_stage": 11.14,
        "url": "https://tidesandcurrents.noaa.gov/stationhome.html?id=8770777",
        "city_lat": 32.7620405,
        "city_lon": -96.7790069,
        "fetched_at": "2026-06-27T15:56:58.392950+00:00",
        "color": "#2d6a4f"
      }
    },
    {
      "type": "Feature",
      "geometry": {
        "type": "Point",
        "coordinates": [
          "-95.2658",
          "29.7263"
        ]
      },
      "properties": {
        "source": "NOAA",
        "site_id": "8770777",
        "site_name": "Manchester",
        "lat": "29.7263",
        "lon": "-95.2658",
        "stage_ft": 1.943,
        "stage_datetime": "2026-06-27 15:48",
        "tier": "normal",
        "action_stage": 8.14,
        "flood_stage": 9.14,
        "major_stage": 11.14,
        "url": "https://tidesandcurrents.noaa.gov/stationhome.html?id=8770777",
        "city_lat": 32.7762719,
        "city_lon": -96.7968559,
        "fetched_at": "2026-06-27T15:56:58.392950+00:00",
        "color": "#2d6a4f"
      }
    },
    {
      "type": "Feature",
      "geometry": {
        "type": "Point",
        "coordinates": [
          "-122.3393",
          "47.6026"
        ]
      },
      "properties": {
        "source": "NOAA",
        "site_id": "9447130",
        "site_name": "Seattle",
        "lat": "47.6026",
        "lon": "-122.3393",
        "stage_ft": 0.612,
        "stage_datetime": "2026-06-27 15:48",
        "tier": "normal",
        "action_stage": 20.3,
        "flood_stage": 21.3,
        "major_stage": 23.3,
        "url": "https://tidesandcurrents.noaa.gov/stationhome.html?id=9447130",
        "city_lat": 47.5354964,
        "city_lon": -117.4074674,
        "fetched_at": "2026-06-27T15:56:58.392950+00:00",
        "color": "#2d6a4f"
      }
    },
    {
      "type": "Feature",
      "geometry": {
        "type": "Point",
        "coordinates": [
          "-97.5207",
          "27.8461"
        ]
      },
      "properties": {
        "source": "NOAA",
        "site_id": "8775222",
        "site_name": "Viola Turning Basin",
        "lat": "27.8461",
        "lon": "-97.5207",
        "stage_ft": 0.922,
        "stage_datetime": "2026-06-27 15:48",
        "tier": "normal",
        "action_stage": 28.69,
        "flood_stage": 29.69,
        "major_stage": 31.69,
        "url": "https://tidesandcurrents.noaa.gov/stationhome.html?id=8775222",
        "city_lat": 29.4246002,
        "city_lon": -98.4951405,
        "fetched_at": "2026-06-27T15:56:58.392950+00:00",
        "color": "#2d6a4f"
      }
    },
    {
      "type": "Feature",
      "geometry": {
        "type": "Point",
        "coordinates": [
          "-97.5207",
          "27.8461"
        ]
      },
      "properties": {
        "source": "NOAA",
        "site_id": "8775222",
        "site_name": "Viola Turning Basin",
        "lat": "27.8461",
        "lon": "-97.5207",
        "stage_ft": 0.922,
        "stage_datetime": "2026-06-27 15:48",
        "tier": "normal",
        "action_stage": 28.69,
        "flood_stage": 29.69,
        "major_stage": 31.69,
        "url": "https://tidesandcurrents.noaa.gov/stationhome.html?id=8775222",
        "city_lat": 29.4263987,
        "city_lon": -98.5104781,
        "fetched_at": "2026-06-27T15:56:58.392950+00:00",
        "color": "#2d6a4f"
      }
    },
    {
      "type": "Feature",
      "geometry": {
        "type": "Point",
        "coordinates": [
          "-97.5207",
          "27.8461"
        ]
      },
      "properties": {
        "source": "NOAA",
        "site_id": "8775222",
        "site_name": "Viola Turning Basin",
        "lat": "27.8461",
        "lon": "-97.5207",
        "stage_ft": 0.922,
        "stage_datetime": "2026-06-27 15:48",
        "tier": "normal",
        "action_stage": 28.69,
        "flood_stage": 29.69,
        "major_stage": 31.69,
        "url": "https://tidesandcurrents.noaa.gov/stationhome.html?id=8775222",
        "city_lat": 29.431944,
        "city_lon": -98.4991908,
        "fetched_at": "2026-06-27T15:56:58.392950+00:00",
        "color": "#2d6a4f"
      }
    },
    {
      "type": "Feature",
      "geometry": {
        "type": "Point",
        "coordinates": [
          "-97.5207",
          "27.8461"
        ]
      },
      "properties": {
        "source": "NOAA",
        "site_id": "8775222",
        "site_name": "Viola Turning Basin",
        "lat": "27.8461",
        "lon": "-97.5207",
        "stage_ft": 0.922,
        "stage_datetime": "2026-06-27 15:48",
        "tier": "normal",
        "action_stage": 28.69,
        "flood_stage": 29.69,
        "major_stage": 31.69,
        "url": "https://tidesandcurrents.noaa.gov/stationhome.html?id=8775222",
        "city_lat": 29.4246002,
        "city_lon": -98.4951405,
        "fetched_at": "2026-06-27T15:56:58.392950+00:00",
        "color": "#2d6a4f"
      }
    },
    {
      "type": "Feature",
      "geometry": {
        "type": "Point",
        "coordinates": [
          "-96.6098",
          "28.6406"
        ]
      },
      "properties": {
        "source": "NOAA",
        "site_id": "8773259",
        "site_name": "Port Lavaca",
        "lat": "28.6406",
        "lon": "-96.6098",
        "stage_ft": 1.302,
        "stage_datetime": "2026-06-27 15:48",
        "tier": "normal",
        "action_stage": 4.9,
        "flood_stage": 5.9,
        "major_stage": 7.9,
        "url": "https://tidesandcurrents.noaa.gov/stationhome.html?id=8773259",
        "city_lat": 31.2638905,
        "city_lon": -98.5456116,
        "fetched_at": "2026-06-27T15:56:58.392950+00:00",
        "color": "#2d6a4f"
      }
    },
    {
      "type": "Feature",
      "geometry": {
        "type": "Point",
        "coordinates": [
          "-95.2658",
          "29.7263"
        ]
      },
      "properties": {
        "source": "NOAA",
        "site_id": "8770777",
        "site_name": "Manchester",
        "lat": "29.7263",
        "lon": "-95.2658",
        "stage_ft": 1.943,
        "stage_datetime": "2026-06-27 15:48",
        "tier": "normal",
        "action_stage": 8.14,
        "flood_stage": 9.14,
        "major_stage": 11.14,
        "url": "https://tidesandcurrents.noaa.gov/stationhome.html?id=8770777",
        "city_lat": 29.7589382,
        "city_lon": -95.3676974,
        "fetched_at": "2026-06-27T15:56:58.392950+00:00",
        "color": "#2d6a4f"
      }
    },
    {
      "type": "Feature",
      "geometry": {
        "type": "Point",
        "coordinates": [
          "-96.6098",
          "28.6406"
        ]
      },
      "properties": {
        "source": "NOAA",
        "site_id": "8773259",
        "site_name": "Port Lavaca",
        "lat": "28.6406",
        "lon": "-96.6098",
        "stage_ft": 1.302,
        "stage_datetime": "2026-06-27 15:48",
        "tier": "normal",
        "action_stage": 4.9,
        "flood_stage": 5.9,
        "major_stage": 7.9,
        "url": "https://tidesandcurrents.noaa.gov/stationhome.html?id=8773259",
        "city_lat": 31.4598795,
        "city_lon": -100.4654197,
        "fetched_at": "2026-06-27T15:56:58.392950+00:00",
        "color": "#2d6a4f"
      }
    },
    {
      "type": "Feature",
      "geometry": {
        "type": "Point",
        "coordinates": [
          "-95.2658",
          "29.7263"
        ]
      },
      "properties": {
        "source": "NOAA",
        "site_id": "8770777",
        "site_name": "Manchester",
        "lat": "29.7263",
        "lon": "-95.2658",
        "stage_ft": 1.943,
        "stage_datetime": "2026-06-27 15:48",
        "tier": "normal",
        "action_stage": 8.14,
        "flood_stage": 9.14,
        "major_stage": 11.14,
        "url": "https://tidesandcurrents.noaa.gov/stationhome.html?id=8770777",
        "city_lat": 29.7589382,
        "city_lon": -95.3676974,
        "fetched_at": "2026-06-27T15:56:58.392950+00:00",
        "color": "#2d6a4f"
      }
    },
    {
      "type": "Feature",
      "geometry": {
        "type": "Point",
        "coordinates": [
          "-97.5207",
          "27.8461"
        ]
      },
      "properties": {
        "source": "NOAA",
        "site_id": "8775222",
        "site_name": "Viola Turning Basin",
        "lat": "27.8461",
        "lon": "-97.5207",
        "stage_ft": 0.922,
        "stage_datetime": "2026-06-27 15:48",
        "tier": "normal",
        "action_stage": 28.69,
        "flood_stage": 29.69,
        "major_stage": 31.69,
        "url": "https://tidesandcurrents.noaa.gov/stationhome.html?id=8775222",
        "city_lat": 29.4263987,
        "city_lon": -98.5104781,
        "fetched_at": "2026-06-27T15:56:58.392950+00:00",
        "color": "#2d6a4f"
      }
    },
    {
      "type": "Feature",
      "geometry": {
        "type": "Point",
        "coordinates": [
          "-97.5207",
          "27.8461"
        ]
      },
      "properties": {
        "source": "NOAA",
        "site_id": "8775222",
        "site_name": "Viola Turning Basin",
        "lat": "27.8461",
        "lon": "-97.5207",
        "stage_ft": 0.922,
        "stage_datetime": "2026-06-27 15:48",
        "tier": "normal",
        "action_stage": 28.69,
        "flood_stage": 29.69,
        "major_stage": 31.69,
        "url": "https://tidesandcurrents.noaa.gov/stationhome.html?id=8775222",
        "city_lat": 29.4263987,
        "city_lon": -98.5104781,
        "fetched_at": "2026-06-27T15:56:58.392950+00:00",
        "color": "#2d6a4f"
      }
    },
    {
      "type": "Feature",
      "geometry": {
        "type": "Point",
        "coordinates": [
          "-118.5",
          "34.0083"
        ]
      },
      "properties": {
        "source": "NOAA",
        "site_id": "9410840",
        "site_name": "Santa Monica",
        "lat": "34.0083",
        "lon": "-118.5",
        "stage_ft": 3.55,
        "stage_datetime": "2026-06-27 15:42",
        "tier": "normal",
        "action_stage": 8.87,
        "flood_stage": 9.87,
        "major_stage": 11.87,
        "url": "https://tidesandcurrents.noaa.gov/stationhome.html?id=9410840",
        "city_lat": 34.3155072,
        "city_lon": -118.209681,
        "fetched_at": "2026-06-27T15:56:58.392950+00:00",
        "color": "#2d6a4f"
      }
    },
    {
      "type": "Feature",
      "geometry": {
        "type": "Point",
        "coordinates": [
          "-77.0217",
          "38.8733"
        ]
      },
      "properties": {
        "source": "NOAA",
        "site_id": "8594900",
        "site_name": "Washington",
        "lat": "38.8733",
        "lon": "-77.0217",
        "stage_ft": 1.153,
        "stage_datetime": "2026-06-27 15:48",
        "tier": "normal",
        "action_stage": 8.72,
        "flood_stage": 9.72,
        "major_stage": 11.72,
        "url": "https://tidesandcurrents.noaa.gov/stationhome.html?id=8594900",
        "city_lat": 38.9241769,
        "city_lon": -76.9650274,
        "fetched_at": "2026-06-27T15:56:58.392950+00:00",
        "color": "#2d6a4f"
      }
    },
    {
      "type": "Feature",
      "geometry": {
        "type": "Point",
        "coordinates": [
          "-118.5",
          "34.0083"
        ]
      },
      "properties": {
        "source": "NOAA",
        "site_id": "9410840",
        "site_name": "Santa Monica",
        "lat": "34.0083",
        "lon": "-118.5",
        "stage_ft": 3.55,
        "stage_datetime": "2026-06-27 15:42",
        "tier": "normal",
        "action_stage": 8.87,
        "flood_stage": 9.87,
        "major_stage": 11.87,
        "url": "https://tidesandcurrents.noaa.gov/stationhome.html?id=9410840",
        "city_lat": 34.0536909,
        "city_lon": -118.242766,
        "fetched_at": "2026-06-27T15:56:58.392950+00:00",
        "color": "#2d6a4f"
      }
    },
    {
      "type": "Feature",
      "geometry": {
        "type": "Point",
        "coordinates": [
          "-122.3393",
          "47.6026"
        ]
      },
      "properties": {
        "source": "NOAA",
        "site_id": "9447130",
        "site_name": "Seattle",
        "lat": "47.6026",
        "lon": "-122.3393",
        "stage_ft": 0.612,
        "stage_datetime": "2026-06-27 15:48",
        "tier": "normal",
        "action_stage": 20.3,
        "flood_stage": 21.3,
        "major_stage": 23.3,
        "url": "https://tidesandcurrents.noaa.gov/stationhome.html?id=9447130",
        "city_lat": 47.5354964,
        "city_lon": -117.4074674,
        "fetched_at": "2026-06-27T15:56:58.392950+00:00",
        "color": "#2d6a4f"
      }
    },
    {
      "type": "Feature",
      "geometry": {
        "type": "Point",
        "coordinates": [
          "-88.0736",
          "30.7819"
        ]
      },
      "properties": {
        "source": "NOAA",
        "site_id": "8737138",
        "site_name": "Chickasaw Creek",
        "lat": "30.7819",
        "lon": "-88.0736",
        "stage_ft": 2.516,
        "stage_datetime": "2026-06-27 15:48",
        "tier": "normal",
        "action_stage": 27.3,
        "flood_stage": 28.3,
        "major_stage": 30.3,
        "url": "https://tidesandcurrents.noaa.gov/stationhome.html?id=8737138",
        "city_lat": 34.6661946,
        "city_lon": -85.7905282,
        "fetched_at": "2026-06-27T15:56:58.392950+00:00",
        "color": "#2d6a4f"
      }
    },
    {
      "type": "Feature",
      "geometry": {
        "type": "Point",
        "coordinates": [
          "-80.903",
          "32.0347"
        ]
      },
      "properties": {
        "source": "NOAA",
        "site_id": "8670870",
        "site_name": "Fort Pulaski",
        "lat": "32.0347",
        "lon": "-80.903",
        "stage_ft": 1.116,
        "stage_datetime": "2026-06-27 15:48",
        "tier": "normal",
        "action_stage": 12.0,
        "flood_stage": 13.0,
        "major_stage": 15.0,
        "url": "https://tidesandcurrents.noaa.gov/stationhome.html?id=8670870",
        "city_lat": 33.7544657,
        "city_lon": -84.3898151,
        "fetched_at": "2026-06-27T15:56:58.392950+00:00",
        "color": "#2d6a4f"
      }
    },
    {
      "type": "Feature",
      "geometry": {
        "type": "Point",
        "coordinates": [
          "-88.0736",
          "30.7819"
        ]
      },
      "properties": {
        "source": "NOAA",
        "site_id": "8737138",
        "site_name": "Chickasaw Creek",
        "lat": "30.7819",
        "lon": "-88.0736",
        "stage_ft": 2.516,
        "stage_datetime": "2026-06-27 15:48",
        "tier": "normal",
        "action_stage": 27.3,
        "flood_stage": 28.3,
        "major_stage": 30.3,
        "url": "https://tidesandcurrents.noaa.gov/stationhome.html?id=8737138",
        "city_lat": 34.6661946,
        "city_lon": -85.7905282,
        "fetched_at": "2026-06-27T15:56:58.392950+00:00",
        "color": "#2d6a4f"
      }
    },
    {
      "type": "Feature",
      "geometry": {
        "type": "Point",
        "coordinates": [
          "-97.5207",
          "27.8461"
        ]
      },
      "properties": {
        "source": "NOAA",
        "site_id": "8775222",
        "site_name": "Viola Turning Basin",
        "lat": "27.8461",
        "lon": "-97.5207",
        "stage_ft": 0.922,
        "stage_datetime": "2026-06-27 15:48",
        "tier": "normal",
        "action_stage": 28.69,
        "flood_stage": 29.69,
        "major_stage": 31.69,
        "url": "https://tidesandcurrents.noaa.gov/stationhome.html?id=8775222",
        "city_lat": 29.431944,
        "city_lon": -98.4991908,
        "fetched_at": "2026-06-27T15:56:58.392950+00:00",
        "color": "#2d6a4f"
      }
    },
    {
      "type": "Feature",
      "geometry": {
        "type": "Point",
        "coordinates": [
          "-122.3393",
          "47.6026"
        ]
      },
      "properties": {
        "source": "NOAA",
        "site_id": "9447130",
        "site_name": "Seattle",
        "lat": "47.6026",
        "lon": "-122.3393",
        "stage_ft": 0.612,
        "stage_datetime": "2026-06-27 15:48",
        "tier": "normal",
        "action_stage": 20.3,
        "flood_stage": 21.3,
        "major_stage": 23.3,
        "url": "https://tidesandcurrents.noaa.gov/stationhome.html?id=9447130",
        "city_lat": 46.0142442,
        "city_lon": -112.5475572,
        "fetched_at": "2026-06-27T15:56:58.392950+00:00",
        "color": "#2d6a4f"
      }
    },
    {
      "type": "Feature",
      "geometry": {
        "type": "Point",
        "coordinates": [
          "-118.5",
          "34.0083"
        ]
      },
      "properties": {
        "source": "NOAA",
        "site_id": "9410840",
        "site_name": "Santa Monica",
        "lat": "34.0083",
        "lon": "-118.5",
        "stage_ft": 3.55,
        "stage_datetime": "2026-06-27 15:42",
        "tier": "normal",
        "action_stage": 8.87,
        "flood_stage": 9.87,
        "major_stage": 11.87,
        "url": "https://tidesandcurrents.noaa.gov/stationhome.html?id=9410840",
        "city_lat": 34.0536909,
        "city_lon": -118.242766,
        "fetched_at": "2026-06-27T15:56:58.392950+00:00",
        "color": "#2d6a4f"
      }
    },
    {
      "type": "Feature",
      "geometry": {
        "type": "Point",
        "coordinates": [
          "-95.2658",
          "29.7263"
        ]
      },
      "properties": {
        "source": "NOAA",
        "site_id": "8770777",
        "site_name": "Manchester",
        "lat": "29.7263",
        "lon": "-95.2658",
        "stage_ft": 1.943,
        "stage_datetime": "2026-06-27 15:48",
        "tier": "normal",
        "action_stage": 8.14,
        "flood_stage": 9.14,
        "major_stage": 11.14,
        "url": "https://tidesandcurrents.noaa.gov/stationhome.html?id=8770777",
        "city_lat": 30.301949,
        "city_lon": -95.5065944,
        "fetched_at": "2026-06-27T15:56:58.392950+00:00",
        "color": "#2d6a4f"
      }
    },
    {
      "type": "Feature",
      "geometry": {
        "type": "Point",
        "coordinates": [
          "-95.2658",
          "29.7263"
        ]
      },
      "properties": {
        "source": "NOAA",
        "site_id": "8770777",
        "site_name": "Manchester",
        "lat": "29.7263",
        "lon": "-95.2658",
        "stage_ft": 1.943,
        "stage_datetime": "2026-06-27 15:48",
        "tier": "normal",
        "action_stage": 8.14,
        "flood_stage": 9.14,
        "major_stage": 11.14,
        "url": "https://tidesandcurrents.noaa.gov/stationhome.html?id=8770777",
        "city_lat": 32.7762719,
        "city_lon": -96.7968559,
        "fetched_at": "2026-06-27T15:56:58.392950+00:00",
        "color": "#2d6a4f"
      }
    },
    {
      "type": "Feature",
      "geometry": {
        "type": "Point",
        "coordinates": [
          "-118.5",
          "34.0083"
        ]
      },
      "properties": {
        "source": "NOAA",
        "site_id": "9410840",
        "site_name": "Santa Monica",
        "lat": "34.0083",
        "lon": "-118.5",
        "stage_ft": 3.55,
        "stage_datetime": "2026-06-27 15:42",
        "tier": "normal",
        "action_stage": 8.87,
        "flood_stage": 9.87,
        "major_stage": 11.87,
        "url": "https://tidesandcurrents.noaa.gov/stationhome.html?id=9410840",
        "city_lat": 34.0536909,
        "city_lon": -118.242766,
        "fetched_at": "2026-06-27T15:56:58.392950+00:00",
        "color": "#2d6a4f"
      }
    },
    {
      "type": "Feature",
      "geometry": {
        "type": "Point",
        "coordinates": [
          "-118.5",
          "34.0083"
        ]
      },
      "properties": {
        "source": "NOAA",
        "site_id": "9410840",
        "site_name": "Santa Monica",
        "lat": "34.0083",
        "lon": "-118.5",
        "stage_ft": 3.55,
        "stage_datetime": "2026-06-27 15:42",
        "tier": "normal",
        "action_stage": 8.87,
        "flood_stage": 9.87,
        "major_stage": 11.87,
        "url": "https://tidesandcurrents.noaa.gov/stationhome.html?id=9410840",
        "city_lat": 34.0536909,
        "city_lon": -118.242766,
        "fetched_at": "2026-06-27T15:56:58.392950+00:00",
        "color": "#2d6a4f"
      }
    },
    {
      "type": "Feature",
      "geometry": {
        "type": "Point",
        "coordinates": [
          "-95.2658",
          "29.7263"
        ]
      },
      "properties": {
        "source": "NOAA",
        "site_id": "8770777",
        "site_name": "Manchester",
        "lat": "29.7263",
        "lon": "-95.2658",
        "stage_ft": 1.943,
        "stage_datetime": "2026-06-27 15:48",
        "tier": "normal",
        "action_stage": 8.14,
        "flood_stage": 9.14,
        "major_stage": 11.14,
        "url": "https://tidesandcurrents.noaa.gov/stationhome.html?id=8770777",
        "city_lat": 30.3031353,
        "city_lon": -96.9588587,
        "fetched_at": "2026-06-27T15:56:58.392950+00:00",
        "color": "#2d6a4f"
      }
    },
    {
      "type": "Feature",
      "geometry": {
        "type": "Point",
        "coordinates": [
          "-95.2658",
          "29.7263"
        ]
      },
      "properties": {
        "source": "NOAA",
        "site_id": "8770777",
        "site_name": "Manchester",
        "lat": "29.7263",
        "lon": "-95.2658",
        "stage_ft": 1.943,
        "stage_datetime": "2026-06-27 15:48",
        "tier": "normal",
        "action_stage": 8.14,
        "flood_stage": 9.14,
        "major_stage": 11.14,
        "url": "https://tidesandcurrents.noaa.gov/stationhome.html?id=8770777",
        "city_lat": 30.2226352,
        "city_lon": -96.3936114,
        "fetched_at": "2026-06-27T15:56:58.392950+00:00",
        "color": "#2d6a4f"
      }
    },
    {
      "type": "Feature",
      "geometry": {
        "type": "Point",
        "coordinates": [
          "-97.5207",
          "27.8461"
        ]
      },
      "properties": {
        "source": "NOAA",
        "site_id": "8775222",
        "site_name": "Viola Turning Basin",
        "lat": "27.8461",
        "lon": "-97.5207",
        "stage_ft": 0.922,
        "stage_datetime": "2026-06-27 15:48",
        "tier": "normal",
        "action_stage": 28.69,
        "flood_stage": 29.69,
        "major_stage": 31.69,
        "url": "https://tidesandcurrents.noaa.gov/stationhome.html?id=8775222",
        "city_lat": 29.4263987,
        "city_lon": -98.5104781,
        "fetched_at": "2026-06-27T15:56:58.392950+00:00",
        "color": "#2d6a4f"
      }
    },
    {
      "type": "Feature",
      "geometry": {
        "type": "Point",
        "coordinates": [
          "-95.2658",
          "29.7263"
        ]
      },
      "properties": {
        "source": "NOAA",
        "site_id": "8770777",
        "site_name": "Manchester",
        "lat": "29.7263",
        "lon": "-95.2658",
        "stage_ft": 1.943,
        "stage_datetime": "2026-06-27 15:48",
        "tier": "normal",
        "action_stage": 8.14,
        "flood_stage": 9.14,
        "major_stage": 11.14,
        "url": "https://tidesandcurrents.noaa.gov/stationhome.html?id=8770777",
        "city_lat": 30.2226352,
        "city_lon": -96.3936114,
        "fetched_at": "2026-06-27T15:56:58.392950+00:00",
        "color": "#2d6a4f"
      }
    },
    {
      "type": "Feature",
      "geometry": {
        "type": "Point",
        "coordinates": [
          "-118.5",
          "34.0083"
        ]
      },
      "properties": {
        "source": "NOAA",
        "site_id": "9410840",
        "site_name": "Santa Monica",
        "lat": "34.0083",
        "lon": "-118.5",
        "stage_ft": 3.55,
        "stage_datetime": "2026-06-27 15:42",
        "tier": "normal",
        "action_stage": 8.87,
        "flood_stage": 9.87,
        "major_stage": 11.87,
        "url": "https://tidesandcurrents.noaa.gov/stationhome.html?id=9410840",
        "city_lat": 34.0536909,
        "city_lon": -118.242766,
        "fetched_at": "2026-06-27T15:56:58.392950+00:00",
        "color": "#2d6a4f"
      }
    },
    {
      "type": "Feature",
      "geometry": {
        "type": "Point",
        "coordinates": [
          "-88.0736",
          "30.7819"
        ]
      },
      "properties": {
        "source": "NOAA",
        "site_id": "8737138",
        "site_name": "Chickasaw Creek",
        "lat": "30.7819",
        "lon": "-88.0736",
        "stage_ft": 2.516,
        "stage_datetime": "2026-06-27 15:48",
        "tier": "normal",
        "action_stage": 27.3,
        "flood_stage": 28.3,
        "major_stage": 30.3,
        "url": "https://tidesandcurrents.noaa.gov/stationhome.html?id=8737138",
        "city_lat": 32.9715285,
        "city_lon": -89.7348497,
        "fetched_at": "2026-06-27T15:56:58.392950+00:00",
        "color": "#2d6a4f"
      }
    },
    {
      "type": "Feature",
      "geometry": {
        "type": "Point",
        "coordinates": [
          "-155.0556",
          "19.7303"
        ]
      },
      "properties": {
        "source": "NOAA",
        "site_id": "1617760",
        "site_name": "Hilo, Hilo Bay, Kuhio Bay",
        "lat": "19.7303",
        "lon": "-155.0556",
        "stage_ft": 0.492,
        "stage_datetime": "2026-06-27 15:48",
        "tier": "normal",
        "action_stage": 7.32,
        "flood_stage": 8.32,
        "major_stage": 10.32,
        "url": "https://tidesandcurrents.noaa.gov/stationhome.html?id=1617760",
        "city_lat": 19.5938015,
        "city_lon": -155.4283701,
        "fetched_at": "2026-06-27T15:56:58.392950+00:00",
        "color": "#2d6a4f"
      }
    },
    {
      "type": "Feature",
      "geometry": {
        "type": "Point",
        "coordinates": [
          "-95.2658",
          "29.7263"
        ]
      },
      "properties": {
        "source": "NOAA",
        "site_id": "8770777",
        "site_name": "Manchester",
        "lat": "29.7263",
        "lon": "-95.2658",
        "stage_ft": 1.943,
        "stage_datetime": "2026-06-27 15:48",
        "tier": "normal",
        "action_stage": 8.14,
        "flood_stage": 9.14,
        "major_stage": 11.14,
        "url": "https://tidesandcurrents.noaa.gov/stationhome.html?id=8770777",
        "city_lat": 30.301949,
        "city_lon": -95.5065944,
        "fetched_at": "2026-06-27T15:56:58.392950+00:00",
        "color": "#2d6a4f"
      }
    },
    {
      "type": "Feature",
      "geometry": {
        "type": "Point",
        "coordinates": [
          "-95.2658",
          "29.7263"
        ]
      },
      "properties": {
        "source": "NOAA",
        "site_id": "8770777",
        "site_name": "Manchester",
        "lat": "29.7263",
        "lon": "-95.2658",
        "stage_ft": 1.943,
        "stage_datetime": "2026-06-27 15:48",
        "tier": "normal",
        "action_stage": 8.14,
        "flood_stage": 9.14,
        "major_stage": 11.14,
        "url": "https://tidesandcurrents.noaa.gov/stationhome.html?id=8770777",
        "city_lat": 29.6772874,
        "city_lon": -95.3411096,
        "fetched_at": "2026-06-27T15:56:58.392950+00:00",
        "color": "#2d6a4f"
      }
    },
    {
      "type": "Feature",
      "geometry": {
        "type": "Point",
        "coordinates": [
          "-96.6098",
          "28.6406"
        ]
      },
      "properties": {
        "source": "NOAA",
        "site_id": "8773259",
        "site_name": "Port Lavaca",
        "lat": "28.6406",
        "lon": "-96.6098",
        "stage_ft": 1.302,
        "stage_datetime": "2026-06-27 15:48",
        "tier": "normal",
        "action_stage": 4.9,
        "flood_stage": 5.9,
        "major_stage": 7.9,
        "url": "https://tidesandcurrents.noaa.gov/stationhome.html?id=8773259",
        "city_lat": 31.2638905,
        "city_lon": -98.5456116,
        "fetched_at": "2026-06-27T15:56:58.392950+00:00",
        "color": "#2d6a4f"
      }
    },
    {
      "type": "Feature",
      "geometry": {
        "type": "Point",
        "coordinates": [
          "-95.2658",
          "29.7263"
        ]
      },
      "properties": {
        "source": "NOAA",
        "site_id": "8770777",
        "site_name": "Manchester",
        "lat": "29.7263",
        "lon": "-95.2658",
        "stage_ft": 1.943,
        "stage_datetime": "2026-06-27 15:48",
        "tier": "normal",
        "action_stage": 8.14,
        "flood_stage": 9.14,
        "major_stage": 11.14,
        "url": "https://tidesandcurrents.noaa.gov/stationhome.html?id=8770777",
        "city_lat": 33.9161056,
        "city_lon": -96.6427413,
        "fetched_at": "2026-06-27T15:56:58.392950+00:00",
        "color": "#2d6a4f"
      }
    },
    {
      "type": "Feature",
      "geometry": {
        "type": "Point",
        "coordinates": [
          "-95.2658",
          "29.7263"
        ]
      },
      "properties": {
        "source": "NOAA",
        "site_id": "8770777",
        "site_name": "Manchester",
        "lat": "29.7263",
        "lon": "-95.2658",
        "stage_ft": 1.943,
        "stage_datetime": "2026-06-27 15:48",
        "tier": "normal",
        "action_stage": 8.14,
        "flood_stage": 9.14,
        "major_stage": 11.14,
        "url": "https://tidesandcurrents.noaa.gov/stationhome.html?id=8770777",
        "city_lat": 32.6662689,
        "city_lon": -97.135072,
        "fetched_at": "2026-06-27T15:56:58.392950+00:00",
        "color": "#2d6a4f"
      }
    },
    {
      "type": "Feature",
      "geometry": {
        "type": "Point",
        "coordinates": [
          "-95.2658",
          "29.7263"
        ]
      },
      "properties": {
        "source": "NOAA",
        "site_id": "8770777",
        "site_name": "Manchester",
        "lat": "29.7263",
        "lon": "-95.2658",
        "stage_ft": 1.943,
        "stage_datetime": "2026-06-27 15:48",
        "tier": "normal",
        "action_stage": 8.14,
        "flood_stage": 9.14,
        "major_stage": 11.14,
        "url": "https://tidesandcurrents.noaa.gov/stationhome.html?id=8770777",
        "city_lat": 33.1609629,
        "city_lon": -96.6060984,
        "fetched_at": "2026-06-27T15:56:58.392950+00:00",
        "color": "#2d6a4f"
      }
    },
    {
      "type": "Feature",
      "geometry": {
        "type": "Point",
        "coordinates": [
          "-95.2658",
          "29.7263"
        ]
      },
      "properties": {
        "source": "NOAA",
        "site_id": "8770777",
        "site_name": "Manchester",
        "lat": "29.7263",
        "lon": "-95.2658",
        "stage_ft": 1.943,
        "stage_datetime": "2026-06-27 15:48",
        "tier": "normal",
        "action_stage": 8.14,
        "flood_stage": 9.14,
        "major_stage": 11.14,
        "url": "https://tidesandcurrents.noaa.gov/stationhome.html?id=8770777",
        "city_lat": 33.1838787,
        "city_lon": -97.1413417,
        "fetched_at": "2026-06-27T15:56:58.392950+00:00",
        "color": "#2d6a4f"
      }
    },
    {
      "type": "Feature",
      "geometry": {
        "type": "Point",
        "coordinates": [
          "-95.2658",
          "29.7263"
        ]
      },
      "properties": {
        "source": "NOAA",
        "site_id": "8770777",
        "site_name": "Manchester",
        "lat": "29.7263",
        "lon": "-95.2658",
        "stage_ft": 1.943,
        "stage_datetime": "2026-06-27 15:48",
        "tier": "normal",
        "action_stage": 8.14,
        "flood_stage": 9.14,
        "major_stage": 11.14,
        "url": "https://tidesandcurrents.noaa.gov/stationhome.html?id=8770777",
        "city_lat": 32.6662689,
        "city_lon": -97.135072,
        "fetched_at": "2026-06-27T15:56:58.392950+00:00",
        "color": "#2d6a4f"
      }
    },
    {
      "type": "Feature",
      "geometry": {
        "type": "Point",
        "coordinates": [
          "-95.2658",
          "29.7263"
        ]
      },
      "properties": {
        "source": "NOAA",
        "site_id": "8770777",
        "site_name": "Manchester",
        "lat": "29.7263",
        "lon": "-95.2658",
        "stage_ft": 1.943,
        "stage_datetime": "2026-06-27 15:48",
        "tier": "normal",
        "action_stage": 8.14,
        "flood_stage": 9.14,
        "major_stage": 11.14,
        "url": "https://tidesandcurrents.noaa.gov/stationhome.html?id=8770777",
        "city_lat": 32.7762719,
        "city_lon": -96.7968559,
        "fetched_at": "2026-06-27T15:56:58.392950+00:00",
        "color": "#2d6a4f"
      }
    },
    {
      "type": "Feature",
      "geometry": {
        "type": "Point",
        "coordinates": [
          "-95.2658",
          "29.7263"
        ]
      },
      "properties": {
        "source": "NOAA",
        "site_id": "8770777",
        "site_name": "Manchester",
        "lat": "29.7263",
        "lon": "-95.2658",
        "stage_ft": 1.943,
        "stage_datetime": "2026-06-27 15:48",
        "tier": "normal",
        "action_stage": 8.14,
        "flood_stage": 9.14,
        "major_stage": 11.14,
        "url": "https://tidesandcurrents.noaa.gov/stationhome.html?id=8770777",
        "city_lat": 32.7513658,
        "city_lon": -97.335696,
        "fetched_at": "2026-06-27T15:56:58.392950+00:00",
        "color": "#2d6a4f"
      }
    },
    {
      "type": "Feature",
      "geometry": {
        "type": "Point",
        "coordinates": [
          "-95.2658",
          "29.7263"
        ]
      },
      "properties": {
        "source": "NOAA",
        "site_id": "8770777",
        "site_name": "Manchester",
        "lat": "29.7263",
        "lon": "-95.2658",
        "stage_ft": 1.943,
        "stage_datetime": "2026-06-27 15:48",
        "tier": "normal",
        "action_stage": 8.14,
        "flood_stage": 9.14,
        "major_stage": 11.14,
        "url": "https://tidesandcurrents.noaa.gov/stationhome.html?id=8770777",
        "city_lat": 34.9550817,
        "city_lon": -97.2684063,
        "fetched_at": "2026-06-27T15:56:58.392950+00:00",
        "color": "#2d6a4f"
      }
    },
    {
      "type": "Feature",
      "geometry": {
        "type": "Point",
        "coordinates": [
          "-122.3393",
          "47.6026"
        ]
      },
      "properties": {
        "source": "NOAA",
        "site_id": "9447130",
        "site_name": "Seattle",
        "lat": "47.6026",
        "lon": "-122.3393",
        "stage_ft": 0.612,
        "stage_datetime": "2026-06-27 15:48",
        "tier": "normal",
        "action_stage": 20.3,
        "flood_stage": 21.3,
        "major_stage": 23.3,
        "url": "https://tidesandcurrents.noaa.gov/stationhome.html?id=9447130",
        "city_lat": 47.6679559,
        "city_lon": -117.442834,
        "fetched_at": "2026-06-27T15:56:58.392950+00:00",
        "color": "#2d6a4f"
      }
    },
    {
      "type": "Feature",
      "geometry": {
        "type": "Point",
        "coordinates": [
          "-80.903",
          "32.0347"
        ]
      },
      "properties": {
        "source": "NOAA",
        "site_id": "8670870",
        "site_name": "Fort Pulaski",
        "lat": "32.0347",
        "lon": "-80.903",
        "stage_ft": 1.116,
        "stage_datetime": "2026-06-27 15:48",
        "tier": "normal",
        "action_stage": 12.0,
        "flood_stage": 13.0,
        "major_stage": 15.0,
        "url": "https://tidesandcurrents.noaa.gov/stationhome.html?id=8670870",
        "city_lat": 33.7544657,
        "city_lon": -84.3898151,
        "fetched_at": "2026-06-27T15:56:58.392950+00:00",
        "color": "#2d6a4f"
      }
    },
    {
      "type": "Feature",
      "geometry": {
        "type": "Point",
        "coordinates": [
          "-80.903",
          "32.0347"
        ]
      },
      "properties": {
        "source": "NOAA",
        "site_id": "8670870",
        "site_name": "Fort Pulaski",
        "lat": "32.0347",
        "lon": "-80.903",
        "stage_ft": 1.116,
        "stage_datetime": "2026-06-27 15:48",
        "tier": "normal",
        "action_stage": 12.0,
        "flood_stage": 13.0,
        "major_stage": 15.0,
        "url": "https://tidesandcurrents.noaa.gov/stationhome.html?id=8670870",
        "city_lat": 33.7544657,
        "city_lon": -84.3898151,
        "fetched_at": "2026-06-27T15:56:58.392950+00:00",
        "color": "#2d6a4f"
      }
    },
    {
      "type": "Feature",
      "geometry": {
        "type": "Point",
        "coordinates": [
          "-97.5207",
          "27.8461"
        ]
      },
      "properties": {
        "source": "NOAA",
        "site_id": "8775222",
        "site_name": "Viola Turning Basin",
        "lat": "27.8461",
        "lon": "-97.5207",
        "stage_ft": 0.922,
        "stage_datetime": "2026-06-27 15:48",
        "tier": "normal",
        "action_stage": 28.69,
        "flood_stage": 29.69,
        "major_stage": 31.69,
        "url": "https://tidesandcurrents.noaa.gov/stationhome.html?id=8775222",
        "city_lat": 30.045717,
        "city_lon": -99.3884839,
        "fetched_at": "2026-06-27T15:56:58.392950+00:00",
        "color": "#2d6a4f"
      }
    },
    {
      "type": "Feature",
      "geometry": {
        "type": "Point",
        "coordinates": [
          "-80.903",
          "32.0347"
        ]
      },
      "properties": {
        "source": "NOAA",
        "site_id": "8670870",
        "site_name": "Fort Pulaski",
        "lat": "32.0347",
        "lon": "-80.903",
        "stage_ft": 1.116,
        "stage_datetime": "2026-06-27 15:48",
        "tier": "normal",
        "action_stage": 12.0,
        "flood_stage": 13.0,
        "major_stage": 15.0,
        "url": "https://tidesandcurrents.noaa.gov/stationhome.html?id=8670870",
        "city_lat": 33.7544657,
        "city_lon": -84.3898151,
        "fetched_at": "2026-06-27T15:56:58.392950+00:00",
        "color": "#2d6a4f"
      }
    },
    {
      "type": "Feature",
      "geometry": {
        "type": "Point",
        "coordinates": [
          "-80.903",
          "32.0347"
        ]
      },
      "properties": {
        "source": "NOAA",
        "site_id": "8670870",
        "site_name": "Fort Pulaski",
        "lat": "32.0347",
        "lon": "-80.903",
        "stage_ft": 1.116,
        "stage_datetime": "2026-06-27 15:48",
        "tier": "normal",
        "action_stage": 12.0,
        "flood_stage": 13.0,
        "major_stage": 15.0,
        "url": "https://tidesandcurrents.noaa.gov/stationhome.html?id=8670870",
        "city_lat": 33.7544657,
        "city_lon": -84.3898151,
        "fetched_at": "2026-06-27T15:56:58.392950+00:00",
        "color": "#2d6a4f"
      }
    },
    {
      "type": "Feature",
      "geometry": {
        "type": "Point",
        "coordinates": [
          "-97.5207",
          "27.8461"
        ]
      },
      "properties": {
        "source": "NOAA",
        "site_id": "8775222",
        "site_name": "Viola Turning Basin",
        "lat": "27.8461",
        "lon": "-97.5207",
        "stage_ft": 0.922,
        "stage_datetime": "2026-06-27 15:48",
        "tier": "normal",
        "action_stage": 28.69,
        "flood_stage": 29.69,
        "major_stage": 31.69,
        "url": "https://tidesandcurrents.noaa.gov/stationhome.html?id=8775222",
        "city_lat": 30.045717,
        "city_lon": -99.3884839,
        "fetched_at": "2026-06-27T15:56:58.392950+00:00",
        "color": "#2d6a4f"
      }
    },
    {
      "type": "Feature",
      "geometry": {
        "type": "Point",
        "coordinates": [
          "-96.6098",
          "28.6406"
        ]
      },
      "properties": {
        "source": "NOAA",
        "site_id": "8773259",
        "site_name": "Port Lavaca",
        "lat": "28.6406",
        "lon": "-96.6098",
        "stage_ft": 1.302,
        "stage_datetime": "2026-06-27 15:48",
        "tier": "normal",
        "action_stage": 4.9,
        "flood_stage": 5.9,
        "major_stage": 7.9,
        "url": "https://tidesandcurrents.noaa.gov/stationhome.html?id=8773259",
        "city_lat": 31.2638905,
        "city_lon": -98.5456116,
        "fetched_at": "2026-06-27T15:56:58.392950+00:00",
        "color": "#2d6a4f"
      }
    },
    {
      "type": "Feature",
      "geometry": {
        "type": "Point",
        "coordinates": [
          "-80.903",
          "32.0347"
        ]
      },
      "properties": {
        "source": "NOAA",
        "site_id": "8670870",
        "site_name": "Fort Pulaski",
        "lat": "32.0347",
        "lon": "-80.903",
        "stage_ft": 1.116,
        "stage_datetime": "2026-06-27 15:48",
        "tier": "normal",
        "action_stage": 12.0,
        "flood_stage": 13.0,
        "major_stage": 15.0,
        "url": "https://tidesandcurrents.noaa.gov/stationhome.html?id=8670870",
        "city_lat": 33.7544657,
        "city_lon": -84.3898151,
        "fetched_at": "2026-06-27T15:56:58.392950+00:00",
        "color": "#2d6a4f"
      }
    },
    {
      "type": "Feature",
      "geometry": {
        "type": "Point",
        "coordinates": [
          "-80.903",
          "32.0347"
        ]
      },
      "properties": {
        "source": "NOAA",
        "site_id": "8670870",
        "site_name": "Fort Pulaski",
        "lat": "32.0347",
        "lon": "-80.903",
        "stage_ft": 1.116,
        "stage_datetime": "2026-06-27 15:48",
        "tier": "normal",
        "action_stage": 12.0,
        "flood_stage": 13.0,
        "major_stage": 15.0,
        "url": "https://tidesandcurrents.noaa.gov/stationhome.html?id=8670870",
        "city_lat": 33.7544657,
        "city_lon": -84.3898151,
        "fetched_at": "2026-06-27T15:56:58.392950+00:00",
        "color": "#2d6a4f"
      }
    },
    {
      "type": "Feature",
      "geometry": {
        "type": "Point",
        "coordinates": [
          "-80.903",
          "32.0347"
        ]
      },
      "properties": {
        "source": "NOAA",
        "site_id": "8670870",
        "site_name": "Fort Pulaski",
        "lat": "32.0347",
        "lon": "-80.903",
        "stage_ft": 1.116,
        "stage_datetime": "2026-06-27 15:48",
        "tier": "normal",
        "action_stage": 12.0,
        "flood_stage": 13.0,
        "major_stage": 15.0,
        "url": "https://tidesandcurrents.noaa.gov/stationhome.html?id=8670870",
        "city_lat": 33.7544657,
        "city_lon": -84.3898151,
        "fetched_at": "2026-06-27T15:56:58.392950+00:00",
        "color": "#2d6a4f"
      }
    },
    {
      "type": "Feature",
      "geometry": {
        "type": "Point",
        "coordinates": [
          "-80.903",
          "32.0347"
        ]
      },
      "properties": {
        "source": "NOAA",
        "site_id": "8670870",
        "site_name": "Fort Pulaski",
        "lat": "32.0347",
        "lon": "-80.903",
        "stage_ft": 1.116,
        "stage_datetime": "2026-06-27 15:48",
        "tier": "normal",
        "action_stage": 12.0,
        "flood_stage": 13.0,
        "major_stage": 15.0,
        "url": "https://tidesandcurrents.noaa.gov/stationhome.html?id=8670870",
        "city_lat": 33.7544657,
        "city_lon": -84.3898151,
        "fetched_at": "2026-06-27T15:56:58.392950+00:00",
        "color": "#2d6a4f"
      }
    },
    {
      "type": "Feature",
      "geometry": {
        "type": "Point",
        "coordinates": [
          "-80.903",
          "32.0347"
        ]
      },
      "properties": {
        "source": "NOAA",
        "site_id": "8670870",
        "site_name": "Fort Pulaski",
        "lat": "32.0347",
        "lon": "-80.903",
        "stage_ft": 1.116,
        "stage_datetime": "2026-06-27 15:48",
        "tier": "normal",
        "action_stage": 12.0,
        "flood_stage": 13.0,
        "major_stage": 15.0,
        "url": "https://tidesandcurrents.noaa.gov/stationhome.html?id=8670870",
        "city_lat": 33.7544657,
        "city_lon": -84.3898151,
        "fetched_at": "2026-06-27T15:56:58.392950+00:00",
        "color": "#2d6a4f"
      }
    },
    {
      "type": "Feature",
      "geometry": {
        "type": "Point",
        "coordinates": [
          "-95.2658",
          "29.7263"
        ]
      },
      "properties": {
        "source": "NOAA",
        "site_id": "8770777",
        "site_name": "Manchester",
        "lat": "29.7263",
        "lon": "-95.2658",
        "stage_ft": 1.943,
        "stage_datetime": "2026-06-27 15:48",
        "tier": "normal",
        "action_stage": 8.14,
        "flood_stage": 9.14,
        "major_stage": 11.14,
        "url": "https://tidesandcurrents.noaa.gov/stationhome.html?id=8770777",
        "city_lat": 33.1609629,
        "city_lon": -96.6060984,
        "fetched_at": "2026-06-27T15:56:58.392950+00:00",
        "color": "#2d6a4f"
      }
    },
    {
      "type": "Feature",
      "geometry": {
        "type": "Point",
        "coordinates": [
          "-80.903",
          "32.0347"
        ]
      },
      "properties": {
        "source": "NOAA",
        "site_id": "8670870",
        "site_name": "Fort Pulaski",
        "lat": "32.0347",
        "lon": "-80.903",
        "stage_ft": 1.116,
        "stage_datetime": "2026-06-27 15:48",
        "tier": "normal",
        "action_stage": 12.0,
        "flood_stage": 13.0,
        "major_stage": 15.0,
        "url": "https://tidesandcurrents.noaa.gov/stationhome.html?id=8670870",
        "city_lat": 33.7544657,
        "city_lon": -84.3898151,
        "fetched_at": "2026-06-27T15:56:58.392950+00:00",
        "color": "#2d6a4f"
      }
    },
    {
      "type": "Feature",
      "geometry": {
        "type": "Point",
        "coordinates": [
          "-95.2658",
          "29.7263"
        ]
      },
      "properties": {
        "source": "NOAA",
        "site_id": "8770777",
        "site_name": "Manchester",
        "lat": "29.7263",
        "lon": "-95.2658",
        "stage_ft": 1.943,
        "stage_datetime": "2026-06-27 15:48",
        "tier": "normal",
        "action_stage": 8.14,
        "flood_stage": 9.14,
        "major_stage": 11.14,
        "url": "https://tidesandcurrents.noaa.gov/stationhome.html?id=8770777",
        "city_lat": 33.1609629,
        "city_lon": -96.6060984,
        "fetched_at": "2026-06-27T15:56:58.392950+00:00",
        "color": "#2d6a4f"
      }
    },
    {
      "type": "Feature",
      "geometry": {
        "type": "Point",
        "coordinates": [
          "-74.0142",
          "40.7006"
        ]
      },
      "properties": {
        "source": "NOAA",
        "site_id": "8518750",
        "site_name": "The Battery",
        "lat": "40.7006",
        "lon": "-74.0142",
        "stage_ft": 1.821,
        "stage_datetime": "2026-06-27 15:48",
        "tier": "normal",
        "action_stage": 9.34,
        "flood_stage": 10.34,
        "major_stage": 12.34,
        "url": "https://tidesandcurrents.noaa.gov/stationhome.html?id=8518750",
        "city_lat": 40.7127281,
        "city_lon": -74.0060152,
        "fetched_at": "2026-06-27T15:56:58.392950+00:00",
        "color": "#2d6a4f"
      }
    },
    {
      "type": "Feature",
      "geometry": {
        "type": "Point",
        "coordinates": [
          "-74.0142",
          "40.7006"
        ]
      },
      "properties": {
        "source": "NOAA",
        "site_id": "8518750",
        "site_name": "The Battery",
        "lat": "40.7006",
        "lon": "-74.0142",
        "stage_ft": 1.821,
        "stage_datetime": "2026-06-27 15:48",
        "tier": "normal",
        "action_stage": 9.34,
        "flood_stage": 10.34,
        "major_stage": 12.34,
        "url": "https://tidesandcurrents.noaa.gov/stationhome.html?id=8518750",
        "city_lat": 40.6885422,
        "city_lon": -73.9042827,
        "fetched_at": "2026-06-27T15:56:58.392950+00:00",
        "color": "#2d6a4f"
      }
    },
    {
      "type": "Feature",
      "geometry": {
        "type": "Point",
        "coordinates": [
          "-96.6098",
          "28.6406"
        ]
      },
      "properties": {
        "source": "NOAA",
        "site_id": "8773259",
        "site_name": "Port Lavaca",
        "lat": "28.6406",
        "lon": "-96.6098",
        "stage_ft": 1.302,
        "stage_datetime": "2026-06-27 15:48",
        "tier": "normal",
        "action_stage": 4.9,
        "flood_stage": 5.9,
        "major_stage": 7.9,
        "url": "https://tidesandcurrents.noaa.gov/stationhome.html?id=8773259",
        "city_lat": 30.2878569,
        "city_lon": -97.7561392,
        "fetched_at": "2026-06-27T15:56:58.392950+00:00",
        "color": "#2d6a4f"
      }
    },
    {
      "type": "Feature",
      "geometry": {
        "type": "Point",
        "coordinates": [
          "-96.6098",
          "28.6406"
        ]
      },
      "properties": {
        "source": "NOAA",
        "site_id": "8773259",
        "site_name": "Port Lavaca",
        "lat": "28.6406",
        "lon": "-96.6098",
        "stage_ft": 1.302,
        "stage_datetime": "2026-06-27 15:48",
        "tier": "normal",
        "action_stage": 4.9,
        "flood_stage": 5.9,
        "major_stage": 7.9,
        "url": "https://tidesandcurrents.noaa.gov/stationhome.html?id=8773259",
        "city_lat": 30.3420882,
        "city_lon": -97.555905,
        "fetched_at": "2026-06-27T15:56:58.392950+00:00",
        "color": "#2d6a4f"
      }
    },
    {
      "type": "Feature",
      "geometry": {
        "type": "Point",
        "coordinates": [
          "-95.2658",
          "29.7263"
        ]
      },
      "properties": {
        "source": "NOAA",
        "site_id": "8770777",
        "site_name": "Manchester",
        "lat": "29.7263",
        "lon": "-95.2658",
        "stage_ft": 1.943,
        "stage_datetime": "2026-06-27 15:48",
        "tier": "normal",
        "action_stage": 8.14,
        "flood_stage": 9.14,
        "major_stage": 11.14,
        "url": "https://tidesandcurrents.noaa.gov/stationhome.html?id=8770777",
        "city_lat": 29.7589382,
        "city_lon": -95.3676974,
        "fetched_at": "2026-06-27T15:56:58.392950+00:00",
        "color": "#2d6a4f"
      }
    },
    {
      "type": "Feature",
      "geometry": {
        "type": "Point",
        "coordinates": [
          "-93.8817",
          "29.98"
        ]
      },
      "properties": {
        "source": "NOAA",
        "site_id": "8770520",
        "site_name": "Rainbow Bridge",
        "lat": "29.98",
        "lon": "-93.8817",
        "stage_ft": 1.68,
        "stage_datetime": "2026-06-27 15:48",
        "tier": "normal",
        "action_stage": 5.82,
        "flood_stage": 6.82,
        "major_stage": 8.82,
        "url": "https://tidesandcurrents.noaa.gov/stationhome.html?id=8770520",
        "city_lat": 31.4274044,
        "city_lon": -94.8085436,
        "fetched_at": "2026-06-27T15:56:58.392950+00:00",
        "color": "#2d6a4f"
      }
    },
    {
      "type": "Feature",
      "geometry": {
        "type": "Point",
        "coordinates": [
          "-96.6098",
          "28.6406"
        ]
      },
      "properties": {
        "source": "NOAA",
        "site_id": "8773259",
        "site_name": "Port Lavaca",
        "lat": "28.6406",
        "lon": "-96.6098",
        "stage_ft": 1.302,
        "stage_datetime": "2026-06-27 15:48",
        "tier": "normal",
        "action_stage": 4.9,
        "flood_stage": 5.9,
        "major_stage": 7.9,
        "url": "https://tidesandcurrents.noaa.gov/stationhome.html?id=8773259",
        "city_lat": 31.2638905,
        "city_lon": -98.5456116,
        "fetched_at": "2026-06-27T15:56:58.392950+00:00",
        "color": "#2d6a4f"
      }
    },
    {
      "type": "Feature",
      "geometry": {
        "type": "Point",
        "coordinates": [
          "-93.8817",
          "29.98"
        ]
      },
      "properties": {
        "source": "NOAA",
        "site_id": "8770520",
        "site_name": "Rainbow Bridge",
        "lat": "29.98",
        "lon": "-93.8817",
        "stage_ft": 1.68,
        "stage_datetime": "2026-06-27 15:48",
        "tier": "normal",
        "action_stage": 5.82,
        "flood_stage": 6.82,
        "major_stage": 8.82,
        "url": "https://tidesandcurrents.noaa.gov/stationhome.html?id=8770520",
        "city_lat": 31.4274044,
        "city_lon": -94.8085436,
        "fetched_at": "2026-06-27T15:56:58.392950+00:00",
        "color": "#2d6a4f"
      }
    },
    {
      "type": "Feature",
      "geometry": {
        "type": "Point",
        "coordinates": [
          "-97.5207",
          "27.8461"
        ]
      },
      "properties": {
        "source": "NOAA",
        "site_id": "8775222",
        "site_name": "Viola Turning Basin",
        "lat": "27.8461",
        "lon": "-97.5207",
        "stage_ft": 0.922,
        "stage_datetime": "2026-06-27 15:48",
        "tier": "normal",
        "action_stage": 28.69,
        "flood_stage": 29.69,
        "major_stage": 31.69,
        "url": "https://tidesandcurrents.noaa.gov/stationhome.html?id=8775222",
        "city_lat": 30.045717,
        "city_lon": -99.3884839,
        "fetched_at": "2026-06-27T15:56:58.392950+00:00",
        "color": "#2d6a4f"
      }
    },
    {
      "type": "Feature",
      "geometry": {
        "type": "Point",
        "coordinates": [
          "-80.903",
          "32.0347"
        ]
      },
      "properties": {
        "source": "NOAA",
        "site_id": "8670870",
        "site_name": "Fort Pulaski",
        "lat": "32.0347",
        "lon": "-80.903",
        "stage_ft": 1.116,
        "stage_datetime": "2026-06-27 15:48",
        "tier": "normal",
        "action_stage": 12.0,
        "flood_stage": 13.0,
        "major_stage": 15.0,
        "url": "https://tidesandcurrents.noaa.gov/stationhome.html?id=8670870",
        "city_lat": 33.7544657,
        "city_lon": -84.3898151,
        "fetched_at": "2026-06-27T15:56:58.392950+00:00",
        "color": "#2d6a4f"
      }
    },
    {
      "type": "Feature",
      "geometry": {
        "type": "Point",
        "coordinates": [
          "-95.2658",
          "29.7263"
        ]
      },
      "properties": {
        "source": "NOAA",
        "site_id": "8770777",
        "site_name": "Manchester",
        "lat": "29.7263",
        "lon": "-95.2658",
        "stage_ft": 1.943,
        "stage_datetime": "2026-06-27 15:48",
        "tier": "normal",
        "action_stage": 8.14,
        "flood_stage": 9.14,
        "major_stage": 11.14,
        "url": "https://tidesandcurrents.noaa.gov/stationhome.html?id=8770777",
        "city_lat": 31.0834452,
        "city_lon": -95.1219348,
        "fetched_at": "2026-06-27T15:56:58.392950+00:00",
        "color": "#2d6a4f"
      }
    },
    {
      "type": "Feature",
      "geometry": {
        "type": "Point",
        "coordinates": [
          "-95.2658",
          "29.7263"
        ]
      },
      "properties": {
        "source": "NOAA",
        "site_id": "8770777",
        "site_name": "Manchester",
        "lat": "29.7263",
        "lon": "-95.2658",
        "stage_ft": 1.943,
        "stage_datetime": "2026-06-27 15:48",
        "tier": "normal",
        "action_stage": 8.14,
        "flood_stage": 9.14,
        "major_stage": 11.14,
        "url": "https://tidesandcurrents.noaa.gov/stationhome.html?id=8770777",
        "city_lat": 30.6108618,
        "city_lon": -96.3520606,
        "fetched_at": "2026-06-27T15:56:58.392950+00:00",
        "color": "#2d6a4f"
      }
    },
    {
      "type": "Feature",
      "geometry": {
        "type": "Point",
        "coordinates": [
          "-95.2658",
          "29.7263"
        ]
      },
      "properties": {
        "source": "NOAA",
        "site_id": "8770777",
        "site_name": "Manchester",
        "lat": "29.7263",
        "lon": "-95.2658",
        "stage_ft": 1.943,
        "stage_datetime": "2026-06-27 15:48",
        "tier": "normal",
        "action_stage": 8.14,
        "flood_stage": 9.14,
        "major_stage": 11.14,
        "url": "https://tidesandcurrents.noaa.gov/stationhome.html?id=8770777",
        "city_lat": 29.7589382,
        "city_lon": -95.3676974,
        "fetched_at": "2026-06-27T15:56:58.392950+00:00",
        "color": "#2d6a4f"
      }
    },
    {
      "type": "Feature",
      "geometry": {
        "type": "Point",
        "coordinates": [
          "-97.5207",
          "27.8461"
        ]
      },
      "properties": {
        "source": "NOAA",
        "site_id": "8775222",
        "site_name": "Viola Turning Basin",
        "lat": "27.8461",
        "lon": "-97.5207",
        "stage_ft": 0.922,
        "stage_datetime": "2026-06-27 15:48",
        "tier": "normal",
        "action_stage": 28.69,
        "flood_stage": 29.69,
        "major_stage": 31.69,
        "url": "https://tidesandcurrents.noaa.gov/stationhome.html?id=8775222",
        "city_lat": 29.4246002,
        "city_lon": -98.4951405,
        "fetched_at": "2026-06-27T15:56:58.392950+00:00",
        "color": "#2d6a4f"
      }
    },
    {
      "type": "Feature",
      "geometry": {
        "type": "Point",
        "coordinates": [
          "-96.6098",
          "28.6406"
        ]
      },
      "properties": {
        "source": "NOAA",
        "site_id": "8773259",
        "site_name": "Port Lavaca",
        "lat": "28.6406",
        "lon": "-96.6098",
        "stage_ft": 1.302,
        "stage_datetime": "2026-06-27 15:48",
        "tier": "normal",
        "action_stage": 4.9,
        "flood_stage": 5.9,
        "major_stage": 7.9,
        "url": "https://tidesandcurrents.noaa.gov/stationhome.html?id=8773259",
        "city_lat": 31.2638905,
        "city_lon": -98.5456116,
        "fetched_at": "2026-06-27T15:56:58.392950+00:00",
        "color": "#2d6a4f"
      }
    },
    {
      "type": "Feature",
      "geometry": {
        "type": "Point",
        "coordinates": [
          "-95.2658",
          "29.7263"
        ]
      },
      "properties": {
        "source": "NOAA",
        "site_id": "8770777",
        "site_name": "Manchester",
        "lat": "29.7263",
        "lon": "-95.2658",
        "stage_ft": 1.943,
        "stage_datetime": "2026-06-27 15:48",
        "tier": "normal",
        "action_stage": 8.14,
        "flood_stage": 9.14,
        "major_stage": 11.14,
        "url": "https://tidesandcurrents.noaa.gov/stationhome.html?id=8770777",
        "city_lat": 29.7589382,
        "city_lon": -95.3676974,
        "fetched_at": "2026-06-27T15:56:58.392950+00:00",
        "color": "#2d6a4f"
      }
    },
    {
      "type": "Feature",
      "geometry": {
        "type": "Point",
        "coordinates": [
          "-96.6098",
          "28.6406"
        ]
      },
      "properties": {
        "source": "NOAA",
        "site_id": "8773259",
        "site_name": "Port Lavaca",
        "lat": "28.6406",
        "lon": "-96.6098",
        "stage_ft": 1.302,
        "stage_datetime": "2026-06-27 15:48",
        "tier": "normal",
        "action_stage": 4.9,
        "flood_stage": 5.9,
        "major_stage": 7.9,
        "url": "https://tidesandcurrents.noaa.gov/stationhome.html?id=8773259",
        "city_lat": 31.2638905,
        "city_lon": -98.5456116,
        "fetched_at": "2026-06-27T15:56:58.392950+00:00",
        "color": "#2d6a4f"
      }
    },
    {
      "type": "Feature",
      "geometry": {
        "type": "Point",
        "coordinates": [
          "-80.903",
          "32.0347"
        ]
      },
      "properties": {
        "source": "NOAA",
        "site_id": "8670870",
        "site_name": "Fort Pulaski",
        "lat": "32.0347",
        "lon": "-80.903",
        "stage_ft": 1.116,
        "stage_datetime": "2026-06-27 15:48",
        "tier": "normal",
        "action_stage": 12.0,
        "flood_stage": 13.0,
        "major_stage": 15.0,
        "url": "https://tidesandcurrents.noaa.gov/stationhome.html?id=8670870",
        "city_lat": 33.7544657,
        "city_lon": -84.3898151,
        "fetched_at": "2026-06-27T15:56:58.392950+00:00",
        "color": "#2d6a4f"
      }
    },
    {
      "type": "Feature",
      "geometry": {
        "type": "Point",
        "coordinates": [
          "-80.903",
          "32.0347"
        ]
      },
      "properties": {
        "source": "NOAA",
        "site_id": "8670870",
        "site_name": "Fort Pulaski",
        "lat": "32.0347",
        "lon": "-80.903",
        "stage_ft": 1.116,
        "stage_datetime": "2026-06-27 15:48",
        "tier": "normal",
        "action_stage": 12.0,
        "flood_stage": 13.0,
        "major_stage": 15.0,
        "url": "https://tidesandcurrents.noaa.gov/stationhome.html?id=8670870",
        "city_lat": 33.7544657,
        "city_lon": -84.3898151,
        "fetched_at": "2026-06-27T15:56:58.392950+00:00",
        "color": "#2d6a4f"
      }
    },
    {
      "type": "Feature",
      "geometry": {
        "type": "Point",
        "coordinates": [
          "-93.93",
          "29.8667"
        ]
      },
      "properties": {
        "source": "NOAA",
        "site_id": "8770475",
        "site_name": "Port Arthur",
        "lat": "29.8667",
        "lon": "-93.93",
        "stage_ft": 1.552,
        "stage_datetime": "2026-06-27 15:48",
        "tier": "normal",
        "action_stage": 6.65,
        "flood_stage": 7.65,
        "major_stage": 9.65,
        "url": "https://tidesandcurrents.noaa.gov/stationhome.html?id=8770475",
        "city_lat": 29.834772,
        "city_lon": -94.1704496,
        "fetched_at": "2026-06-27T15:56:58.392950+00:00",
        "color": "#2d6a4f"
      }
    },
    {
      "type": "Feature",
      "geometry": {
        "type": "Point",
        "coordinates": [
          "-95.2658",
          "29.7263"
        ]
      },
      "properties": {
        "source": "NOAA",
        "site_id": "8770777",
        "site_name": "Manchester",
        "lat": "29.7263",
        "lon": "-95.2658",
        "stage_ft": 1.943,
        "stage_datetime": "2026-06-27 15:48",
        "tier": "normal",
        "action_stage": 8.14,
        "flood_stage": 9.14,
        "major_stage": 11.14,
        "url": "https://tidesandcurrents.noaa.gov/stationhome.html?id=8770777",
        "city_lat": 29.7589382,
        "city_lon": -95.3676974,
        "fetched_at": "2026-06-27T15:56:58.392950+00:00",
        "color": "#2d6a4f"
      }
    },
    {
      "type": "Feature",
      "geometry": {
        "type": "Point",
        "coordinates": [
          "-80.903",
          "32.0347"
        ]
      },
      "properties": {
        "source": "NOAA",
        "site_id": "8670870",
        "site_name": "Fort Pulaski",
        "lat": "32.0347",
        "lon": "-80.903",
        "stage_ft": 1.116,
        "stage_datetime": "2026-06-27 15:48",
        "tier": "normal",
        "action_stage": 12.0,
        "flood_stage": 13.0,
        "major_stage": 15.0,
        "url": "https://tidesandcurrents.noaa.gov/stationhome.html?id=8670870",
        "city_lat": 33.7544657,
        "city_lon": -84.3898151,
        "fetched_at": "2026-06-27T15:56:58.392950+00:00",
        "color": "#2d6a4f"
      }
    },
    {
      "type": "Feature",
      "geometry": {
        "type": "Point",
        "coordinates": [
          "-95.2658",
          "29.7263"
        ]
      },
      "properties": {
        "source": "NOAA",
        "site_id": "8770777",
        "site_name": "Manchester",
        "lat": "29.7263",
        "lon": "-95.2658",
        "stage_ft": 1.943,
        "stage_datetime": "2026-06-27 15:48",
        "tier": "normal",
        "action_stage": 8.14,
        "flood_stage": 9.14,
        "major_stage": 11.14,
        "url": "https://tidesandcurrents.noaa.gov/stationhome.html?id=8770777",
        "city_lat": 31.0834452,
        "city_lon": -95.1219348,
        "fetched_at": "2026-06-27T15:56:58.392950+00:00",
        "color": "#2d6a4f"
      }
    },
    {
      "type": "Feature",
      "geometry": {
        "type": "Point",
        "coordinates": [
          "-80.903",
          "32.0347"
        ]
      },
      "properties": {
        "source": "NOAA",
        "site_id": "8670870",
        "site_name": "Fort Pulaski",
        "lat": "32.0347",
        "lon": "-80.903",
        "stage_ft": 1.116,
        "stage_datetime": "2026-06-27 15:48",
        "tier": "normal",
        "action_stage": 12.0,
        "flood_stage": 13.0,
        "major_stage": 15.0,
        "url": "https://tidesandcurrents.noaa.gov/stationhome.html?id=8670870",
        "city_lat": 32.5537587,
        "city_lon": -83.7965744,
        "fetched_at": "2026-06-27T15:56:58.392950+00:00",
        "color": "#2d6a4f"
      }
    },
    {
      "type": "Feature",
      "geometry": {
        "type": "Point",
        "coordinates": [
          "-95.2658",
          "29.7263"
        ]
      },
      "properties": {
        "source": "NOAA",
        "site_id": "8770777",
        "site_name": "Manchester",
        "lat": "29.7263",
        "lon": "-95.2658",
        "stage_ft": 1.943,
        "stage_datetime": "2026-06-27 15:48",
        "tier": "normal",
        "action_stage": 8.14,
        "flood_stage": 9.14,
        "major_stage": 11.14,
        "url": "https://tidesandcurrents.noaa.gov/stationhome.html?id=8770777",
        "city_lat": 29.7589382,
        "city_lon": -95.3676974,
        "fetched_at": "2026-06-27T15:56:58.392950+00:00",
        "color": "#2d6a4f"
      }
    },
    {
      "type": "Feature",
      "geometry": {
        "type": "Point",
        "coordinates": [
          "-95.2658",
          "29.7263"
        ]
      },
      "properties": {
        "source": "NOAA",
        "site_id": "8770777",
        "site_name": "Manchester",
        "lat": "29.7263",
        "lon": "-95.2658",
        "stage_ft": 1.943,
        "stage_datetime": "2026-06-27 15:48",
        "tier": "normal",
        "action_stage": 8.14,
        "flood_stage": 9.14,
        "major_stage": 11.14,
        "url": "https://tidesandcurrents.noaa.gov/stationhome.html?id=8770777",
        "city_lat": 32.6662689,
        "city_lon": -97.135072,
        "fetched_at": "2026-06-27T15:56:58.392950+00:00",
        "color": "#2d6a4f"
      }
    },
    {
      "type": "Feature",
      "geometry": {
        "type": "Point",
        "coordinates": [
          "-93.8817",
          "29.98"
        ]
      },
      "properties": {
        "source": "NOAA",
        "site_id": "8770520",
        "site_name": "Rainbow Bridge",
        "lat": "29.98",
        "lon": "-93.8817",
        "stage_ft": 1.68,
        "stage_datetime": "2026-06-27 15:48",
        "tier": "normal",
        "action_stage": 5.82,
        "flood_stage": 6.82,
        "major_stage": 8.82,
        "url": "https://tidesandcurrents.noaa.gov/stationhome.html?id=8770520",
        "city_lat": 31.4274044,
        "city_lon": -94.8085436,
        "fetched_at": "2026-06-27T15:56:58.392950+00:00",
        "color": "#2d6a4f"
      }
    },
    {
      "type": "Feature",
      "geometry": {
        "type": "Point",
        "coordinates": [
          "-95.2658",
          "29.7263"
        ]
      },
      "properties": {
        "source": "NOAA",
        "site_id": "8770777",
        "site_name": "Manchester",
        "lat": "29.7263",
        "lon": "-95.2658",
        "stage_ft": 1.943,
        "stage_datetime": "2026-06-27 15:48",
        "tier": "normal",
        "action_stage": 8.14,
        "flood_stage": 9.14,
        "major_stage": 11.14,
        "url": "https://tidesandcurrents.noaa.gov/stationhome.html?id=8770777",
        "city_lat": 32.7762719,
        "city_lon": -96.7968559,
        "fetched_at": "2026-06-27T15:56:58.392950+00:00",
        "color": "#2d6a4f"
      }
    },
    {
      "type": "Feature",
      "geometry": {
        "type": "Point",
        "coordinates": [
          "-80.903",
          "32.0347"
        ]
      },
      "properties": {
        "source": "NOAA",
        "site_id": "8670870",
        "site_name": "Fort Pulaski",
        "lat": "32.0347",
        "lon": "-80.903",
        "stage_ft": 1.116,
        "stage_datetime": "2026-06-27 15:48",
        "tier": "normal",
        "action_stage": 12.0,
        "flood_stage": 13.0,
        "major_stage": 15.0,
        "url": "https://tidesandcurrents.noaa.gov/stationhome.html?id=8670870",
        "city_lat": 33.7544657,
        "city_lon": -84.3898151,
        "fetched_at": "2026-06-27T15:56:58.392950+00:00",
        "color": "#2d6a4f"
      }
    },
    {
      "type": "Feature",
      "geometry": {
        "type": "Point",
        "coordinates": [
          "-95.2658",
          "29.7263"
        ]
      },
      "properties": {
        "source": "NOAA",
        "site_id": "8770777",
        "site_name": "Manchester",
        "lat": "29.7263",
        "lon": "-95.2658",
        "stage_ft": 1.943,
        "stage_datetime": "2026-06-27 15:48",
        "tier": "normal",
        "action_stage": 8.14,
        "flood_stage": 9.14,
        "major_stage": 11.14,
        "url": "https://tidesandcurrents.noaa.gov/stationhome.html?id=8770777",
        "city_lat": 32.7772597,
        "city_lon": -97.8045599,
        "fetched_at": "2026-06-27T15:56:58.392950+00:00",
        "color": "#2d6a4f"
      }
    },
    {
      "type": "Feature",
      "geometry": {
        "type": "Point",
        "coordinates": [
          "-95.2658",
          "29.7263"
        ]
      },
      "properties": {
        "source": "NOAA",
        "site_id": "8770777",
        "site_name": "Manchester",
        "lat": "29.7263",
        "lon": "-95.2658",
        "stage_ft": 1.943,
        "stage_datetime": "2026-06-27 15:48",
        "tier": "normal",
        "action_stage": 8.14,
        "flood_stage": 9.14,
        "major_stage": 11.14,
        "url": "https://tidesandcurrents.noaa.gov/stationhome.html?id=8770777",
        "city_lat": 32.7762719,
        "city_lon": -96.7968559,
        "fetched_at": "2026-06-27T15:56:58.392950+00:00",
        "color": "#2d6a4f"
      }
    },
    {
      "type": "Feature",
      "geometry": {
        "type": "Point",
        "coordinates": [
          "-95.2658",
          "29.7263"
        ]
      },
      "properties": {
        "source": "NOAA",
        "site_id": "8770777",
        "site_name": "Manchester",
        "lat": "29.7263",
        "lon": "-95.2658",
        "stage_ft": 1.943,
        "stage_datetime": "2026-06-27 15:48",
        "tier": "normal",
        "action_stage": 8.14,
        "flood_stage": 9.14,
        "major_stage": 11.14,
        "url": "https://tidesandcurrents.noaa.gov/stationhome.html?id=8770777",
        "city_lat": 32.7513658,
        "city_lon": -97.335696,
        "fetched_at": "2026-06-27T15:56:58.392950+00:00",
        "color": "#2d6a4f"
      }
    },
    {
      "type": "Feature",
      "geometry": {
        "type": "Point",
        "coordinates": [
          "-80.903",
          "32.0347"
        ]
      },
      "properties": {
        "source": "NOAA",
        "site_id": "8670870",
        "site_name": "Fort Pulaski",
        "lat": "32.0347",
        "lon": "-80.903",
        "stage_ft": 1.116,
        "stage_datetime": "2026-06-27 15:48",
        "tier": "normal",
        "action_stage": 12.0,
        "flood_stage": 13.0,
        "major_stage": 15.0,
        "url": "https://tidesandcurrents.noaa.gov/stationhome.html?id=8670870",
        "city_lat": 33.9373948,
        "city_lon": -84.5732006,
        "fetched_at": "2026-06-27T15:56:58.392950+00:00",
        "color": "#2d6a4f"
      }
    },
    {
      "type": "Feature",
      "geometry": {
        "type": "Point",
        "coordinates": [
          "-95.2658",
          "29.7263"
        ]
      },
      "properties": {
        "source": "NOAA",
        "site_id": "8770777",
        "site_name": "Manchester",
        "lat": "29.7263",
        "lon": "-95.2658",
        "stage_ft": 1.943,
        "stage_datetime": "2026-06-27 15:48",
        "tier": "normal",
        "action_stage": 8.14,
        "flood_stage": 9.14,
        "major_stage": 11.14,
        "url": "https://tidesandcurrents.noaa.gov/stationhome.html?id=8770777",
        "city_lat": 32.6662689,
        "city_lon": -97.135072,
        "fetched_at": "2026-06-27T15:56:58.392950+00:00",
        "color": "#2d6a4f"
      }
    },
    {
      "type": "Feature",
      "geometry": {
        "type": "Point",
        "coordinates": [
          "-95.2658",
          "29.7263"
        ]
      },
      "properties": {
        "source": "NOAA",
        "site_id": "8770777",
        "site_name": "Manchester",
        "lat": "29.7263",
        "lon": "-95.2658",
        "stage_ft": 1.943,
        "stage_datetime": "2026-06-27 15:48",
        "tier": "normal",
        "action_stage": 8.14,
        "flood_stage": 9.14,
        "major_stage": 11.14,
        "url": "https://tidesandcurrents.noaa.gov/stationhome.html?id=8770777",
        "city_lat": 32.7762719,
        "city_lon": -96.7968559,
        "fetched_at": "2026-06-27T15:56:58.392950+00:00",
        "color": "#2d6a4f"
      }
    },
    {
      "type": "Feature",
      "geometry": {
        "type": "Point",
        "coordinates": [
          "-95.2658",
          "29.7263"
        ]
      },
      "properties": {
        "source": "NOAA",
        "site_id": "8770777",
        "site_name": "Manchester",
        "lat": "29.7263",
        "lon": "-95.2658",
        "stage_ft": 1.943,
        "stage_datetime": "2026-06-27 15:48",
        "tier": "normal",
        "action_stage": 8.14,
        "flood_stage": 9.14,
        "major_stage": 11.14,
        "url": "https://tidesandcurrents.noaa.gov/stationhome.html?id=8770777",
        "city_lat": 32.7513658,
        "city_lon": -97.335696,
        "fetched_at": "2026-06-27T15:56:58.392950+00:00",
        "color": "#2d6a4f"
      }
    },
    {
      "type": "Feature",
      "geometry": {
        "type": "Point",
        "coordinates": [
          "-95.2658",
          "29.7263"
        ]
      },
      "properties": {
        "source": "NOAA",
        "site_id": "8770777",
        "site_name": "Manchester",
        "lat": "29.7263",
        "lon": "-95.2658",
        "stage_ft": 1.943,
        "stage_datetime": "2026-06-27 15:48",
        "tier": "normal",
        "action_stage": 8.14,
        "flood_stage": 9.14,
        "major_stage": 11.14,
        "url": "https://tidesandcurrents.noaa.gov/stationhome.html?id=8770777",
        "city_lat": 32.7762719,
        "city_lon": -96.7968559,
        "fetched_at": "2026-06-27T15:56:58.392950+00:00",
        "color": "#2d6a4f"
      }
    },
    {
      "type": "Feature",
      "geometry": {
        "type": "Point",
        "coordinates": [
          "-95.2658",
          "29.7263"
        ]
      },
      "properties": {
        "source": "NOAA",
        "site_id": "8770777",
        "site_name": "Manchester",
        "lat": "29.7263",
        "lon": "-95.2658",
        "stage_ft": 1.943,
        "stage_datetime": "2026-06-27 15:48",
        "tier": "normal",
        "action_stage": 8.14,
        "flood_stage": 9.14,
        "major_stage": 11.14,
        "url": "https://tidesandcurrents.noaa.gov/stationhome.html?id=8770777",
        "city_lat": 32.7513658,
        "city_lon": -97.335696,
        "fetched_at": "2026-06-27T15:56:58.392950+00:00",
        "color": "#2d6a4f"
      }
    },
    {
      "type": "Feature",
      "geometry": {
        "type": "Point",
        "coordinates": [
          "-88.0736",
          "30.7819"
        ]
      },
      "properties": {
        "source": "NOAA",
        "site_id": "8737138",
        "site_name": "Chickasaw Creek",
        "lat": "30.7819",
        "lon": "-88.0736",
        "stage_ft": 2.516,
        "stage_datetime": "2026-06-27 15:48",
        "tier": "normal",
        "action_stage": 27.3,
        "flood_stage": 28.3,
        "major_stage": 30.3,
        "url": "https://tidesandcurrents.noaa.gov/stationhome.html?id=8737138",
        "city_lat": 30.881299,
        "city_lon": -88.6541933,
        "fetched_at": "2026-06-27T15:56:58.392950+00:00",
        "color": "#2d6a4f"
      }
    },
    {
      "type": "Feature",
      "geometry": {
        "type": "Point",
        "coordinates": [
          "-80.903",
          "32.0347"
        ]
      },
      "properties": {
        "source": "NOAA",
        "site_id": "8670870",
        "site_name": "Fort Pulaski",
        "lat": "32.0347",
        "lon": "-80.903",
        "stage_ft": 1.116,
        "stage_datetime": "2026-06-27 15:48",
        "tier": "normal",
        "action_stage": 12.0,
        "flood_stage": 13.0,
        "major_stage": 15.0,
        "url": "https://tidesandcurrents.noaa.gov/stationhome.html?id=8670870",
        "city_lat": 33.7544657,
        "city_lon": -84.3898151,
        "fetched_at": "2026-06-27T15:56:58.392950+00:00",
        "color": "#2d6a4f"
      }
    },
    {
      "type": "Feature",
      "geometry": {
        "type": "Point",
        "coordinates": [
          "-95.2658",
          "29.7263"
        ]
      },
      "properties": {
        "source": "NOAA",
        "site_id": "8770777",
        "site_name": "Manchester",
        "lat": "29.7263",
        "lon": "-95.2658",
        "stage_ft": 1.943,
        "stage_datetime": "2026-06-27 15:48",
        "tier": "normal",
        "action_stage": 8.14,
        "flood_stage": 9.14,
        "major_stage": 11.14,
        "url": "https://tidesandcurrents.noaa.gov/stationhome.html?id=8770777",
        "city_lat": 32.7762719,
        "city_lon": -96.7968559,
        "fetched_at": "2026-06-27T15:56:58.392950+00:00",
        "color": "#2d6a4f"
      }
    },
    {
      "type": "Feature",
      "geometry": {
        "type": "Point",
        "coordinates": [
          "-95.2658",
          "29.7263"
        ]
      },
      "properties": {
        "source": "NOAA",
        "site_id": "8770777",
        "site_name": "Manchester",
        "lat": "29.7263",
        "lon": "-95.2658",
        "stage_ft": 1.943,
        "stage_datetime": "2026-06-27 15:48",
        "tier": "normal",
        "action_stage": 8.14,
        "flood_stage": 9.14,
        "major_stage": 11.14,
        "url": "https://tidesandcurrents.noaa.gov/stationhome.html?id=8770777",
        "city_lat": 30.3031353,
        "city_lon": -96.9588587,
        "fetched_at": "2026-06-27T15:56:58.392950+00:00",
        "color": "#2d6a4f"
      }
    },
    {
      "type": "Feature",
      "geometry": {
        "type": "Point",
        "coordinates": [
          "-95.2658",
          "29.7263"
        ]
      },
      "properties": {
        "source": "NOAA",
        "site_id": "8770777",
        "site_name": "Manchester",
        "lat": "29.7263",
        "lon": "-95.2658",
        "stage_ft": 1.943,
        "stage_datetime": "2026-06-27 15:48",
        "tier": "normal",
        "action_stage": 8.14,
        "flood_stage": 9.14,
        "major_stage": 11.14,
        "url": "https://tidesandcurrents.noaa.gov/stationhome.html?id=8770777",
        "city_lat": 32.7513658,
        "city_lon": -97.335696,
        "fetched_at": "2026-06-27T15:56:58.392950+00:00",
        "color": "#2d6a4f"
      }
    },
    {
      "type": "Feature",
      "geometry": {
        "type": "Point",
        "coordinates": [
          "-118.5",
          "34.0083"
        ]
      },
      "properties": {
        "source": "NOAA",
        "site_id": "9410840",
        "site_name": "Santa Monica",
        "lat": "34.0083",
        "lon": "-118.5",
        "stage_ft": 3.55,
        "stage_datetime": "2026-06-27 15:42",
        "tier": "normal",
        "action_stage": 8.87,
        "flood_stage": 9.87,
        "major_stage": 11.87,
        "url": "https://tidesandcurrents.noaa.gov/stationhome.html?id=9410840",
        "city_lat": 34.3155072,
        "city_lon": -118.209681,
        "fetched_at": "2026-06-27T15:56:58.392950+00:00",
        "color": "#2d6a4f"
      }
    },
    {
      "type": "Feature",
      "geometry": {
        "type": "Point",
        "coordinates": [
          "-95.2658",
          "29.7263"
        ]
      },
      "properties": {
        "source": "NOAA",
        "site_id": "8770777",
        "site_name": "Manchester",
        "lat": "29.7263",
        "lon": "-95.2658",
        "stage_ft": 1.943,
        "stage_datetime": "2026-06-27 15:48",
        "tier": "normal",
        "action_stage": 8.14,
        "flood_stage": 9.14,
        "major_stage": 11.14,
        "url": "https://tidesandcurrents.noaa.gov/stationhome.html?id=8770777",
        "city_lat": 33.6856157,
        "city_lon": -98.2123296,
        "fetched_at": "2026-06-27T15:56:58.392950+00:00",
        "color": "#2d6a4f"
      }
    },
    {
      "type": "Feature",
      "geometry": {
        "type": "Point",
        "coordinates": [
          "-80.903",
          "32.0347"
        ]
      },
      "properties": {
        "source": "NOAA",
        "site_id": "8670870",
        "site_name": "Fort Pulaski",
        "lat": "32.0347",
        "lon": "-80.903",
        "stage_ft": 1.116,
        "stage_datetime": "2026-06-27 15:48",
        "tier": "normal",
        "action_stage": 12.0,
        "flood_stage": 13.0,
        "major_stage": 15.0,
        "url": "https://tidesandcurrents.noaa.gov/stationhome.html?id=8670870",
        "city_lat": 33.7635851,
        "city_lon": -81.9759066,
        "fetched_at": "2026-06-27T15:56:58.392950+00:00",
        "color": "#2d6a4f"
      }
    },
    {
      "type": "Feature",
      "geometry": {
        "type": "Point",
        "coordinates": [
          "-80.903",
          "32.0347"
        ]
      },
      "properties": {
        "source": "NOAA",
        "site_id": "8670870",
        "site_name": "Fort Pulaski",
        "lat": "32.0347",
        "lon": "-80.903",
        "stage_ft": 1.116,
        "stage_datetime": "2026-06-27 15:48",
        "tier": "normal",
        "action_stage": 12.0,
        "flood_stage": 13.0,
        "major_stage": 15.0,
        "url": "https://tidesandcurrents.noaa.gov/stationhome.html?id=8670870",
        "city_lat": 33.8795325,
        "city_lon": -82.2797719,
        "fetched_at": "2026-06-27T15:56:58.392950+00:00",
        "color": "#2d6a4f"
      }
    },
    {
      "type": "Feature",
      "geometry": {
        "type": "Point",
        "coordinates": [
          "-80.903",
          "32.0347"
        ]
      },
      "properties": {
        "source": "NOAA",
        "site_id": "8670870",
        "site_name": "Fort Pulaski",
        "lat": "32.0347",
        "lon": "-80.903",
        "stage_ft": 1.116,
        "stage_datetime": "2026-06-27 15:48",
        "tier": "normal",
        "action_stage": 12.0,
        "flood_stage": 13.0,
        "major_stage": 15.0,
        "url": "https://tidesandcurrents.noaa.gov/stationhome.html?id=8670870",
        "city_lat": 33.7544657,
        "city_lon": -84.3898151,
        "fetched_at": "2026-06-27T15:56:58.392950+00:00",
        "color": "#2d6a4f"
      }
    },
    {
      "type": "Feature",
      "geometry": {
        "type": "Point",
        "coordinates": [
          "-88.0736",
          "30.7819"
        ]
      },
      "properties": {
        "source": "NOAA",
        "site_id": "8737138",
        "site_name": "Chickasaw Creek",
        "lat": "30.7819",
        "lon": "-88.0736",
        "stage_ft": 2.516,
        "stage_datetime": "2026-06-27 15:48",
        "tier": "normal",
        "action_stage": 27.3,
        "flood_stage": 28.3,
        "major_stage": 30.3,
        "url": "https://tidesandcurrents.noaa.gov/stationhome.html?id=8737138",
        "city_lat": 35.7759043,
        "city_lon": -88.990063,
        "fetched_at": "2026-06-27T15:56:58.392950+00:00",
        "color": "#2d6a4f"
      }
    },
    {
      "type": "Feature",
      "geometry": {
        "type": "Point",
        "coordinates": [
          "-96.6098",
          "28.6406"
        ]
      },
      "properties": {
        "source": "NOAA",
        "site_id": "8773259",
        "site_name": "Port Lavaca",
        "lat": "28.6406",
        "lon": "-96.6098",
        "stage_ft": 1.302,
        "stage_datetime": "2026-06-27 15:48",
        "tier": "normal",
        "action_stage": 4.9,
        "flood_stage": 5.9,
        "major_stage": 7.9,
        "url": "https://tidesandcurrents.noaa.gov/stationhome.html?id=8773259",
        "city_lat": 31.2638905,
        "city_lon": -98.5456116,
        "fetched_at": "2026-06-27T15:56:58.392950+00:00",
        "color": "#2d6a4f"
      }
    },
    {
      "type": "Feature",
      "geometry": {
        "type": "Point",
        "coordinates": [
          "-80.903",
          "32.0347"
        ]
      },
      "properties": {
        "source": "NOAA",
        "site_id": "8670870",
        "site_name": "Fort Pulaski",
        "lat": "32.0347",
        "lon": "-80.903",
        "stage_ft": 1.116,
        "stage_datetime": "2026-06-27 15:48",
        "tier": "normal",
        "action_stage": 12.0,
        "flood_stage": 13.0,
        "major_stage": 15.0,
        "url": "https://tidesandcurrents.noaa.gov/stationhome.html?id=8670870",
        "city_lat": 32.3293809,
        "city_lon": -83.1137366,
        "fetched_at": "2026-06-27T15:56:58.392950+00:00",
        "color": "#2d6a4f"
      }
    },
    {
      "type": "Feature",
      "geometry": {
        "type": "Point",
        "coordinates": [
          "-89.6732",
          "29.8681"
        ]
      },
      "properties": {
        "source": "NOAA",
        "site_id": "8761305",
        "site_name": "Shell Beach",
        "lat": "29.8681",
        "lon": "-89.6732",
        "stage_ft": 1.873,
        "stage_datetime": "2026-06-27 16:12",
        "tier": "normal",
        "action_stage": 33.82,
        "flood_stage": 34.82,
        "major_stage": 36.82,
        "url": "https://tidesandcurrents.noaa.gov/stationhome.html?id=8761305",
        "city_lat": 29.8217562,
        "city_lon": -89.6008692,
        "fetched_at": "2026-06-27T15:56:58.392950+00:00",
        "color": "#2d6a4f"
      }
    },
    {
      "type": "Feature",
      "geometry": {
        "type": "Point",
        "coordinates": [
          "-80.903",
          "32.0347"
        ]
      },
      "properties": {
        "source": "NOAA",
        "site_id": "8670870",
        "site_name": "Fort Pulaski",
        "lat": "32.0347",
        "lon": "-80.903",
        "stage_ft": 1.116,
        "stage_datetime": "2026-06-27 15:48",
        "tier": "normal",
        "action_stage": 12.0,
        "flood_stage": 13.0,
        "major_stage": 15.0,
        "url": "https://tidesandcurrents.noaa.gov/stationhome.html?id=8670870",
        "city_lat": 33.2641009,
        "city_lon": -81.4190808,
        "fetched_at": "2026-06-27T15:56:58.392950+00:00",
        "color": "#2d6a4f"
      }
    },
    {
      "type": "Feature",
      "geometry": {
        "type": "Point",
        "coordinates": [
          "-85.8786",
          "30.2138"
        ]
      },
      "properties": {
        "source": "NOAA",
        "site_id": "8729210",
        "site_name": "Panama City Beach",
        "lat": "30.2138",
        "lon": "-85.8786",
        "stage_ft": 1.581,
        "stage_datetime": "2026-06-27 15:42",
        "tier": "normal",
        "action_stage": 29.4,
        "flood_stage": 30.4,
        "major_stage": 32.4,
        "url": "https://tidesandcurrents.noaa.gov/stationhome.html?id=8729210",
        "city_lat": 33.1535706,
        "city_lon": -85.0539073,
        "fetched_at": "2026-06-27T15:56:58.392950+00:00",
        "color": "#2d6a4f"
      }
    },
    {
      "type": "Feature",
      "geometry": {
        "type": "Point",
        "coordinates": [
          "-95.2658",
          "29.7263"
        ]
      },
      "properties": {
        "source": "NOAA",
        "site_id": "8770777",
        "site_name": "Manchester",
        "lat": "29.7263",
        "lon": "-95.2658",
        "stage_ft": 1.943,
        "stage_datetime": "2026-06-27 15:48",
        "tier": "normal",
        "action_stage": 8.14,
        "flood_stage": 9.14,
        "major_stage": 11.14,
        "url": "https://tidesandcurrents.noaa.gov/stationhome.html?id=8770777",
        "city_lat": 31.0834452,
        "city_lon": -95.1219348,
        "fetched_at": "2026-06-27T15:56:58.392950+00:00",
        "color": "#2d6a4f"
      }
    },
    {
      "type": "Feature",
      "geometry": {
        "type": "Point",
        "coordinates": [
          "-95.2658",
          "29.7263"
        ]
      },
      "properties": {
        "source": "NOAA",
        "site_id": "8770777",
        "site_name": "Manchester",
        "lat": "29.7263",
        "lon": "-95.2658",
        "stage_ft": 1.943,
        "stage_datetime": "2026-06-27 15:48",
        "tier": "normal",
        "action_stage": 8.14,
        "flood_stage": 9.14,
        "major_stage": 11.14,
        "url": "https://tidesandcurrents.noaa.gov/stationhome.html?id=8770777",
        "city_lat": 32.7513658,
        "city_lon": -97.335696,
        "fetched_at": "2026-06-27T15:56:58.392950+00:00",
        "color": "#2d6a4f"
      }
    },
    {
      "type": "Feature",
      "geometry": {
        "type": "Point",
        "coordinates": [
          "-95.2658",
          "29.7263"
        ]
      },
      "properties": {
        "source": "NOAA",
        "site_id": "8770777",
        "site_name": "Manchester",
        "lat": "29.7263",
        "lon": "-95.2658",
        "stage_ft": 1.943,
        "stage_datetime": "2026-06-27 15:48",
        "tier": "normal",
        "action_stage": 8.14,
        "flood_stage": 9.14,
        "major_stage": 11.14,
        "url": "https://tidesandcurrents.noaa.gov/stationhome.html?id=8770777",
        "city_lat": 32.7762719,
        "city_lon": -96.7968559,
        "fetched_at": "2026-06-27T15:56:58.392950+00:00",
        "color": "#2d6a4f"
      }
    },
    {
      "type": "Feature",
      "geometry": {
        "type": "Point",
        "coordinates": [
          "-80.903",
          "32.0347"
        ]
      },
      "properties": {
        "source": "NOAA",
        "site_id": "8670870",
        "site_name": "Fort Pulaski",
        "lat": "32.0347",
        "lon": "-80.903",
        "stage_ft": 1.116,
        "stage_datetime": "2026-06-27 15:48",
        "tier": "normal",
        "action_stage": 12.0,
        "flood_stage": 13.0,
        "major_stage": 15.0,
        "url": "https://tidesandcurrents.noaa.gov/stationhome.html?id=8670870",
        "city_lat": 33.8045873,
        "city_lon": -84.4141764,
        "fetched_at": "2026-06-27T15:56:58.392950+00:00",
        "color": "#2d6a4f"
      }
    },
    {
      "type": "Feature",
      "geometry": {
        "type": "Point",
        "coordinates": [
          "-80.903",
          "32.0347"
        ]
      },
      "properties": {
        "source": "NOAA",
        "site_id": "8670870",
        "site_name": "Fort Pulaski",
        "lat": "32.0347",
        "lon": "-80.903",
        "stage_ft": 1.116,
        "stage_datetime": "2026-06-27 15:48",
        "tier": "normal",
        "action_stage": 12.0,
        "flood_stage": 13.0,
        "major_stage": 15.0,
        "url": "https://tidesandcurrents.noaa.gov/stationhome.html?id=8670870",
        "city_lat": 33.7635851,
        "city_lon": -81.9759066,
        "fetched_at": "2026-06-27T15:56:58.392950+00:00",
        "color": "#2d6a4f"
      }
    },
    {
      "type": "Feature",
      "geometry": {
        "type": "Point",
        "coordinates": [
          "-80.903",
          "32.0347"
        ]
      },
      "properties": {
        "source": "NOAA",
        "site_id": "8670870",
        "site_name": "Fort Pulaski",
        "lat": "32.0347",
        "lon": "-80.903",
        "stage_ft": 1.116,
        "stage_datetime": "2026-06-27 15:48",
        "tier": "normal",
        "action_stage": 12.0,
        "flood_stage": 13.0,
        "major_stage": 15.0,
        "url": "https://tidesandcurrents.noaa.gov/stationhome.html?id=8670870",
        "city_lat": 32.4239975,
        "city_lon": -82.9388938,
        "fetched_at": "2026-06-27T15:56:58.392950+00:00",
        "color": "#2d6a4f"
      }
    },
    {
      "type": "Feature",
      "geometry": {
        "type": "Point",
        "coordinates": [
          "-97.2853",
          "26.2624"
        ]
      },
      "properties": {
        "source": "NOAA",
        "site_id": "8779280",
        "site_name": "Realitos Peninsula",
        "lat": "26.2624",
        "lon": "-97.2853",
        "stage_ft": 1.066,
        "stage_datetime": "2026-06-27 16:06",
        "tier": "normal",
        "action_stage": 17.18,
        "flood_stage": 18.18,
        "major_stage": 20.18,
        "url": "https://tidesandcurrents.noaa.gov/stationhome.html?id=8779280",
        "city_lat": 26.1488926,
        "city_lon": -97.8303536,
        "fetched_at": "2026-06-27T15:56:58.392950+00:00",
        "color": "#2d6a4f"
      }
    },
    {
      "type": "Feature",
      "geometry": {
        "type": "Point",
        "coordinates": [
          "-93.93",
          "29.8667"
        ]
      },
      "properties": {
        "source": "NOAA",
        "site_id": "8770475",
        "site_name": "Port Arthur",
        "lat": "29.8667",
        "lon": "-93.93",
        "stage_ft": 1.552,
        "stage_datetime": "2026-06-27 15:48",
        "tier": "normal",
        "action_stage": 6.65,
        "flood_stage": 7.65,
        "major_stage": 9.65,
        "url": "https://tidesandcurrents.noaa.gov/stationhome.html?id=8770475",
        "city_lat": 29.834772,
        "city_lon": -94.1704496,
        "fetched_at": "2026-06-27T15:56:58.392950+00:00",
        "color": "#2d6a4f"
      }
    },
    {
      "type": "Feature",
      "geometry": {
        "type": "Point",
        "coordinates": [
          "-95.2658",
          "29.7263"
        ]
      },
      "properties": {
        "source": "NOAA",
        "site_id": "8770777",
        "site_name": "Manchester",
        "lat": "29.7263",
        "lon": "-95.2658",
        "stage_ft": 1.943,
        "stage_datetime": "2026-06-27 15:48",
        "tier": "normal",
        "action_stage": 8.14,
        "flood_stage": 9.14,
        "major_stage": 11.14,
        "url": "https://tidesandcurrents.noaa.gov/stationhome.html?id=8770777",
        "city_lat": 32.182598,
        "city_lon": -95.7893178,
        "fetched_at": "2026-06-27T15:56:58.392950+00:00",
        "color": "#2d6a4f"
      }
    },
    {
      "type": "Feature",
      "geometry": {
        "type": "Point",
        "coordinates": [
          "-95.2658",
          "29.7263"
        ]
      },
      "properties": {
        "source": "NOAA",
        "site_id": "8770777",
        "site_name": "Manchester",
        "lat": "29.7263",
        "lon": "-95.2658",
        "stage_ft": 1.943,
        "stage_datetime": "2026-06-27 15:48",
        "tier": "normal",
        "action_stage": 8.14,
        "flood_stage": 9.14,
        "major_stage": 11.14,
        "url": "https://tidesandcurrents.noaa.gov/stationhome.html?id=8770777",
        "city_lat": 33.6856157,
        "city_lon": -98.2123296,
        "fetched_at": "2026-06-27T15:56:58.392950+00:00",
        "color": "#2d6a4f"
      }
    },
    {
      "type": "Feature",
      "geometry": {
        "type": "Point",
        "coordinates": [
          "-93.93",
          "29.8667"
        ]
      },
      "properties": {
        "source": "NOAA",
        "site_id": "8770475",
        "site_name": "Port Arthur",
        "lat": "29.8667",
        "lon": "-93.93",
        "stage_ft": 1.552,
        "stage_datetime": "2026-06-27 15:48",
        "tier": "normal",
        "action_stage": 6.65,
        "flood_stage": 7.65,
        "major_stage": 9.65,
        "url": "https://tidesandcurrents.noaa.gov/stationhome.html?id=8770475",
        "city_lat": 29.834772,
        "city_lon": -94.1704496,
        "fetched_at": "2026-06-27T15:56:58.392950+00:00",
        "color": "#2d6a4f"
      }
    },
    {
      "type": "Feature",
      "geometry": {
        "type": "Point",
        "coordinates": [
          "-95.2658",
          "29.7263"
        ]
      },
      "properties": {
        "source": "NOAA",
        "site_id": "8770777",
        "site_name": "Manchester",
        "lat": "29.7263",
        "lon": "-95.2658",
        "stage_ft": 1.943,
        "stage_datetime": "2026-06-27 15:48",
        "tier": "normal",
        "action_stage": 8.14,
        "flood_stage": 9.14,
        "major_stage": 11.14,
        "url": "https://tidesandcurrents.noaa.gov/stationhome.html?id=8770777",
        "city_lat": 32.7762719,
        "city_lon": -96.7968559,
        "fetched_at": "2026-06-27T15:56:58.392950+00:00",
        "color": "#2d6a4f"
      }
    },
    {
      "type": "Feature",
      "geometry": {
        "type": "Point",
        "coordinates": [
          "-95.2658",
          "29.7263"
        ]
      },
      "properties": {
        "source": "NOAA",
        "site_id": "8770777",
        "site_name": "Manchester",
        "lat": "29.7263",
        "lon": "-95.2658",
        "stage_ft": 1.943,
        "stage_datetime": "2026-06-27 15:48",
        "tier": "normal",
        "action_stage": 8.14,
        "flood_stage": 9.14,
        "major_stage": 11.14,
        "url": "https://tidesandcurrents.noaa.gov/stationhome.html?id=8770777",
        "city_lat": 32.7513658,
        "city_lon": -97.335696,
        "fetched_at": "2026-06-27T15:56:58.392950+00:00",
        "color": "#2d6a4f"
      }
    },
    {
      "type": "Feature",
      "geometry": {
        "type": "Point",
        "coordinates": [
          "-95.2658",
          "29.7263"
        ]
      },
      "properties": {
        "source": "NOAA",
        "site_id": "8770777",
        "site_name": "Manchester",
        "lat": "29.7263",
        "lon": "-95.2658",
        "stage_ft": 1.943,
        "stage_datetime": "2026-06-27 15:48",
        "tier": "normal",
        "action_stage": 8.14,
        "flood_stage": 9.14,
        "major_stage": 11.14,
        "url": "https://tidesandcurrents.noaa.gov/stationhome.html?id=8770777",
        "city_lat": 31.8390826,
        "city_lon": -95.1791849,
        "fetched_at": "2026-06-27T15:56:58.392950+00:00",
        "color": "#2d6a4f"
      }
    },
    {
      "type": "Feature",
      "geometry": {
        "type": "Point",
        "coordinates": [
          "-88.0736",
          "30.7819"
        ]
      },
      "properties": {
        "source": "NOAA",
        "site_id": "8737138",
        "site_name": "Chickasaw Creek",
        "lat": "30.7819",
        "lon": "-88.0736",
        "stage_ft": 2.516,
        "stage_datetime": "2026-06-27 15:48",
        "tier": "normal",
        "action_stage": 27.3,
        "flood_stage": 28.3,
        "major_stage": 30.3,
        "url": "https://tidesandcurrents.noaa.gov/stationhome.html?id=8737138",
        "city_lat": 32.9715285,
        "city_lon": -89.7348497,
        "fetched_at": "2026-06-27T15:56:58.392950+00:00",
        "color": "#2d6a4f"
      }
    },
    {
      "type": "Feature",
      "geometry": {
        "type": "Point",
        "coordinates": [
          "-95.2658",
          "29.7263"
        ]
      },
      "properties": {
        "source": "NOAA",
        "site_id": "8770777",
        "site_name": "Manchester",
        "lat": "29.7263",
        "lon": "-95.2658",
        "stage_ft": 1.943,
        "stage_datetime": "2026-06-27 15:48",
        "tier": "normal",
        "action_stage": 8.14,
        "flood_stage": 9.14,
        "major_stage": 11.14,
        "url": "https://tidesandcurrents.noaa.gov/stationhome.html?id=8770777",
        "city_lat": 29.7589382,
        "city_lon": -95.3676974,
        "fetched_at": "2026-06-27T15:56:58.392950+00:00",
        "color": "#2d6a4f"
      }
    },
    {
      "type": "Feature",
      "geometry": {
        "type": "Point",
        "coordinates": [
          "-80.903",
          "32.0347"
        ]
      },
      "properties": {
        "source": "NOAA",
        "site_id": "8670870",
        "site_name": "Fort Pulaski",
        "lat": "32.0347",
        "lon": "-80.903",
        "stage_ft": 1.116,
        "stage_datetime": "2026-06-27 15:48",
        "tier": "normal",
        "action_stage": 12.0,
        "flood_stage": 13.0,
        "major_stage": 15.0,
        "url": "https://tidesandcurrents.noaa.gov/stationhome.html?id=8670870",
        "city_lat": 33.7876673,
        "city_lon": -82.4508165,
        "fetched_at": "2026-06-27T15:56:58.392950+00:00",
        "color": "#2d6a4f"
      }
    },
    {
      "type": "Feature",
      "geometry": {
        "type": "Point",
        "coordinates": [
          "-77.0217",
          "38.8733"
        ]
      },
      "properties": {
        "source": "NOAA",
        "site_id": "8594900",
        "site_name": "Washington",
        "lat": "38.8733",
        "lon": "-77.0217",
        "stage_ft": 1.153,
        "stage_datetime": "2026-06-27 15:48",
        "tier": "normal",
        "action_stage": 8.72,
        "flood_stage": 9.72,
        "major_stage": 11.72,
        "url": "https://tidesandcurrents.noaa.gov/stationhome.html?id=8594900",
        "city_lat": 40.3672962,
        "city_lon": -78.7914107,
        "fetched_at": "2026-06-27T15:56:58.392950+00:00",
        "color": "#2d6a4f"
      }
    },
    {
      "type": "Feature",
      "geometry": {
        "type": "Point",
        "coordinates": [
          "-97.5207",
          "27.8461"
        ]
      },
      "properties": {
        "source": "NOAA",
        "site_id": "8775222",
        "site_name": "Viola Turning Basin",
        "lat": "27.8461",
        "lon": "-97.5207",
        "stage_ft": 0.922,
        "stage_datetime": "2026-06-27 15:48",
        "tier": "normal",
        "action_stage": 28.69,
        "flood_stage": 29.69,
        "major_stage": 31.69,
        "url": "https://tidesandcurrents.noaa.gov/stationhome.html?id=8775222",
        "city_lat": 33.3315804,
        "city_lon": -105.673099,
        "fetched_at": "2026-06-27T15:56:58.392950+00:00",
        "color": "#2d6a4f"
      }
    },
    {
      "type": "Feature",
      "geometry": {
        "type": "Point",
        "coordinates": [
          "-97.5207",
          "27.8461"
        ]
      },
      "properties": {
        "source": "NOAA",
        "site_id": "8775222",
        "site_name": "Viola Turning Basin",
        "lat": "27.8461",
        "lon": "-97.5207",
        "stage_ft": 0.922,
        "stage_datetime": "2026-06-27 15:48",
        "tier": "normal",
        "action_stage": 28.69,
        "flood_stage": 29.69,
        "major_stage": 31.69,
        "url": "https://tidesandcurrents.noaa.gov/stationhome.html?id=8775222",
        "city_lat": 29.4263987,
        "city_lon": -98.5104781,
        "fetched_at": "2026-06-27T15:56:58.392950+00:00",
        "color": "#2d6a4f"
      }
    },
    {
      "type": "Feature",
      "geometry": {
        "type": "Point",
        "coordinates": [
          "-95.2658",
          "29.7263"
        ]
      },
      "properties": {
        "source": "NOAA",
        "site_id": "8770777",
        "site_name": "Manchester",
        "lat": "29.7263",
        "lon": "-95.2658",
        "stage_ft": 1.943,
        "stage_datetime": "2026-06-27 15:48",
        "tier": "normal",
        "action_stage": 8.14,
        "flood_stage": 9.14,
        "major_stage": 11.14,
        "url": "https://tidesandcurrents.noaa.gov/stationhome.html?id=8770777",
        "city_lat": 29.7589382,
        "city_lon": -95.3676974,
        "fetched_at": "2026-06-27T15:56:58.392950+00:00",
        "color": "#2d6a4f"
      }
    },
    {
      "type": "Feature",
      "geometry": {
        "type": "Point",
        "coordinates": [
          "-95.2658",
          "29.7263"
        ]
      },
      "properties": {
        "source": "NOAA",
        "site_id": "8770777",
        "site_name": "Manchester",
        "lat": "29.7263",
        "lon": "-95.2658",
        "stage_ft": 1.943,
        "stage_datetime": "2026-06-27 15:48",
        "tier": "normal",
        "action_stage": 8.14,
        "flood_stage": 9.14,
        "major_stage": 11.14,
        "url": "https://tidesandcurrents.noaa.gov/stationhome.html?id=8770777",
        "city_lat": 29.8119769,
        "city_lon": -95.3741247,
        "fetched_at": "2026-06-27T15:56:58.392950+00:00",
        "color": "#2d6a4f"
      }
    },
    {
      "type": "Feature",
      "geometry": {
        "type": "Point",
        "coordinates": [
          "-96.6098",
          "28.6406"
        ]
      },
      "properties": {
        "source": "NOAA",
        "site_id": "8773259",
        "site_name": "Port Lavaca",
        "lat": "28.6406",
        "lon": "-96.6098",
        "stage_ft": 1.302,
        "stage_datetime": "2026-06-27 15:48",
        "tier": "normal",
        "action_stage": 4.9,
        "flood_stage": 5.9,
        "major_stage": 7.9,
        "url": "https://tidesandcurrents.noaa.gov/stationhome.html?id=8773259",
        "city_lat": 31.2638905,
        "city_lon": -98.5456116,
        "fetched_at": "2026-06-27T15:56:58.392950+00:00",
        "color": "#2d6a4f"
      }
    },
    {
      "type": "Feature",
      "geometry": {
        "type": "Point",
        "coordinates": [
          "-89.6732",
          "29.8681"
        ]
      },
      "properties": {
        "source": "NOAA",
        "site_id": "8761305",
        "site_name": "Shell Beach",
        "lat": "29.8681",
        "lon": "-89.6732",
        "stage_ft": 1.873,
        "stage_datetime": "2026-06-27 16:12",
        "tier": "normal",
        "action_stage": 33.82,
        "flood_stage": 34.82,
        "major_stage": 36.82,
        "url": "https://tidesandcurrents.noaa.gov/stationhome.html?id=8761305",
        "city_lat": 29.8217562,
        "city_lon": -89.6008692,
        "fetched_at": "2026-06-27T15:56:58.392950+00:00",
        "color": "#2d6a4f"
      }
    },
    {
      "type": "Feature",
      "geometry": {
        "type": "Point",
        "coordinates": [
          "-97.5207",
          "27.8461"
        ]
      },
      "properties": {
        "source": "NOAA",
        "site_id": "8775222",
        "site_name": "Viola Turning Basin",
        "lat": "27.8461",
        "lon": "-97.5207",
        "stage_ft": 0.922,
        "stage_datetime": "2026-06-27 15:48",
        "tier": "normal",
        "action_stage": 28.69,
        "flood_stage": 29.69,
        "major_stage": 31.69,
        "url": "https://tidesandcurrents.noaa.gov/stationhome.html?id=8775222",
        "city_lat": 29.4246002,
        "city_lon": -98.4951405,
        "fetched_at": "2026-06-27T15:56:58.392950+00:00",
        "color": "#2d6a4f"
      }
    },
    {
      "type": "Feature",
      "geometry": {
        "type": "Point",
        "coordinates": [
          "-80.903",
          "32.0347"
        ]
      },
      "properties": {
        "source": "NOAA",
        "site_id": "8670870",
        "site_name": "Fort Pulaski",
        "lat": "32.0347",
        "lon": "-80.903",
        "stage_ft": 1.116,
        "stage_datetime": "2026-06-27 15:48",
        "tier": "normal",
        "action_stage": 12.0,
        "flood_stage": 13.0,
        "major_stage": 15.0,
        "url": "https://tidesandcurrents.noaa.gov/stationhome.html?id=8670870",
        "city_lat": 33.7876673,
        "city_lon": -82.4508165,
        "fetched_at": "2026-06-27T15:56:58.392950+00:00",
        "color": "#2d6a4f"
      }
    },
    {
      "type": "Feature",
      "geometry": {
        "type": "Point",
        "coordinates": [
          "-95.2658",
          "29.7263"
        ]
      },
      "properties": {
        "source": "NOAA",
        "site_id": "8770777",
        "site_name": "Manchester",
        "lat": "29.7263",
        "lon": "-95.2658",
        "stage_ft": 1.943,
        "stage_datetime": "2026-06-27 15:48",
        "tier": "normal",
        "action_stage": 8.14,
        "flood_stage": 9.14,
        "major_stage": 11.14,
        "url": "https://tidesandcurrents.noaa.gov/stationhome.html?id=8770777",
        "city_lat": 29.7589382,
        "city_lon": -95.3676974,
        "fetched_at": "2026-06-27T15:56:58.392950+00:00",
        "color": "#2d6a4f"
      }
    },
    {
      "type": "Feature",
      "geometry": {
        "type": "Point",
        "coordinates": [
          "-95.2658",
          "29.7263"
        ]
      },
      "properties": {
        "source": "NOAA",
        "site_id": "8770777",
        "site_name": "Manchester",
        "lat": "29.7263",
        "lon": "-95.2658",
        "stage_ft": 1.943,
        "stage_datetime": "2026-06-27 15:48",
        "tier": "normal",
        "action_stage": 8.14,
        "flood_stage": 9.14,
        "major_stage": 11.14,
        "url": "https://tidesandcurrents.noaa.gov/stationhome.html?id=8770777",
        "city_lat": 29.8119769,
        "city_lon": -95.3741247,
        "fetched_at": "2026-06-27T15:56:58.392950+00:00",
        "color": "#2d6a4f"
      }
    },
    {
      "type": "Feature",
      "geometry": {
        "type": "Point",
        "coordinates": [
          "-96.6098",
          "28.6406"
        ]
      },
      "properties": {
        "source": "NOAA",
        "site_id": "8773259",
        "site_name": "Port Lavaca",
        "lat": "28.6406",
        "lon": "-96.6098",
        "stage_ft": 1.302,
        "stage_datetime": "2026-06-27 15:48",
        "tier": "normal",
        "action_stage": 4.9,
        "flood_stage": 5.9,
        "major_stage": 7.9,
        "url": "https://tidesandcurrents.noaa.gov/stationhome.html?id=8773259",
        "city_lat": 31.2638905,
        "city_lon": -98.5456116,
        "fetched_at": "2026-06-27T15:56:58.392950+00:00",
        "color": "#2d6a4f"
      }
    },
    {
      "type": "Feature",
      "geometry": {
        "type": "Point",
        "coordinates": [
          "-80.903",
          "32.0347"
        ]
      },
      "properties": {
        "source": "NOAA",
        "site_id": "8670870",
        "site_name": "Fort Pulaski",
        "lat": "32.0347",
        "lon": "-80.903",
        "stage_ft": 1.116,
        "stage_datetime": "2026-06-27 15:48",
        "tier": "normal",
        "action_stage": 12.0,
        "flood_stage": 13.0,
        "major_stage": 15.0,
        "url": "https://tidesandcurrents.noaa.gov/stationhome.html?id=8670870",
        "city_lat": 33.7876673,
        "city_lon": -82.4508165,
        "fetched_at": "2026-06-27T15:56:58.392950+00:00",
        "color": "#2d6a4f"
      }
    },
    {
      "type": "Feature",
      "geometry": {
        "type": "Point",
        "coordinates": [
          "-97.2853",
          "26.2624"
        ]
      },
      "properties": {
        "source": "NOAA",
        "site_id": "8779280",
        "site_name": "Realitos Peninsula",
        "lat": "26.2624",
        "lon": "-97.2853",
        "stage_ft": 1.066,
        "stage_datetime": "2026-06-27 16:06",
        "tier": "normal",
        "action_stage": 17.18,
        "flood_stage": 18.18,
        "major_stage": 20.18,
        "url": "https://tidesandcurrents.noaa.gov/stationhome.html?id=8779280",
        "city_lat": 26.1291189,
        "city_lon": -97.4134281,
        "fetched_at": "2026-06-27T15:56:58.392950+00:00",
        "color": "#2d6a4f"
      }
    },
    {
      "type": "Feature",
      "geometry": {
        "type": "Point",
        "coordinates": [
          "-155.8294",
          "20.0366"
        ]
      },
      "properties": {
        "source": "NOAA",
        "site_id": "1617433",
        "site_name": "Kawaihae",
        "lat": "20.0366",
        "lon": "-155.8294",
        "stage_ft": 0.64,
        "stage_datetime": "2026-06-27 15:48",
        "tier": "normal",
        "action_stage": 5.74,
        "flood_stage": 6.74,
        "major_stage": 8.74,
        "url": "https://tidesandcurrents.noaa.gov/stationhome.html?id=1617433",
        "city_lat": 19.6273325,
        "city_lon": -155.564561,
        "fetched_at": "2026-06-27T15:56:58.392950+00:00",
        "color": "#2d6a4f"
      }
    },
    {
      "type": "Feature",
      "geometry": {
        "type": "Point",
        "coordinates": [
          "-95.2658",
          "29.7263"
        ]
      },
      "properties": {
        "source": "NOAA",
        "site_id": "8770777",
        "site_name": "Manchester",
        "lat": "29.7263",
        "lon": "-95.2658",
        "stage_ft": 1.943,
        "stage_datetime": "2026-06-27 15:48",
        "tier": "normal",
        "action_stage": 8.14,
        "flood_stage": 9.14,
        "major_stage": 11.14,
        "url": "https://tidesandcurrents.noaa.gov/stationhome.html?id=8770777",
        "city_lat": 32.753177,
        "city_lon": -97.3327459,
        "fetched_at": "2026-06-27T15:56:58.392950+00:00",
        "color": "#2d6a4f"
      }
    },
    {
      "type": "Feature",
      "geometry": {
        "type": "Point",
        "coordinates": [
          "-93.8817",
          "29.98"
        ]
      },
      "properties": {
        "source": "NOAA",
        "site_id": "8770520",
        "site_name": "Rainbow Bridge",
        "lat": "29.98",
        "lon": "-93.8817",
        "stage_ft": 1.68,
        "stage_datetime": "2026-06-27 15:48",
        "tier": "normal",
        "action_stage": 5.82,
        "flood_stage": 6.82,
        "major_stage": 8.82,
        "url": "https://tidesandcurrents.noaa.gov/stationhome.html?id=8770520",
        "city_lat": 30.7485258,
        "city_lon": -94.000884,
        "fetched_at": "2026-06-27T15:56:58.392950+00:00",
        "color": "#2d6a4f"
      }
    },
    {
      "type": "Feature",
      "geometry": {
        "type": "Point",
        "coordinates": [
          "-95.2658",
          "29.7263"
        ]
      },
      "properties": {
        "source": "NOAA",
        "site_id": "8770777",
        "site_name": "Manchester",
        "lat": "29.7263",
        "lon": "-95.2658",
        "stage_ft": 1.943,
        "stage_datetime": "2026-06-27 15:48",
        "tier": "normal",
        "action_stage": 8.14,
        "flood_stage": 9.14,
        "major_stage": 11.14,
        "url": "https://tidesandcurrents.noaa.gov/stationhome.html?id=8770777",
        "city_lat": 31.8390826,
        "city_lon": -95.1791849,
        "fetched_at": "2026-06-27T15:56:58.392950+00:00",
        "color": "#2d6a4f"
      }
    },
    {
      "type": "Feature",
      "geometry": {
        "type": "Point",
        "coordinates": [
          "-93.8817",
          "29.98"
        ]
      },
      "properties": {
        "source": "NOAA",
        "site_id": "8770520",
        "site_name": "Rainbow Bridge",
        "lat": "29.98",
        "lon": "-93.8817",
        "stage_ft": 1.68,
        "stage_datetime": "2026-06-27 15:48",
        "tier": "normal",
        "action_stage": 5.82,
        "flood_stage": 6.82,
        "major_stage": 8.82,
        "url": "https://tidesandcurrents.noaa.gov/stationhome.html?id=8770520",
        "city_lat": 30.7485258,
        "city_lon": -94.000884,
        "fetched_at": "2026-06-27T15:56:58.392950+00:00",
        "color": "#2d6a4f"
      }
    },
    {
      "type": "Feature",
      "geometry": {
        "type": "Point",
        "coordinates": [
          "-80.903",
          "32.0347"
        ]
      },
      "properties": {
        "source": "NOAA",
        "site_id": "8670870",
        "site_name": "Fort Pulaski",
        "lat": "32.0347",
        "lon": "-80.903",
        "stage_ft": 1.116,
        "stage_datetime": "2026-06-27 15:48",
        "tier": "normal",
        "action_stage": 12.0,
        "flood_stage": 13.0,
        "major_stage": 15.0,
        "url": "https://tidesandcurrents.noaa.gov/stationhome.html?id=8670870",
        "city_lat": 32.5537587,
        "city_lon": -83.7965744,
        "fetched_at": "2026-06-27T15:56:58.392950+00:00",
        "color": "#2d6a4f"
      }
    },
    {
      "type": "Feature",
      "geometry": {
        "type": "Point",
        "coordinates": [
          "-80.903",
          "32.0347"
        ]
      },
      "properties": {
        "source": "NOAA",
        "site_id": "8670870",
        "site_name": "Fort Pulaski",
        "lat": "32.0347",
        "lon": "-80.903",
        "stage_ft": 1.116,
        "stage_datetime": "2026-06-27 15:48",
        "tier": "normal",
        "action_stage": 12.0,
        "flood_stage": 13.0,
        "major_stage": 15.0,
        "url": "https://tidesandcurrents.noaa.gov/stationhome.html?id=8670870",
        "city_lat": 32.4239975,
        "city_lon": -82.9388938,
        "fetched_at": "2026-06-27T15:56:58.392950+00:00",
        "color": "#2d6a4f"
      }
    },
    {
      "type": "Feature",
      "geometry": {
        "type": "Point",
        "coordinates": [
          "-97.2853",
          "26.2624"
        ]
      },
      "properties": {
        "source": "NOAA",
        "site_id": "8779280",
        "site_name": "Realitos Peninsula",
        "lat": "26.2624",
        "lon": "-97.2853",
        "stage_ft": 1.066,
        "stage_datetime": "2026-06-27 16:06",
        "tier": "normal",
        "action_stage": 17.18,
        "flood_stage": 18.18,
        "major_stage": 20.18,
        "url": "https://tidesandcurrents.noaa.gov/stationhome.html?id=8779280",
        "city_lat": 26.1488926,
        "city_lon": -97.8303536,
        "fetched_at": "2026-06-27T15:56:58.392950+00:00",
        "color": "#2d6a4f"
      }
    },
    {
      "type": "Feature",
      "geometry": {
        "type": "Point",
        "coordinates": [
          "-75.81",
          "39.5267"
        ]
      },
      "properties": {
        "source": "NOAA",
        "site_id": "8573927",
        "site_name": "Chesapeake City",
        "lat": "39.5267",
        "lon": "-75.81",
        "stage_ft": 2.408,
        "stage_datetime": "2026-06-27 16:18",
        "tier": "normal",
        "action_stage": 7.38,
        "flood_stage": 8.38,
        "major_stage": 10.38,
        "url": "https://tidesandcurrents.noaa.gov/stationhome.html?id=8573927",
        "city_lat": 40.0379958,
        "city_lon": -76.3056707,
        "fetched_at": "2026-06-27T15:56:58.392950+00:00",
        "color": "#2d6a4f"
      }
    },
    {
      "type": "Feature",
      "geometry": {
        "type": "Point",
        "coordinates": [
          "-95.2658",
          "29.7263"
        ]
      },
      "properties": {
        "source": "NOAA",
        "site_id": "8770777",
        "site_name": "Manchester",
        "lat": "29.7263",
        "lon": "-95.2658",
        "stage_ft": 1.943,
        "stage_datetime": "2026-06-27 15:48",
        "tier": "normal",
        "action_stage": 8.14,
        "flood_stage": 9.14,
        "major_stage": 11.14,
        "url": "https://tidesandcurrents.noaa.gov/stationhome.html?id=8770777",
        "city_lat": 30.9551586,
        "city_lon": -95.9507234,
        "fetched_at": "2026-06-27T15:56:58.392950+00:00",
        "color": "#2d6a4f"
      }
    },
    {
      "type": "Feature",
      "geometry": {
        "type": "Point",
        "coordinates": [
          "-95.2658",
          "29.7263"
        ]
      },
      "properties": {
        "source": "NOAA",
        "site_id": "8770777",
        "site_name": "Manchester",
        "lat": "29.7263",
        "lon": "-95.2658",
        "stage_ft": 1.943,
        "stage_datetime": "2026-06-27 15:48",
        "tier": "normal",
        "action_stage": 8.14,
        "flood_stage": 9.14,
        "major_stage": 11.14,
        "url": "https://tidesandcurrents.noaa.gov/stationhome.html?id=8770777",
        "city_lat": 38.27312,
        "city_lon": -98.5821872,
        "fetched_at": "2026-06-27T15:56:58.392950+00:00",
        "color": "#2d6a4f"
      }
    },
    {
      "type": "Feature",
      "geometry": {
        "type": "Point",
        "coordinates": [
          "-95.2658",
          "29.7263"
        ]
      },
      "properties": {
        "source": "NOAA",
        "site_id": "8770777",
        "site_name": "Manchester",
        "lat": "29.7263",
        "lon": "-95.2658",
        "stage_ft": 1.943,
        "stage_datetime": "2026-06-27 15:48",
        "tier": "normal",
        "action_stage": 8.14,
        "flood_stage": 9.14,
        "major_stage": 11.14,
        "url": "https://tidesandcurrents.noaa.gov/stationhome.html?id=8770777",
        "city_lat": 32.7762719,
        "city_lon": -96.7968559,
        "fetched_at": "2026-06-27T15:56:58.392950+00:00",
        "color": "#2d6a4f"
      }
    },
    {
      "type": "Feature",
      "geometry": {
        "type": "Point",
        "coordinates": [
          "-95.2658",
          "29.7263"
        ]
      },
      "properties": {
        "source": "NOAA",
        "site_id": "8770777",
        "site_name": "Manchester",
        "lat": "29.7263",
        "lon": "-95.2658",
        "stage_ft": 1.943,
        "stage_datetime": "2026-06-27 15:48",
        "tier": "normal",
        "action_stage": 8.14,
        "flood_stage": 9.14,
        "major_stage": 11.14,
        "url": "https://tidesandcurrents.noaa.gov/stationhome.html?id=8770777",
        "city_lat": 32.753177,
        "city_lon": -97.3327459,
        "fetched_at": "2026-06-27T15:56:58.392950+00:00",
        "color": "#2d6a4f"
      }
    },
    {
      "type": "Feature",
      "geometry": {
        "type": "Point",
        "coordinates": [
          "-95.2658",
          "29.7263"
        ]
      },
      "properties": {
        "source": "NOAA",
        "site_id": "8770777",
        "site_name": "Manchester",
        "lat": "29.7263",
        "lon": "-95.2658",
        "stage_ft": 1.943,
        "stage_datetime": "2026-06-27 15:48",
        "tier": "normal",
        "action_stage": 8.14,
        "flood_stage": 9.14,
        "major_stage": 11.14,
        "url": "https://tidesandcurrents.noaa.gov/stationhome.html?id=8770777",
        "city_lat": 32.7620405,
        "city_lon": -96.7790069,
        "fetched_at": "2026-06-27T15:56:58.392950+00:00",
        "color": "#2d6a4f"
      }
    },
    {
      "type": "Feature",
      "geometry": {
        "type": "Point",
        "coordinates": [
          "-96.6098",
          "28.6406"
        ]
      },
      "properties": {
        "source": "NOAA",
        "site_id": "8773259",
        "site_name": "Port Lavaca",
        "lat": "28.6406",
        "lon": "-96.6098",
        "stage_ft": 1.302,
        "stage_datetime": "2026-06-27 15:48",
        "tier": "normal",
        "action_stage": 4.9,
        "flood_stage": 5.9,
        "major_stage": 7.9,
        "url": "https://tidesandcurrents.noaa.gov/stationhome.html?id=8773259",
        "city_lat": 31.2638905,
        "city_lon": -98.5456116,
        "fetched_at": "2026-06-27T15:56:58.392950+00:00",
        "color": "#2d6a4f"
      }
    },
    {
      "type": "Feature",
      "geometry": {
        "type": "Point",
        "coordinates": [
          "-95.2658",
          "29.7263"
        ]
      },
      "properties": {
        "source": "NOAA",
        "site_id": "8770777",
        "site_name": "Manchester",
        "lat": "29.7263",
        "lon": "-95.2658",
        "stage_ft": 1.943,
        "stage_datetime": "2026-06-27 15:48",
        "tier": "normal",
        "action_stage": 8.14,
        "flood_stage": 9.14,
        "major_stage": 11.14,
        "url": "https://tidesandcurrents.noaa.gov/stationhome.html?id=8770777",
        "city_lat": 32.6662689,
        "city_lon": -97.135072,
        "fetched_at": "2026-06-27T15:56:58.392950+00:00",
        "color": "#2d6a4f"
      }
    },
    {
      "type": "Feature",
      "geometry": {
        "type": "Point",
        "coordinates": [
          "-95.2658",
          "29.7263"
        ]
      },
      "properties": {
        "source": "NOAA",
        "site_id": "8770777",
        "site_name": "Manchester",
        "lat": "29.7263",
        "lon": "-95.2658",
        "stage_ft": 1.943,
        "stage_datetime": "2026-06-27 15:48",
        "tier": "normal",
        "action_stage": 8.14,
        "flood_stage": 9.14,
        "major_stage": 11.14,
        "url": "https://tidesandcurrents.noaa.gov/stationhome.html?id=8770777",
        "city_lat": 32.753177,
        "city_lon": -97.3327459,
        "fetched_at": "2026-06-27T15:56:58.392950+00:00",
        "color": "#2d6a4f"
      }
    },
    {
      "type": "Feature",
      "geometry": {
        "type": "Point",
        "coordinates": [
          "-95.2658",
          "29.7263"
        ]
      },
      "properties": {
        "source": "NOAA",
        "site_id": "8770777",
        "site_name": "Manchester",
        "lat": "29.7263",
        "lon": "-95.2658",
        "stage_ft": 1.943,
        "stage_datetime": "2026-06-27 15:48",
        "tier": "normal",
        "action_stage": 8.14,
        "flood_stage": 9.14,
        "major_stage": 11.14,
        "url": "https://tidesandcurrents.noaa.gov/stationhome.html?id=8770777",
        "city_lat": 32.753177,
        "city_lon": -97.3327459,
        "fetched_at": "2026-06-27T15:56:58.392950+00:00",
        "color": "#2d6a4f"
      }
    },
    {
      "type": "Feature",
      "geometry": {
        "type": "Point",
        "coordinates": [
          "-95.2658",
          "29.7263"
        ]
      },
      "properties": {
        "source": "NOAA",
        "site_id": "8770777",
        "site_name": "Manchester",
        "lat": "29.7263",
        "lon": "-95.2658",
        "stage_ft": 1.943,
        "stage_datetime": "2026-06-27 15:48",
        "tier": "normal",
        "action_stage": 8.14,
        "flood_stage": 9.14,
        "major_stage": 11.14,
        "url": "https://tidesandcurrents.noaa.gov/stationhome.html?id=8770777",
        "city_lat": 33.1838787,
        "city_lon": -97.1413417,
        "fetched_at": "2026-06-27T15:56:58.392950+00:00",
        "color": "#2d6a4f"
      }
    },
    {
      "type": "Feature",
      "geometry": {
        "type": "Point",
        "coordinates": [
          "-88.0736",
          "30.7819"
        ]
      },
      "properties": {
        "source": "NOAA",
        "site_id": "8737138",
        "site_name": "Chickasaw Creek",
        "lat": "30.7819",
        "lon": "-88.0736",
        "stage_ft": 2.516,
        "stage_datetime": "2026-06-27 15:48",
        "tier": "normal",
        "action_stage": 27.3,
        "flood_stage": 28.3,
        "major_stage": 30.3,
        "url": "https://tidesandcurrents.noaa.gov/stationhome.html?id=8737138",
        "city_lat": 32.9715285,
        "city_lon": -89.7348497,
        "fetched_at": "2026-06-27T15:56:58.392950+00:00",
        "color": "#2d6a4f"
      }
    },
    {
      "type": "Feature",
      "geometry": {
        "type": "Point",
        "coordinates": [
          "-96.6098",
          "28.6406"
        ]
      },
      "properties": {
        "source": "NOAA",
        "site_id": "8773259",
        "site_name": "Port Lavaca",
        "lat": "28.6406",
        "lon": "-96.6098",
        "stage_ft": 1.302,
        "stage_datetime": "2026-06-27 15:48",
        "tier": "normal",
        "action_stage": 4.9,
        "flood_stage": 5.9,
        "major_stage": 7.9,
        "url": "https://tidesandcurrents.noaa.gov/stationhome.html?id=8773259",
        "city_lat": 31.2638905,
        "city_lon": -98.5456116,
        "fetched_at": "2026-06-27T15:56:58.392950+00:00",
        "color": "#2d6a4f"
      }
    },
    {
      "type": "Feature",
      "geometry": {
        "type": "Point",
        "coordinates": [
          "-96.6098",
          "28.6406"
        ]
      },
      "properties": {
        "source": "NOAA",
        "site_id": "8773259",
        "site_name": "Port Lavaca",
        "lat": "28.6406",
        "lon": "-96.6098",
        "stage_ft": 1.302,
        "stage_datetime": "2026-06-27 15:48",
        "tier": "normal",
        "action_stage": 4.9,
        "flood_stage": 5.9,
        "major_stage": 7.9,
        "url": "https://tidesandcurrents.noaa.gov/stationhome.html?id=8773259",
        "city_lat": 29.8298971,
        "city_lon": -97.5959641,
        "fetched_at": "2026-06-27T15:56:58.392950+00:00",
        "color": "#2d6a4f"
      }
    },
    {
      "type": "Feature",
      "geometry": {
        "type": "Point",
        "coordinates": [
          "-95.2658",
          "29.7263"
        ]
      },
      "properties": {
        "source": "NOAA",
        "site_id": "8770777",
        "site_name": "Manchester",
        "lat": "29.7263",
        "lon": "-95.2658",
        "stage_ft": 1.943,
        "stage_datetime": "2026-06-27 15:48",
        "tier": "normal",
        "action_stage": 8.14,
        "flood_stage": 9.14,
        "major_stage": 11.14,
        "url": "https://tidesandcurrents.noaa.gov/stationhome.html?id=8770777",
        "city_lat": 32.7513658,
        "city_lon": -97.335696,
        "fetched_at": "2026-06-27T15:56:58.392950+00:00",
        "color": "#2d6a4f"
      }
    },
    {
      "type": "Feature",
      "geometry": {
        "type": "Point",
        "coordinates": [
          "-122.3393",
          "47.6026"
        ]
      },
      "properties": {
        "source": "NOAA",
        "site_id": "9447130",
        "site_name": "Seattle",
        "lat": "47.6026",
        "lon": "-122.3393",
        "stage_ft": 0.612,
        "stage_datetime": "2026-06-27 15:48",
        "tier": "normal",
        "action_stage": 20.3,
        "flood_stage": 21.3,
        "major_stage": 23.3,
        "url": "https://tidesandcurrents.noaa.gov/stationhome.html?id=9447130",
        "city_lat": 48.5158513,
        "city_lon": -119.6527477,
        "fetched_at": "2026-06-27T15:56:58.392950+00:00",
        "color": "#2d6a4f"
      }
    },
    {
      "type": "Feature",
      "geometry": {
        "type": "Point",
        "coordinates": [
          "-97.2853",
          "26.2624"
        ]
      },
      "properties": {
        "source": "NOAA",
        "site_id": "8779280",
        "site_name": "Realitos Peninsula",
        "lat": "26.2624",
        "lon": "-97.2853",
        "stage_ft": 1.066,
        "stage_datetime": "2026-06-27 16:06",
        "tier": "normal",
        "action_stage": 17.18,
        "flood_stage": 18.18,
        "major_stage": 20.18,
        "url": "https://tidesandcurrents.noaa.gov/stationhome.html?id=8779280",
        "city_lat": 26.1488926,
        "city_lon": -97.8303536,
        "fetched_at": "2026-06-27T15:56:58.392950+00:00",
        "color": "#2d6a4f"
      }
    },
    {
      "type": "Feature",
      "geometry": {
        "type": "Point",
        "coordinates": [
          "-95.2658",
          "29.7263"
        ]
      },
      "properties": {
        "source": "NOAA",
        "site_id": "8770777",
        "site_name": "Manchester",
        "lat": "29.7263",
        "lon": "-95.2658",
        "stage_ft": 1.943,
        "stage_datetime": "2026-06-27 15:48",
        "tier": "normal",
        "action_stage": 8.14,
        "flood_stage": 9.14,
        "major_stage": 11.14,
        "url": "https://tidesandcurrents.noaa.gov/stationhome.html?id=8770777",
        "city_lat": 33.1838787,
        "city_lon": -97.1413417,
        "fetched_at": "2026-06-27T15:56:58.392950+00:00",
        "color": "#2d6a4f"
      }
    },
    {
      "type": "Feature",
      "geometry": {
        "type": "Point",
        "coordinates": [
          "-80.903",
          "32.0347"
        ]
      },
      "properties": {
        "source": "NOAA",
        "site_id": "8670870",
        "site_name": "Fort Pulaski",
        "lat": "32.0347",
        "lon": "-80.903",
        "stage_ft": 1.116,
        "stage_datetime": "2026-06-27 15:48",
        "tier": "normal",
        "action_stage": 12.0,
        "flood_stage": 13.0,
        "major_stage": 15.0,
        "url": "https://tidesandcurrents.noaa.gov/stationhome.html?id=8670870",
        "city_lat": 33.829579,
        "city_lon": -83.4275918,
        "fetched_at": "2026-06-27T15:56:58.392950+00:00",
        "color": "#2d6a4f"
      }
    },
    {
      "type": "Feature",
      "geometry": {
        "type": "Point",
        "coordinates": [
          "-95.2658",
          "29.7263"
        ]
      },
      "properties": {
        "source": "NOAA",
        "site_id": "8770777",
        "site_name": "Manchester",
        "lat": "29.7263",
        "lon": "-95.2658",
        "stage_ft": 1.943,
        "stage_datetime": "2026-06-27 15:48",
        "tier": "normal",
        "action_stage": 8.14,
        "flood_stage": 9.14,
        "major_stage": 11.14,
        "url": "https://tidesandcurrents.noaa.gov/stationhome.html?id=8770777",
        "city_lat": 30.9551586,
        "city_lon": -95.9507234,
        "fetched_at": "2026-06-27T15:56:58.392950+00:00",
        "color": "#2d6a4f"
      }
    },
    {
      "type": "Feature",
      "geometry": {
        "type": "Point",
        "coordinates": [
          "-118.5",
          "34.0083"
        ]
      },
      "properties": {
        "source": "NOAA",
        "site_id": "9410840",
        "site_name": "Santa Monica",
        "lat": "34.0083",
        "lon": "-118.5",
        "stage_ft": 3.55,
        "stage_datetime": "2026-06-27 15:42",
        "tier": "normal",
        "action_stage": 8.87,
        "flood_stage": 9.87,
        "major_stage": 11.87,
        "url": "https://tidesandcurrents.noaa.gov/stationhome.html?id=9410840",
        "city_lat": 34.0005083,
        "city_lon": -118.159631,
        "fetched_at": "2026-06-27T15:56:58.392950+00:00",
        "color": "#2d6a4f"
      }
    },
    {
      "type": "Feature",
      "geometry": {
        "type": "Point",
        "coordinates": [
          "-155.8294",
          "20.0366"
        ]
      },
      "properties": {
        "source": "NOAA",
        "site_id": "1617433",
        "site_name": "Kawaihae",
        "lat": "20.0366",
        "lon": "-155.8294",
        "stage_ft": 0.64,
        "stage_datetime": "2026-06-27 15:48",
        "tier": "normal",
        "action_stage": 5.74,
        "flood_stage": 6.74,
        "major_stage": 8.74,
        "url": "https://tidesandcurrents.noaa.gov/stationhome.html?id=1617433",
        "city_lat": 19.6273325,
        "city_lon": -155.564561,
        "fetched_at": "2026-06-27T15:56:58.392950+00:00",
        "color": "#2d6a4f"
      }
    },
    {
      "type": "Feature",
      "geometry": {
        "type": "Point",
        "coordinates": [
          "-97.2853",
          "26.2624"
        ]
      },
      "properties": {
        "source": "NOAA",
        "site_id": "8779280",
        "site_name": "Realitos Peninsula",
        "lat": "26.2624",
        "lon": "-97.2853",
        "stage_ft": 1.066,
        "stage_datetime": "2026-06-27 16:06",
        "tier": "normal",
        "action_stage": 17.18,
        "flood_stage": 18.18,
        "major_stage": 20.18,
        "url": "https://tidesandcurrents.noaa.gov/stationhome.html?id=8779280",
        "city_lat": 26.1488926,
        "city_lon": -97.8303536,
        "fetched_at": "2026-06-27T15:56:58.392950+00:00",
        "color": "#2d6a4f"
      }
    },
    {
      "type": "Feature",
      "geometry": {
        "type": "Point",
        "coordinates": [
          "-95.2658",
          "29.7263"
        ]
      },
      "properties": {
        "source": "NOAA",
        "site_id": "8770777",
        "site_name": "Manchester",
        "lat": "29.7263",
        "lon": "-95.2658",
        "stage_ft": 1.943,
        "stage_datetime": "2026-06-27 15:48",
        "tier": "normal",
        "action_stage": 8.14,
        "flood_stage": 9.14,
        "major_stage": 11.14,
        "url": "https://tidesandcurrents.noaa.gov/stationhome.html?id=8770777",
        "city_lat": 32.6662689,
        "city_lon": -97.135072,
        "fetched_at": "2026-06-27T15:56:58.392950+00:00",
        "color": "#2d6a4f"
      }
    },
    {
      "type": "Feature",
      "geometry": {
        "type": "Point",
        "coordinates": [
          "-80.903",
          "32.0347"
        ]
      },
      "properties": {
        "source": "NOAA",
        "site_id": "8670870",
        "site_name": "Fort Pulaski",
        "lat": "32.0347",
        "lon": "-80.903",
        "stage_ft": 1.116,
        "stage_datetime": "2026-06-27 15:48",
        "tier": "normal",
        "action_stage": 12.0,
        "flood_stage": 13.0,
        "major_stage": 15.0,
        "url": "https://tidesandcurrents.noaa.gov/stationhome.html?id=8670870",
        "city_lat": 33.7876673,
        "city_lon": -82.4508165,
        "fetched_at": "2026-06-27T15:56:58.392950+00:00",
        "color": "#2d6a4f"
      }
    },
    {
      "type": "Feature",
      "geometry": {
        "type": "Point",
        "coordinates": [
          "-97.2853",
          "26.2624"
        ]
      },
      "properties": {
        "source": "NOAA",
        "site_id": "8779280",
        "site_name": "Realitos Peninsula",
        "lat": "26.2624",
        "lon": "-97.2853",
        "stage_ft": 1.066,
        "stage_datetime": "2026-06-27 16:06",
        "tier": "normal",
        "action_stage": 17.18,
        "flood_stage": 18.18,
        "major_stage": 20.18,
        "url": "https://tidesandcurrents.noaa.gov/stationhome.html?id=8779280",
        "city_lat": 26.1488926,
        "city_lon": -97.8303536,
        "fetched_at": "2026-06-27T15:56:58.392950+00:00",
        "color": "#2d6a4f"
      }
    },
    {
      "type": "Feature",
      "geometry": {
        "type": "Point",
        "coordinates": [
          "-95.2658",
          "29.7263"
        ]
      },
      "properties": {
        "source": "NOAA",
        "site_id": "8770777",
        "site_name": "Manchester",
        "lat": "29.7263",
        "lon": "-95.2658",
        "stage_ft": 1.943,
        "stage_datetime": "2026-06-27 15:48",
        "tier": "normal",
        "action_stage": 8.14,
        "flood_stage": 9.14,
        "major_stage": 11.14,
        "url": "https://tidesandcurrents.noaa.gov/stationhome.html?id=8770777",
        "city_lat": 33.2139213,
        "city_lon": -97.6563925,
        "fetched_at": "2026-06-27T15:56:58.392950+00:00",
        "color": "#2d6a4f"
      }
    },
    {
      "type": "Feature",
      "geometry": {
        "type": "Point",
        "coordinates": [
          "-95.2658",
          "29.7263"
        ]
      },
      "properties": {
        "source": "NOAA",
        "site_id": "8770777",
        "site_name": "Manchester",
        "lat": "29.7263",
        "lon": "-95.2658",
        "stage_ft": 1.943,
        "stage_datetime": "2026-06-27 15:48",
        "tier": "normal",
        "action_stage": 8.14,
        "flood_stage": 9.14,
        "major_stage": 11.14,
        "url": "https://tidesandcurrents.noaa.gov/stationhome.html?id=8770777",
        "city_lat": 30.9551586,
        "city_lon": -95.9507234,
        "fetched_at": "2026-06-27T15:56:58.392950+00:00",
        "color": "#2d6a4f"
      }
    },
    {
      "type": "Feature",
      "geometry": {
        "type": "Point",
        "coordinates": [
          "-95.2658",
          "29.7263"
        ]
      },
      "properties": {
        "source": "NOAA",
        "site_id": "8770777",
        "site_name": "Manchester",
        "lat": "29.7263",
        "lon": "-95.2658",
        "stage_ft": 1.943,
        "stage_datetime": "2026-06-27 15:48",
        "tier": "normal",
        "action_stage": 8.14,
        "flood_stage": 9.14,
        "major_stage": 11.14,
        "url": "https://tidesandcurrents.noaa.gov/stationhome.html?id=8770777",
        "city_lat": 38.27312,
        "city_lon": -98.5821872,
        "fetched_at": "2026-06-27T15:56:58.392950+00:00",
        "color": "#2d6a4f"
      }
    },
    {
      "type": "Feature",
      "geometry": {
        "type": "Point",
        "coordinates": [
          "-88.0736",
          "30.7819"
        ]
      },
      "properties": {
        "source": "NOAA",
        "site_id": "8737138",
        "site_name": "Chickasaw Creek",
        "lat": "30.7819",
        "lon": "-88.0736",
        "stage_ft": 2.516,
        "stage_datetime": "2026-06-27 15:48",
        "tier": "normal",
        "action_stage": 27.3,
        "flood_stage": 28.3,
        "major_stage": 30.3,
        "url": "https://tidesandcurrents.noaa.gov/stationhome.html?id=8737138",
        "city_lat": 33.2588817,
        "city_lon": -86.8295337,
        "fetched_at": "2026-06-27T15:56:58.392950+00:00",
        "color": "#2d6a4f"
      }
    },
    {
      "type": "Feature",
      "geometry": {
        "type": "Point",
        "coordinates": [
          "-88.0736",
          "30.7819"
        ]
      },
      "properties": {
        "source": "NOAA",
        "site_id": "8737138",
        "site_name": "Chickasaw Creek",
        "lat": "30.7819",
        "lon": "-88.0736",
        "stage_ft": 2.516,
        "stage_datetime": "2026-06-27 15:48",
        "tier": "normal",
        "action_stage": 27.3,
        "flood_stage": 28.3,
        "major_stage": 30.3,
        "url": "https://tidesandcurrents.noaa.gov/stationhome.html?id=8737138",
        "city_lat": 33.2095614,
        "city_lon": -87.5675258,
        "fetched_at": "2026-06-27T15:56:58.392950+00:00",
        "color": "#2d6a4f"
      }
    },
    {
      "type": "Feature",
      "geometry": {
        "type": "Point",
        "coordinates": [
          "-95.2658",
          "29.7263"
        ]
      },
      "properties": {
        "source": "NOAA",
        "site_id": "8770777",
        "site_name": "Manchester",
        "lat": "29.7263",
        "lon": "-95.2658",
        "stage_ft": 1.943,
        "stage_datetime": "2026-06-27 15:48",
        "tier": "normal",
        "action_stage": 8.14,
        "flood_stage": 9.14,
        "major_stage": 11.14,
        "url": "https://tidesandcurrents.noaa.gov/stationhome.html?id=8770777",
        "city_lat": 30.9551586,
        "city_lon": -95.9507234,
        "fetched_at": "2026-06-27T15:56:58.392950+00:00",
        "color": "#2d6a4f"
      }
    },
    {
      "type": "Feature",
      "geometry": {
        "type": "Point",
        "coordinates": [
          "-96.6098",
          "28.6406"
        ]
      },
      "properties": {
        "source": "NOAA",
        "site_id": "8773259",
        "site_name": "Port Lavaca",
        "lat": "28.6406",
        "lon": "-96.6098",
        "stage_ft": 1.302,
        "stage_datetime": "2026-06-27 15:48",
        "tier": "normal",
        "action_stage": 4.9,
        "flood_stage": 5.9,
        "major_stage": 7.9,
        "url": "https://tidesandcurrents.noaa.gov/stationhome.html?id=8773259",
        "city_lat": 31.2638905,
        "city_lon": -98.5456116,
        "fetched_at": "2026-06-27T15:56:58.392950+00:00",
        "color": "#2d6a4f"
      }
    },
    {
      "type": "Feature",
      "geometry": {
        "type": "Point",
        "coordinates": [
          "-89.6732",
          "29.8681"
        ]
      },
      "properties": {
        "source": "NOAA",
        "site_id": "8761305",
        "site_name": "Shell Beach",
        "lat": "29.8681",
        "lon": "-89.6732",
        "stage_ft": 1.873,
        "stage_datetime": "2026-06-27 16:12",
        "tier": "normal",
        "action_stage": 33.82,
        "flood_stage": 34.82,
        "major_stage": 36.82,
        "url": "https://tidesandcurrents.noaa.gov/stationhome.html?id=8761305",
        "city_lat": 29.8217562,
        "city_lon": -89.6008692,
        "fetched_at": "2026-06-27T15:56:58.392950+00:00",
        "color": "#2d6a4f"
      }
    },
    {
      "type": "Feature",
      "geometry": {
        "type": "Point",
        "coordinates": [
          "-95.2658",
          "29.7263"
        ]
      },
      "properties": {
        "source": "NOAA",
        "site_id": "8770777",
        "site_name": "Manchester",
        "lat": "29.7263",
        "lon": "-95.2658",
        "stage_ft": 1.943,
        "stage_datetime": "2026-06-27 15:48",
        "tier": "normal",
        "action_stage": 8.14,
        "flood_stage": 9.14,
        "major_stage": 11.14,
        "url": "https://tidesandcurrents.noaa.gov/stationhome.html?id=8770777",
        "city_lat": 32.182598,
        "city_lon": -95.7893178,
        "fetched_at": "2026-06-27T15:56:58.392950+00:00",
        "color": "#2d6a4f"
      }
    },
    {
      "type": "Feature",
      "geometry": {
        "type": "Point",
        "coordinates": [
          "-93.8817",
          "29.98"
        ]
      },
      "properties": {
        "source": "NOAA",
        "site_id": "8770520",
        "site_name": "Rainbow Bridge",
        "lat": "29.98",
        "lon": "-93.8817",
        "stage_ft": 1.68,
        "stage_datetime": "2026-06-27 15:48",
        "tier": "normal",
        "action_stage": 5.82,
        "flood_stage": 6.82,
        "major_stage": 8.82,
        "url": "https://tidesandcurrents.noaa.gov/stationhome.html?id=8770520",
        "city_lat": 30.7485258,
        "city_lon": -94.000884,
        "fetched_at": "2026-06-27T15:56:58.392950+00:00",
        "color": "#2d6a4f"
      }
    },
    {
      "type": "Feature",
      "geometry": {
        "type": "Point",
        "coordinates": [
          "-93.8817",
          "29.98"
        ]
      },
      "properties": {
        "source": "NOAA",
        "site_id": "8770520",
        "site_name": "Rainbow Bridge",
        "lat": "29.98",
        "lon": "-93.8817",
        "stage_ft": 1.68,
        "stage_datetime": "2026-06-27 15:48",
        "tier": "normal",
        "action_stage": 5.82,
        "flood_stage": 6.82,
        "major_stage": 8.82,
        "url": "https://tidesandcurrents.noaa.gov/stationhome.html?id=8770520",
        "city_lat": 30.7485258,
        "city_lon": -94.000884,
        "fetched_at": "2026-06-27T15:56:58.392950+00:00",
        "color": "#2d6a4f"
      }
    },
    {
      "type": "Feature",
      "geometry": {
        "type": "Point",
        "coordinates": [
          "-95.2658",
          "29.7263"
        ]
      },
      "properties": {
        "source": "NOAA",
        "site_id": "8770777",
        "site_name": "Manchester",
        "lat": "29.7263",
        "lon": "-95.2658",
        "stage_ft": 1.943,
        "stage_datetime": "2026-06-27 15:48",
        "tier": "normal",
        "action_stage": 8.14,
        "flood_stage": 9.14,
        "major_stage": 11.14,
        "url": "https://tidesandcurrents.noaa.gov/stationhome.html?id=8770777",
        "city_lat": 32.6894727,
        "city_lon": -96.4512417,
        "fetched_at": "2026-06-27T15:56:58.392950+00:00",
        "color": "#2d6a4f"
      }
    },
    {
      "type": "Feature",
      "geometry": {
        "type": "Point",
        "coordinates": [
          "-88.0736",
          "30.7819"
        ]
      },
      "properties": {
        "source": "NOAA",
        "site_id": "8737138",
        "site_name": "Chickasaw Creek",
        "lat": "30.7819",
        "lon": "-88.0736",
        "stage_ft": 2.516,
        "stage_datetime": "2026-06-27 15:48",
        "tier": "normal",
        "action_stage": 27.3,
        "flood_stage": 28.3,
        "major_stage": 30.3,
        "url": "https://tidesandcurrents.noaa.gov/stationhome.html?id=8737138",
        "city_lat": 33.2588817,
        "city_lon": -86.8295337,
        "fetched_at": "2026-06-27T15:56:58.392950+00:00",
        "color": "#2d6a4f"
      }
    },
    {
      "type": "Feature",
      "geometry": {
        "type": "Point",
        "coordinates": [
          "-122.3393",
          "47.6026"
        ]
      },
      "properties": {
        "source": "NOAA",
        "site_id": "9447130",
        "site_name": "Seattle",
        "lat": "47.6026",
        "lon": "-122.3393",
        "stage_ft": 0.612,
        "stage_datetime": "2026-06-27 15:48",
        "tier": "normal",
        "action_stage": 20.3,
        "flood_stage": 21.3,
        "major_stage": 23.3,
        "url": "https://tidesandcurrents.noaa.gov/stationhome.html?id=9447130",
        "city_lat": 47.8012197,
        "city_lon": -120.6276904,
        "fetched_at": "2026-06-27T15:56:58.392950+00:00",
        "color": "#2d6a4f"
      }
    },
    {
      "type": "Feature",
      "geometry": {
        "type": "Point",
        "coordinates": [
          "-96.6098",
          "28.6406"
        ]
      },
      "properties": {
        "source": "NOAA",
        "site_id": "8773259",
        "site_name": "Port Lavaca",
        "lat": "28.6406",
        "lon": "-96.6098",
        "stage_ft": 1.302,
        "stage_datetime": "2026-06-27 15:48",
        "tier": "normal",
        "action_stage": 4.9,
        "flood_stage": 5.9,
        "major_stage": 7.9,
        "url": "https://tidesandcurrents.noaa.gov/stationhome.html?id=8773259",
        "city_lat": 28.9224028,
        "city_lon": -96.55561,
        "fetched_at": "2026-06-27T15:56:58.392950+00:00",
        "color": "#2d6a4f"
      }
    },
    {
      "type": "Feature",
      "geometry": {
        "type": "Point",
        "coordinates": [
          "-88.0736",
          "30.7819"
        ]
      },
      "properties": {
        "source": "NOAA",
        "site_id": "8737138",
        "site_name": "Chickasaw Creek",
        "lat": "30.7819",
        "lon": "-88.0736",
        "stage_ft": 2.516,
        "stage_datetime": "2026-06-27 15:48",
        "tier": "normal",
        "action_stage": 27.3,
        "flood_stage": 28.3,
        "major_stage": 30.3,
        "url": "https://tidesandcurrents.noaa.gov/stationhome.html?id=8737138",
        "city_lat": 33.2588817,
        "city_lon": -86.8295337,
        "fetched_at": "2026-06-27T15:56:58.392950+00:00",
        "color": "#2d6a4f"
      }
    },
    {
      "type": "Feature",
      "geometry": {
        "type": "Point",
        "coordinates": [
          "-122.3393",
          "47.6026"
        ]
      },
      "properties": {
        "source": "NOAA",
        "site_id": "9447130",
        "site_name": "Seattle",
        "lat": "47.6026",
        "lon": "-122.3393",
        "stage_ft": 0.612,
        "stage_datetime": "2026-06-27 15:48",
        "tier": "normal",
        "action_stage": 20.3,
        "flood_stage": 21.3,
        "major_stage": 23.3,
        "url": "https://tidesandcurrents.noaa.gov/stationhome.html?id=9447130",
        "city_lat": 48.5158513,
        "city_lon": -119.6527477,
        "fetched_at": "2026-06-27T15:56:58.392950+00:00",
        "color": "#2d6a4f"
      }
    },
    {
      "type": "Feature",
      "geometry": {
        "type": "Point",
        "coordinates": [
          "-95.2658",
          "29.7263"
        ]
      },
      "properties": {
        "source": "NOAA",
        "site_id": "8770777",
        "site_name": "Manchester",
        "lat": "29.7263",
        "lon": "-95.2658",
        "stage_ft": 1.943,
        "stage_datetime": "2026-06-27 15:48",
        "tier": "normal",
        "action_stage": 8.14,
        "flood_stage": 9.14,
        "major_stage": 11.14,
        "url": "https://tidesandcurrents.noaa.gov/stationhome.html?id=8770777",
        "city_lat": 38.4825192,
        "city_lon": -100.907094,
        "fetched_at": "2026-06-27T15:56:58.392950+00:00",
        "color": "#2d6a4f"
      }
    },
    {
      "type": "Feature",
      "geometry": {
        "type": "Point",
        "coordinates": [
          "-97.5207",
          "27.8461"
        ]
      },
      "properties": {
        "source": "NOAA",
        "site_id": "8775222",
        "site_name": "Viola Turning Basin",
        "lat": "27.8461",
        "lon": "-97.5207",
        "stage_ft": 0.922,
        "stage_datetime": "2026-06-27 15:48",
        "tier": "normal",
        "action_stage": 28.69,
        "flood_stage": 29.69,
        "major_stage": 31.69,
        "url": "https://tidesandcurrents.noaa.gov/stationhome.html?id=8775222",
        "city_lat": 33.3315804,
        "city_lon": -105.673099,
        "fetched_at": "2026-06-27T15:56:58.392950+00:00",
        "color": "#2d6a4f"
      }
    },
    {
      "type": "Feature",
      "geometry": {
        "type": "Point",
        "coordinates": [
          "-95.2658",
          "29.7263"
        ]
      },
      "properties": {
        "source": "NOAA",
        "site_id": "8770777",
        "site_name": "Manchester",
        "lat": "29.7263",
        "lon": "-95.2658",
        "stage_ft": 1.943,
        "stage_datetime": "2026-06-27 15:48",
        "tier": "normal",
        "action_stage": 8.14,
        "flood_stage": 9.14,
        "major_stage": 11.14,
        "url": "https://tidesandcurrents.noaa.gov/stationhome.html?id=8770777",
        "city_lat": 38.4825192,
        "city_lon": -100.907094,
        "fetched_at": "2026-06-27T15:56:58.392950+00:00",
        "color": "#2d6a4f"
      }
    },
    {
      "type": "Feature",
      "geometry": {
        "type": "Point",
        "coordinates": [
          "-88.0736",
          "30.7819"
        ]
      },
      "properties": {
        "source": "NOAA",
        "site_id": "8737138",
        "site_name": "Chickasaw Creek",
        "lat": "30.7819",
        "lon": "-88.0736",
        "stage_ft": 2.516,
        "stage_datetime": "2026-06-27 15:48",
        "tier": "normal",
        "action_stage": 27.3,
        "flood_stage": 28.3,
        "major_stage": 30.3,
        "url": "https://tidesandcurrents.noaa.gov/stationhome.html?id=8737138",
        "city_lat": 35.8326703,
        "city_lon": -86.6012557,
        "fetched_at": "2026-06-27T15:56:58.392950+00:00",
        "color": "#2d6a4f"
      }
    },
    {
      "type": "Feature",
      "geometry": {
        "type": "Point",
        "coordinates": [
          "-70.2442",
          "43.6581"
        ]
      },
      "properties": {
        "source": "NOAA",
        "site_id": "8418150",
        "site_name": "Portland",
        "lat": "43.6581",
        "lon": "-70.2442",
        "stage_ft": 7.919,
        "stage_datetime": "2026-06-27 15:48",
        "tier": "normal",
        "action_stage": 19.46,
        "flood_stage": 20.46,
        "major_stage": 22.46,
        "url": "https://tidesandcurrents.noaa.gov/stationhome.html?id=8418150",
        "city_lat": 44.5990718,
        "city_lon": -72.5002608,
        "fetched_at": "2026-06-27T15:56:58.392950+00:00",
        "color": "#2d6a4f"
      }
    },
    {
      "type": "Feature",
      "geometry": {
        "type": "Point",
        "coordinates": [
          "-80.903",
          "32.0347"
        ]
      },
      "properties": {
        "source": "NOAA",
        "site_id": "8670870",
        "site_name": "Fort Pulaski",
        "lat": "32.0347",
        "lon": "-80.903",
        "stage_ft": 1.116,
        "stage_datetime": "2026-06-27 15:48",
        "tier": "normal",
        "action_stage": 12.0,
        "flood_stage": 13.0,
        "major_stage": 15.0,
        "url": "https://tidesandcurrents.noaa.gov/stationhome.html?id=8670870",
        "city_lat": 32.3293809,
        "city_lon": -83.1137366,
        "fetched_at": "2026-06-27T15:56:58.392950+00:00",
        "color": "#2d6a4f"
      }
    },
    {
      "type": "Feature",
      "geometry": {
        "type": "Point",
        "coordinates": [
          "-75.81",
          "39.5267"
        ]
      },
      "properties": {
        "source": "NOAA",
        "site_id": "8573927",
        "site_name": "Chesapeake City",
        "lat": "39.5267",
        "lon": "-75.81",
        "stage_ft": 2.408,
        "stage_datetime": "2026-06-27 16:18",
        "tier": "normal",
        "action_stage": 7.38,
        "flood_stage": 8.38,
        "major_stage": 10.38,
        "url": "https://tidesandcurrents.noaa.gov/stationhome.html?id=8573927",
        "city_lat": 40.08067,
        "city_lon": -76.2411283,
        "fetched_at": "2026-06-27T15:56:58.392950+00:00",
        "color": "#2d6a4f"
      }
    },
    {
      "type": "Feature",
      "geometry": {
        "type": "Point",
        "coordinates": [
          "-118.5",
          "34.0083"
        ]
      },
      "properties": {
        "source": "NOAA",
        "site_id": "9410840",
        "site_name": "Santa Monica",
        "lat": "34.0083",
        "lon": "-118.5",
        "stage_ft": 3.55,
        "stage_datetime": "2026-06-27 15:42",
        "tier": "normal",
        "action_stage": 8.87,
        "flood_stage": 9.87,
        "major_stage": 11.87,
        "url": "https://tidesandcurrents.noaa.gov/stationhome.html?id=9410840",
        "city_lat": 34.0005083,
        "city_lon": -118.159631,
        "fetched_at": "2026-06-27T15:56:58.392950+00:00",
        "color": "#2d6a4f"
      }
    },
    {
      "type": "Feature",
      "geometry": {
        "type": "Point",
        "coordinates": [
          "-70.2442",
          "43.6581"
        ]
      },
      "properties": {
        "source": "NOAA",
        "site_id": "8418150",
        "site_name": "Portland",
        "lat": "43.6581",
        "lon": "-70.2442",
        "stage_ft": 7.919,
        "stage_datetime": "2026-06-27 15:48",
        "tier": "normal",
        "action_stage": 19.46,
        "flood_stage": 20.46,
        "major_stage": 22.46,
        "url": "https://tidesandcurrents.noaa.gov/stationhome.html?id=8418150",
        "city_lat": 44.5990718,
        "city_lon": -72.5002608,
        "fetched_at": "2026-06-27T15:56:58.392950+00:00",
        "color": "#2d6a4f"
      }
    },
    {
      "type": "Feature",
      "geometry": {
        "type": "Point",
        "coordinates": [
          "-96.6098",
          "28.6406"
        ]
      },
      "properties": {
        "source": "NOAA",
        "site_id": "8773259",
        "site_name": "Port Lavaca",
        "lat": "28.6406",
        "lon": "-96.6098",
        "stage_ft": 1.302,
        "stage_datetime": "2026-06-27 15:48",
        "tier": "normal",
        "action_stage": 4.9,
        "flood_stage": 5.9,
        "major_stage": 7.9,
        "url": "https://tidesandcurrents.noaa.gov/stationhome.html?id=8773259",
        "city_lat": 31.2638905,
        "city_lon": -98.5456116,
        "fetched_at": "2026-06-27T15:56:58.392950+00:00",
        "color": "#2d6a4f"
      }
    },
    {
      "type": "Feature",
      "geometry": {
        "type": "Point",
        "coordinates": [
          "-70.7411",
          "43.0797"
        ]
      },
      "properties": {
        "source": "NOAA",
        "site_id": "8419870",
        "site_name": "Seavey Island",
        "lat": "43.0797",
        "lon": "-70.7411",
        "stage_ft": 6.896,
        "stage_datetime": "2026-06-27 16:12",
        "tier": "normal",
        "action_stage": 12.16,
        "flood_stage": 13.16,
        "major_stage": 15.16,
        "url": "https://tidesandcurrents.noaa.gov/stationhome.html?id=8419870",
        "city_lat": 43.4849133,
        "city_lon": -71.6553992,
        "fetched_at": "2026-06-27T15:56:58.392950+00:00",
        "color": "#2d6a4f"
      }
    },
    {
      "type": "Feature",
      "geometry": {
        "type": "Point",
        "coordinates": [
          "-122.3393",
          "47.6026"
        ]
      },
      "properties": {
        "source": "NOAA",
        "site_id": "9447130",
        "site_name": "Seattle",
        "lat": "47.6026",
        "lon": "-122.3393",
        "stage_ft": 0.612,
        "stage_datetime": "2026-06-27 15:48",
        "tier": "normal",
        "action_stage": 20.3,
        "flood_stage": 21.3,
        "major_stage": 23.3,
        "url": "https://tidesandcurrents.noaa.gov/stationhome.html?id=9447130",
        "city_lat": 47.8012197,
        "city_lon": -120.6276904,
        "fetched_at": "2026-06-27T15:56:58.392950+00:00",
        "color": "#2d6a4f"
      }
    },
    {
      "type": "Feature",
      "geometry": {
        "type": "Point",
        "coordinates": [
          "-76.5783",
          "39.2667"
        ]
      },
      "properties": {
        "source": "NOAA",
        "site_id": "8574680",
        "site_name": "Baltimore",
        "lat": "39.2667",
        "lon": "-76.5783",
        "stage_ft": 1.0,
        "stage_datetime": "2026-06-27 15:48",
        "tier": "normal",
        "action_stage": 6.76,
        "flood_stage": 7.76,
        "major_stage": 9.76,
        "url": "https://tidesandcurrents.noaa.gov/stationhome.html?id=8574680",
        "city_lat": 39.962493,
        "city_lon": -76.7276989,
        "fetched_at": "2026-06-27T15:56:58.392950+00:00",
        "color": "#2d6a4f"
      }
    },
    {
      "type": "Feature",
      "geometry": {
        "type": "Point",
        "coordinates": [
          "-75.81",
          "39.5267"
        ]
      },
      "properties": {
        "source": "NOAA",
        "site_id": "8573927",
        "site_name": "Chesapeake City",
        "lat": "39.5267",
        "lon": "-75.81",
        "stage_ft": 2.408,
        "stage_datetime": "2026-06-27 16:18",
        "tier": "normal",
        "action_stage": 7.38,
        "flood_stage": 8.38,
        "major_stage": 10.38,
        "url": "https://tidesandcurrents.noaa.gov/stationhome.html?id=8573927",
        "city_lat": 40.08067,
        "city_lon": -76.2411283,
        "fetched_at": "2026-06-27T15:56:58.392950+00:00",
        "color": "#2d6a4f"
      }
    },
    {
      "type": "Feature",
      "geometry": {
        "type": "Point",
        "coordinates": [
          "-118.5",
          "34.0083"
        ]
      },
      "properties": {
        "source": "NOAA",
        "site_id": "9410840",
        "site_name": "Santa Monica",
        "lat": "34.0083",
        "lon": "-118.5",
        "stage_ft": 3.55,
        "stage_datetime": "2026-06-27 15:42",
        "tier": "normal",
        "action_stage": 8.87,
        "flood_stage": 9.87,
        "major_stage": 11.87,
        "url": "https://tidesandcurrents.noaa.gov/stationhome.html?id=9410840",
        "city_lat": 34.0005083,
        "city_lon": -118.159631,
        "fetched_at": "2026-06-27T15:56:58.392950+00:00",
        "color": "#2d6a4f"
      }
    },
    {
      "type": "Feature",
      "geometry": {
        "type": "Point",
        "coordinates": [
          "-93.8817",
          "29.98"
        ]
      },
      "properties": {
        "source": "NOAA",
        "site_id": "8770520",
        "site_name": "Rainbow Bridge",
        "lat": "29.98",
        "lon": "-93.8817",
        "stage_ft": 1.68,
        "stage_datetime": "2026-06-27 15:48",
        "tier": "normal",
        "action_stage": 5.82,
        "flood_stage": 6.82,
        "major_stage": 8.82,
        "url": "https://tidesandcurrents.noaa.gov/stationhome.html?id=8770520",
        "city_lat": 30.7485258,
        "city_lon": -94.000884,
        "fetched_at": "2026-06-27T15:56:58.392950+00:00",
        "color": "#2d6a4f"
      }
    },
    {
      "type": "Feature",
      "geometry": {
        "type": "Point",
        "coordinates": [
          "-70.7411",
          "43.0797"
        ]
      },
      "properties": {
        "source": "NOAA",
        "site_id": "8419870",
        "site_name": "Seavey Island",
        "lat": "43.0797",
        "lon": "-70.7411",
        "stage_ft": 6.896,
        "stage_datetime": "2026-06-27 16:12",
        "tier": "normal",
        "action_stage": 12.16,
        "flood_stage": 13.16,
        "major_stage": 15.16,
        "url": "https://tidesandcurrents.noaa.gov/stationhome.html?id=8419870",
        "city_lat": 43.4849133,
        "city_lon": -71.6553992,
        "fetched_at": "2026-06-27T15:56:58.392950+00:00",
        "color": "#2d6a4f"
      }
    },
    {
      "type": "Feature",
      "geometry": {
        "type": "Point",
        "coordinates": [
          "-96.6098",
          "28.6406"
        ]
      },
      "properties": {
        "source": "NOAA",
        "site_id": "8773259",
        "site_name": "Port Lavaca",
        "lat": "28.6406",
        "lon": "-96.6098",
        "stage_ft": 1.302,
        "stage_datetime": "2026-06-27 15:48",
        "tier": "normal",
        "action_stage": 4.9,
        "flood_stage": 5.9,
        "major_stage": 7.9,
        "url": "https://tidesandcurrents.noaa.gov/stationhome.html?id=8773259",
        "city_lat": 31.2638905,
        "city_lon": -98.5456116,
        "fetched_at": "2026-06-27T15:56:58.392950+00:00",
        "color": "#2d6a4f"
      }
    },
    {
      "type": "Feature",
      "geometry": {
        "type": "Point",
        "coordinates": [
          "-95.2658",
          "29.7263"
        ]
      },
      "properties": {
        "source": "NOAA",
        "site_id": "8770777",
        "site_name": "Manchester",
        "lat": "29.7263",
        "lon": "-95.2658",
        "stage_ft": 1.943,
        "stage_datetime": "2026-06-27 15:48",
        "tier": "normal",
        "action_stage": 8.14,
        "flood_stage": 9.14,
        "major_stage": 11.14,
        "url": "https://tidesandcurrents.noaa.gov/stationhome.html?id=8770777",
        "city_lat": 33.1838787,
        "city_lon": -97.1413417,
        "fetched_at": "2026-06-27T15:56:58.392950+00:00",
        "color": "#2d6a4f"
      }
    },
    {
      "type": "Feature",
      "geometry": {
        "type": "Point",
        "coordinates": [
          "-97.2853",
          "26.2624"
        ]
      },
      "properties": {
        "source": "NOAA",
        "site_id": "8779280",
        "site_name": "Realitos Peninsula",
        "lat": "26.2624",
        "lon": "-97.2853",
        "stage_ft": 1.066,
        "stage_datetime": "2026-06-27 16:06",
        "tier": "normal",
        "action_stage": 17.18,
        "flood_stage": 18.18,
        "major_stage": 20.18,
        "url": "https://tidesandcurrents.noaa.gov/stationhome.html?id=8779280",
        "city_lat": 26.1488926,
        "city_lon": -97.8303536,
        "fetched_at": "2026-06-27T15:56:58.392950+00:00",
        "color": "#2d6a4f"
      }
    },
    {
      "type": "Feature",
      "geometry": {
        "type": "Point",
        "coordinates": [
          "-95.2658",
          "29.7263"
        ]
      },
      "properties": {
        "source": "NOAA",
        "site_id": "8770777",
        "site_name": "Manchester",
        "lat": "29.7263",
        "lon": "-95.2658",
        "stage_ft": 1.943,
        "stage_datetime": "2026-06-27 15:48",
        "tier": "normal",
        "action_stage": 8.14,
        "flood_stage": 9.14,
        "major_stage": 11.14,
        "url": "https://tidesandcurrents.noaa.gov/stationhome.html?id=8770777",
        "city_lat": 31.8390826,
        "city_lon": -95.1791849,
        "fetched_at": "2026-06-27T15:56:58.392950+00:00",
        "color": "#2d6a4f"
      }
    },
    {
      "type": "Feature",
      "geometry": {
        "type": "Point",
        "coordinates": [
          "-95.2658",
          "29.7263"
        ]
      },
      "properties": {
        "source": "NOAA",
        "site_id": "8770777",
        "site_name": "Manchester",
        "lat": "29.7263",
        "lon": "-95.2658",
        "stage_ft": 1.943,
        "stage_datetime": "2026-06-27 15:48",
        "tier": "normal",
        "action_stage": 8.14,
        "flood_stage": 9.14,
        "major_stage": 11.14,
        "url": "https://tidesandcurrents.noaa.gov/stationhome.html?id=8770777",
        "city_lat": 33.6856157,
        "city_lon": -98.2123296,
        "fetched_at": "2026-06-27T15:56:58.392950+00:00",
        "color": "#2d6a4f"
      }
    },
    {
      "type": "Feature",
      "geometry": {
        "type": "Point",
        "coordinates": [
          "-88.0736",
          "30.7819"
        ]
      },
      "properties": {
        "source": "NOAA",
        "site_id": "8737138",
        "site_name": "Chickasaw Creek",
        "lat": "30.7819",
        "lon": "-88.0736",
        "stage_ft": 2.516,
        "stage_datetime": "2026-06-27 15:48",
        "tier": "normal",
        "action_stage": 27.3,
        "flood_stage": 28.3,
        "major_stage": 30.3,
        "url": "https://tidesandcurrents.noaa.gov/stationhome.html?id=8737138",
        "city_lat": 32.9715285,
        "city_lon": -89.7348497,
        "fetched_at": "2026-06-27T15:56:58.392950+00:00",
        "color": "#2d6a4f"
      }
    },
    {
      "type": "Feature",
      "geometry": {
        "type": "Point",
        "coordinates": [
          "-74.0142",
          "40.7006"
        ]
      },
      "properties": {
        "source": "NOAA",
        "site_id": "8518750",
        "site_name": "The Battery",
        "lat": "40.7006",
        "lon": "-74.0142",
        "stage_ft": 1.821,
        "stage_datetime": "2026-06-27 15:48",
        "tier": "normal",
        "action_stage": 9.34,
        "flood_stage": 10.34,
        "major_stage": 12.34,
        "url": "https://tidesandcurrents.noaa.gov/stationhome.html?id=8518750",
        "city_lat": 40.7381635,
        "city_lon": -74.0550731,
        "fetched_at": "2026-06-27T15:56:58.392950+00:00",
        "color": "#2d6a4f"
      }
    },
    {
      "type": "Feature",
      "geometry": {
        "type": "Point",
        "coordinates": [
          "-76.5783",
          "39.2667"
        ]
      },
      "properties": {
        "source": "NOAA",
        "site_id": "8574680",
        "site_name": "Baltimore",
        "lat": "39.2667",
        "lon": "-76.5783",
        "stage_ft": 1.0,
        "stage_datetime": "2026-06-27 15:48",
        "tier": "normal",
        "action_stage": 6.76,
        "flood_stage": 7.76,
        "major_stage": 9.76,
        "url": "https://tidesandcurrents.noaa.gov/stationhome.html?id=8574680",
        "city_lat": 39.962493,
        "city_lon": -76.7276989,
        "fetched_at": "2026-06-27T15:56:58.392950+00:00",
        "color": "#2d6a4f"
      }
    },
    {
      "type": "Feature",
      "geometry": {
        "type": "Point",
        "coordinates": [
          "-95.2658",
          "29.7263"
        ]
      },
      "properties": {
        "source": "NOAA",
        "site_id": "8770777",
        "site_name": "Manchester",
        "lat": "29.7263",
        "lon": "-95.2658",
        "stage_ft": 1.943,
        "stage_datetime": "2026-06-27 15:48",
        "tier": "normal",
        "action_stage": 8.14,
        "flood_stage": 9.14,
        "major_stage": 11.14,
        "url": "https://tidesandcurrents.noaa.gov/stationhome.html?id=8770777",
        "city_lat": 32.182598,
        "city_lon": -95.7893178,
        "fetched_at": "2026-06-27T15:56:58.392950+00:00",
        "color": "#2d6a4f"
      }
    },
    {
      "type": "Feature",
      "geometry": {
        "type": "Point",
        "coordinates": [
          "-93.8817",
          "29.98"
        ]
      },
      "properties": {
        "source": "NOAA",
        "site_id": "8770520",
        "site_name": "Rainbow Bridge",
        "lat": "29.98",
        "lon": "-93.8817",
        "stage_ft": 1.68,
        "stage_datetime": "2026-06-27 15:48",
        "tier": "normal",
        "action_stage": 5.82,
        "flood_stage": 6.82,
        "major_stage": 8.82,
        "url": "https://tidesandcurrents.noaa.gov/stationhome.html?id=8770520",
        "city_lat": 30.7485258,
        "city_lon": -94.000884,
        "fetched_at": "2026-06-27T15:56:58.392950+00:00",
        "color": "#2d6a4f"
      }
    },
    {
      "type": "Feature",
      "geometry": {
        "type": "Point",
        "coordinates": [
          "-97.5207",
          "27.8461"
        ]
      },
      "properties": {
        "source": "NOAA",
        "site_id": "8775222",
        "site_name": "Viola Turning Basin",
        "lat": "27.8461",
        "lon": "-97.5207",
        "stage_ft": 0.922,
        "stage_datetime": "2026-06-27 15:48",
        "tier": "normal",
        "action_stage": 28.69,
        "flood_stage": 29.69,
        "major_stage": 31.69,
        "url": "https://tidesandcurrents.noaa.gov/stationhome.html?id=8775222",
        "city_lat": 29.4246002,
        "city_lon": -98.4951405,
        "fetched_at": "2026-06-27T15:56:58.392950+00:00",
        "color": "#2d6a4f"
      }
    },
    {
      "type": "Feature",
      "geometry": {
        "type": "Point",
        "coordinates": [
          "-97.5207",
          "27.8461"
        ]
      },
      "properties": {
        "source": "NOAA",
        "site_id": "8775222",
        "site_name": "Viola Turning Basin",
        "lat": "27.8461",
        "lon": "-97.5207",
        "stage_ft": 0.922,
        "stage_datetime": "2026-06-27 15:48",
        "tier": "normal",
        "action_stage": 28.69,
        "flood_stage": 29.69,
        "major_stage": 31.69,
        "url": "https://tidesandcurrents.noaa.gov/stationhome.html?id=8775222",
        "city_lat": 29.4246002,
        "city_lon": -98.4951405,
        "fetched_at": "2026-06-27T15:56:58.392950+00:00",
        "color": "#2d6a4f"
      }
    },
    {
      "type": "Feature",
      "geometry": {
        "type": "Point",
        "coordinates": [
          "-97.5207",
          "27.8461"
        ]
      },
      "properties": {
        "source": "NOAA",
        "site_id": "8775222",
        "site_name": "Viola Turning Basin",
        "lat": "27.8461",
        "lon": "-97.5207",
        "stage_ft": 0.922,
        "stage_datetime": "2026-06-27 15:48",
        "tier": "normal",
        "action_stage": 28.69,
        "flood_stage": 29.69,
        "major_stage": 31.69,
        "url": "https://tidesandcurrents.noaa.gov/stationhome.html?id=8775222",
        "city_lat": 29.4246002,
        "city_lon": -98.4951405,
        "fetched_at": "2026-06-27T15:56:58.392950+00:00",
        "color": "#2d6a4f"
      }
    },
    {
      "type": "Feature",
      "geometry": {
        "type": "Point",
        "coordinates": [
          "-97.5207",
          "27.8461"
        ]
      },
      "properties": {
        "source": "NOAA",
        "site_id": "8775222",
        "site_name": "Viola Turning Basin",
        "lat": "27.8461",
        "lon": "-97.5207",
        "stage_ft": 0.922,
        "stage_datetime": "2026-06-27 15:48",
        "tier": "normal",
        "action_stage": 28.69,
        "flood_stage": 29.69,
        "major_stage": 31.69,
        "url": "https://tidesandcurrents.noaa.gov/stationhome.html?id=8775222",
        "city_lat": 29.4263987,
        "city_lon": -98.5104781,
        "fetched_at": "2026-06-27T15:56:58.392950+00:00",
        "color": "#2d6a4f"
      }
    },
    {
      "type": "Feature",
      "geometry": {
        "type": "Point",
        "coordinates": [
          "-96.6098",
          "28.6406"
        ]
      },
      "properties": {
        "source": "NOAA",
        "site_id": "8773259",
        "site_name": "Port Lavaca",
        "lat": "28.6406",
        "lon": "-96.6098",
        "stage_ft": 1.302,
        "stage_datetime": "2026-06-27 15:48",
        "tier": "normal",
        "action_stage": 4.9,
        "flood_stage": 5.9,
        "major_stage": 7.9,
        "url": "https://tidesandcurrents.noaa.gov/stationhome.html?id=8773259",
        "city_lat": 31.2638905,
        "city_lon": -98.5456116,
        "fetched_at": "2026-06-27T15:56:58.392950+00:00",
        "color": "#2d6a4f"
      }
    },
    {
      "type": "Feature",
      "geometry": {
        "type": "Point",
        "coordinates": [
          "-97.5207",
          "27.8461"
        ]
      },
      "properties": {
        "source": "NOAA",
        "site_id": "8775222",
        "site_name": "Viola Turning Basin",
        "lat": "27.8461",
        "lon": "-97.5207",
        "stage_ft": 0.922,
        "stage_datetime": "2026-06-27 15:48",
        "tier": "normal",
        "action_stage": 28.69,
        "flood_stage": 29.69,
        "major_stage": 31.69,
        "url": "https://tidesandcurrents.noaa.gov/stationhome.html?id=8775222",
        "city_lat": 29.4246002,
        "city_lon": -98.4951405,
        "fetched_at": "2026-06-27T15:56:58.392950+00:00",
        "color": "#2d6a4f"
      }
    },
    {
      "type": "Feature",
      "geometry": {
        "type": "Point",
        "coordinates": [
          "-97.5207",
          "27.8461"
        ]
      },
      "properties": {
        "source": "NOAA",
        "site_id": "8775222",
        "site_name": "Viola Turning Basin",
        "lat": "27.8461",
        "lon": "-97.5207",
        "stage_ft": 0.922,
        "stage_datetime": "2026-06-27 15:48",
        "tier": "normal",
        "action_stage": 28.69,
        "flood_stage": 29.69,
        "major_stage": 31.69,
        "url": "https://tidesandcurrents.noaa.gov/stationhome.html?id=8775222",
        "city_lat": 29.4263987,
        "city_lon": -98.5104781,
        "fetched_at": "2026-06-27T15:56:58.392950+00:00",
        "color": "#2d6a4f"
      }
    },
    {
      "type": "Feature",
      "geometry": {
        "type": "Point",
        "coordinates": [
          "-97.5207",
          "27.8461"
        ]
      },
      "properties": {
        "source": "NOAA",
        "site_id": "8775222",
        "site_name": "Viola Turning Basin",
        "lat": "27.8461",
        "lon": "-97.5207",
        "stage_ft": 0.922,
        "stage_datetime": "2026-06-27 15:48",
        "tier": "normal",
        "action_stage": 28.69,
        "flood_stage": 29.69,
        "major_stage": 31.69,
        "url": "https://tidesandcurrents.noaa.gov/stationhome.html?id=8775222",
        "city_lat": 29.2836281,
        "city_lon": -99.1126826,
        "fetched_at": "2026-06-27T15:56:58.392950+00:00",
        "color": "#2d6a4f"
      }
    },
    {
      "type": "Feature",
      "geometry": {
        "type": "Point",
        "coordinates": [
          "-96.6098",
          "28.6406"
        ]
      },
      "properties": {
        "source": "NOAA",
        "site_id": "8773259",
        "site_name": "Port Lavaca",
        "lat": "28.6406",
        "lon": "-96.6098",
        "stage_ft": 1.302,
        "stage_datetime": "2026-06-27 15:48",
        "tier": "normal",
        "action_stage": 4.9,
        "flood_stage": 5.9,
        "major_stage": 7.9,
        "url": "https://tidesandcurrents.noaa.gov/stationhome.html?id=8773259",
        "city_lat": 29.943885,
        "city_lon": -98.7258845,
        "fetched_at": "2026-06-27T15:56:58.392950+00:00",
        "color": "#2d6a4f"
      }
    },
    {
      "type": "Feature",
      "geometry": {
        "type": "Point",
        "coordinates": [
          "-97.5207",
          "27.8461"
        ]
      },
      "properties": {
        "source": "NOAA",
        "site_id": "8775222",
        "site_name": "Viola Turning Basin",
        "lat": "27.8461",
        "lon": "-97.5207",
        "stage_ft": 0.922,
        "stage_datetime": "2026-06-27 15:48",
        "tier": "normal",
        "action_stage": 28.69,
        "flood_stage": 29.69,
        "major_stage": 31.69,
        "url": "https://tidesandcurrents.noaa.gov/stationhome.html?id=8775222",
        "city_lat": 31.7601001,
        "city_lon": -106.4870476,
        "fetched_at": "2026-06-27T15:56:58.392950+00:00",
        "color": "#2d6a4f"
      }
    },
    {
      "type": "Feature",
      "geometry": {
        "type": "Point",
        "coordinates": [
          "-97.5207",
          "27.8461"
        ]
      },
      "properties": {
        "source": "NOAA",
        "site_id": "8775222",
        "site_name": "Viola Turning Basin",
        "lat": "27.8461",
        "lon": "-97.5207",
        "stage_ft": 0.922,
        "stage_datetime": "2026-06-27 15:48",
        "tier": "normal",
        "action_stage": 28.69,
        "flood_stage": 29.69,
        "major_stage": 31.69,
        "url": "https://tidesandcurrents.noaa.gov/stationhome.html?id=8775222",
        "city_lat": 31.796496,
        "city_lon": -106.579989,
        "fetched_at": "2026-06-27T15:56:58.392950+00:00",
        "color": "#2d6a4f"
      }
    },
    {
      "type": "Feature",
      "geometry": {
        "type": "Point",
        "coordinates": [
          "-97.5207",
          "27.8461"
        ]
      },
      "properties": {
        "source": "NOAA",
        "site_id": "8775222",
        "site_name": "Viola Turning Basin",
        "lat": "27.8461",
        "lon": "-97.5207",
        "stage_ft": 0.922,
        "stage_datetime": "2026-06-27 15:48",
        "tier": "normal",
        "action_stage": 28.69,
        "flood_stage": 29.69,
        "major_stage": 31.69,
        "url": "https://tidesandcurrents.noaa.gov/stationhome.html?id=8775222",
        "city_lat": 32.2463821,
        "city_lon": -106.3742617,
        "fetched_at": "2026-06-27T15:56:58.392950+00:00",
        "color": "#2d6a4f"
      }
    },
    {
      "type": "Feature",
      "geometry": {
        "type": "Point",
        "coordinates": [
          "-97.5207",
          "27.8461"
        ]
      },
      "properties": {
        "source": "NOAA",
        "site_id": "8775222",
        "site_name": "Viola Turning Basin",
        "lat": "27.8461",
        "lon": "-97.5207",
        "stage_ft": 0.922,
        "stage_datetime": "2026-06-27 15:48",
        "tier": "normal",
        "action_stage": 28.69,
        "flood_stage": 29.69,
        "major_stage": 31.69,
        "url": "https://tidesandcurrents.noaa.gov/stationhome.html?id=8775222",
        "city_lat": 30.961523,
        "city_lon": -105.4394002,
        "fetched_at": "2026-06-27T15:56:58.392950+00:00",
        "color": "#2d6a4f"
      }
    },
    {
      "type": "Feature",
      "geometry": {
        "type": "Point",
        "coordinates": [
          "-96.6098",
          "28.6406"
        ]
      },
      "properties": {
        "source": "NOAA",
        "site_id": "8773259",
        "site_name": "Port Lavaca",
        "lat": "28.6406",
        "lon": "-96.6098",
        "stage_ft": 1.302,
        "stage_datetime": "2026-06-27 15:48",
        "tier": "normal",
        "action_stage": 4.9,
        "flood_stage": 5.9,
        "major_stage": 7.9,
        "url": "https://tidesandcurrents.noaa.gov/stationhome.html?id=8773259",
        "city_lat": 29.6405786,
        "city_lon": -98.617648,
        "fetched_at": "2026-06-27T15:56:58.392950+00:00",
        "color": "#2d6a4f"
      }
    },
    {
      "type": "Feature",
      "geometry": {
        "type": "Point",
        "coordinates": [
          "-93.8817",
          "29.98"
        ]
      },
      "properties": {
        "source": "NOAA",
        "site_id": "8770520",
        "site_name": "Rainbow Bridge",
        "lat": "29.98",
        "lon": "-93.8817",
        "stage_ft": 1.68,
        "stage_datetime": "2026-06-27 15:48",
        "tier": "normal",
        "action_stage": 5.82,
        "flood_stage": 6.82,
        "major_stage": 8.82,
        "url": "https://tidesandcurrents.noaa.gov/stationhome.html?id=8770520",
        "city_lat": 31.4274044,
        "city_lon": -94.8085436,
        "fetched_at": "2026-06-27T15:56:58.392950+00:00",
        "color": "#2d6a4f"
      }
    },
    {
      "type": "Feature",
      "geometry": {
        "type": "Point",
        "coordinates": [
          "-118.5",
          "34.0083"
        ]
      },
      "properties": {
        "source": "NOAA",
        "site_id": "9410840",
        "site_name": "Santa Monica",
        "lat": "34.0083",
        "lon": "-118.5",
        "stage_ft": 3.55,
        "stage_datetime": "2026-06-27 15:42",
        "tier": "normal",
        "action_stage": 8.87,
        "flood_stage": 9.87,
        "major_stage": 11.87,
        "url": "https://tidesandcurrents.noaa.gov/stationhome.html?id=9410840",
        "city_lat": 39.4225192,
        "city_lon": -111.714358,
        "fetched_at": "2026-06-27T15:56:58.392950+00:00",
        "color": "#2d6a4f"
      }
    },
    {
      "type": "Feature",
      "geometry": {
        "type": "Point",
        "coordinates": [
          "-96.6098",
          "28.6406"
        ]
      },
      "properties": {
        "source": "NOAA",
        "site_id": "8773259",
        "site_name": "Port Lavaca",
        "lat": "28.6406",
        "lon": "-96.6098",
        "stage_ft": 1.302,
        "stage_datetime": "2026-06-27 15:48",
        "tier": "normal",
        "action_stage": 4.9,
        "flood_stage": 5.9,
        "major_stage": 7.9,
        "url": "https://tidesandcurrents.noaa.gov/stationhome.html?id=8773259",
        "city_lat": 30.2711286,
        "city_lon": -97.7436995,
        "fetched_at": "2026-06-27T15:56:58.392950+00:00",
        "color": "#2d6a4f"
      }
    },
    {
      "type": "Feature",
      "geometry": {
        "type": "Point",
        "coordinates": [
          "-97.5207",
          "27.8461"
        ]
      },
      "properties": {
        "source": "NOAA",
        "site_id": "8775222",
        "site_name": "Viola Turning Basin",
        "lat": "27.8461",
        "lon": "-97.5207",
        "stage_ft": 0.922,
        "stage_datetime": "2026-06-27 15:48",
        "tier": "normal",
        "action_stage": 28.69,
        "flood_stage": 29.69,
        "major_stage": 31.69,
        "url": "https://tidesandcurrents.noaa.gov/stationhome.html?id=8775222",
        "city_lat": 29.4246002,
        "city_lon": -98.4951405,
        "fetched_at": "2026-06-27T15:56:58.392950+00:00",
        "color": "#2d6a4f"
      }
    },
    {
      "type": "Feature",
      "geometry": {
        "type": "Point",
        "coordinates": [
          "-118.5",
          "34.0083"
        ]
      },
      "properties": {
        "source": "NOAA",
        "site_id": "9410840",
        "site_name": "Santa Monica",
        "lat": "34.0083",
        "lon": "-118.5",
        "stage_ft": 3.55,
        "stage_datetime": "2026-06-27 15:42",
        "tier": "normal",
        "action_stage": 8.87,
        "flood_stage": 9.87,
        "major_stage": 11.87,
        "url": "https://tidesandcurrents.noaa.gov/stationhome.html?id=9410840",
        "city_lat": 39.4225192,
        "city_lon": -111.714358,
        "fetched_at": "2026-06-27T15:56:58.392950+00:00",
        "color": "#2d6a4f"
      }
    },
    {
      "type": "Feature",
      "geometry": {
        "type": "Point",
        "coordinates": [
          "-71.0503",
          "42.3539"
        ]
      },
      "properties": {
        "source": "NOAA",
        "site_id": "8443970",
        "site_name": "Boston",
        "lat": "42.3539",
        "lon": "-71.0503",
        "stage_ft": 8.316,
        "stage_datetime": "2026-06-27 15:54",
        "tier": "normal",
        "action_stage": 14.8,
        "flood_stage": 15.8,
        "major_stage": 17.8,
        "url": "https://tidesandcurrents.noaa.gov/stationhome.html?id=8443970",
        "city_lat": 42.3588336,
        "city_lon": -71.0578303,
        "fetched_at": "2026-06-27T15:56:58.392950+00:00",
        "color": "#2d6a4f"
      }
    },
    {
      "type": "Feature",
      "geometry": {
        "type": "Point",
        "coordinates": [
          "-118.5",
          "34.0083"
        ]
      },
      "properties": {
        "source": "NOAA",
        "site_id": "9410840",
        "site_name": "Santa Monica",
        "lat": "34.0083",
        "lon": "-118.5",
        "stage_ft": 3.55,
        "stage_datetime": "2026-06-27 15:42",
        "tier": "normal",
        "action_stage": 8.87,
        "flood_stage": 9.87,
        "major_stage": 11.87,
        "url": "https://tidesandcurrents.noaa.gov/stationhome.html?id=9410840",
        "city_lat": 34.0298253,
        "city_lon": -118.8419824,
        "fetched_at": "2026-06-27T15:56:58.392950+00:00",
        "color": "#2d6a4f"
      }
    },
    {
      "type": "Feature",
      "geometry": {
        "type": "Point",
        "coordinates": [
          "-122.0395",
          "38.056"
        ]
      },
      "properties": {
        "source": "NOAA",
        "site_id": "9415144",
        "site_name": "Port Chicago",
        "lat": "38.056",
        "lon": "-122.0395",
        "stage_ft": 0.519,
        "stage_datetime": "2026-06-27 16:18",
        "tier": "normal",
        "action_stage": 9.9,
        "flood_stage": 10.9,
        "major_stage": 12.9,
        "url": "https://tidesandcurrents.noaa.gov/stationhome.html?id=9415144",
        "city_lat": 38.0,
        "city_lon": -121.4,
        "fetched_at": "2026-06-27T15:56:58.392950+00:00",
        "color": "#2d6a4f"
      }
    },
    {
      "type": "Feature",
      "geometry": {
        "type": "Point",
        "coordinates": [
          "-75.1193",
          "38.7828"
        ]
      },
      "properties": {
        "source": "NOAA",
        "site_id": "8557380",
        "site_name": "Lewes",
        "lat": "38.7828",
        "lon": "-75.1193",
        "stage_ft": 1.299,
        "stage_datetime": "2026-06-27 16:18",
        "tier": "normal",
        "action_stage": 8.43,
        "flood_stage": 9.43,
        "major_stage": 11.43,
        "url": "https://tidesandcurrents.noaa.gov/stationhome.html?id=8557380",
        "city_lat": 38.6898781,
        "city_lon": -75.3595655,
        "fetched_at": "2026-06-27T15:56:58.392950+00:00",
        "color": "#2d6a4f"
      }
    },
    {
      "type": "Feature",
      "geometry": {
        "type": "Point",
        "coordinates": [
          "-118.5",
          "34.0083"
        ]
      },
      "properties": {
        "source": "NOAA",
        "site_id": "9410840",
        "site_name": "Santa Monica",
        "lat": "34.0083",
        "lon": "-118.5",
        "stage_ft": 3.55,
        "stage_datetime": "2026-06-27 15:42",
        "tier": "normal",
        "action_stage": 8.87,
        "flood_stage": 9.87,
        "major_stage": 11.87,
        "url": "https://tidesandcurrents.noaa.gov/stationhome.html?id=9410840",
        "city_lat": 34.035591,
        "city_lon": -118.689423,
        "fetched_at": "2026-06-27T15:56:58.392950+00:00",
        "color": "#2d6a4f"
      }
    },
    {
      "type": "Feature",
      "geometry": {
        "type": "Point",
        "coordinates": [
          "-80.903",
          "32.0347"
        ]
      },
      "properties": {
        "source": "NOAA",
        "site_id": "8670870",
        "site_name": "Fort Pulaski",
        "lat": "32.0347",
        "lon": "-80.903",
        "stage_ft": 1.116,
        "stage_datetime": "2026-06-27 15:48",
        "tier": "normal",
        "action_stage": 12.0,
        "flood_stage": 13.0,
        "major_stage": 15.0,
        "url": "https://tidesandcurrents.noaa.gov/stationhome.html?id=8670870",
        "city_lat": 32.4239975,
        "city_lon": -82.9388938,
        "fetched_at": "2026-06-27T15:56:58.392950+00:00",
        "color": "#2d6a4f"
      }
    },
    {
      "type": "Feature",
      "geometry": {
        "type": "Point",
        "coordinates": [
          "-96.6098",
          "28.6406"
        ]
      },
      "properties": {
        "source": "NOAA",
        "site_id": "8773259",
        "site_name": "Port Lavaca",
        "lat": "28.6406",
        "lon": "-96.6098",
        "stage_ft": 1.302,
        "stage_datetime": "2026-06-27 15:48",
        "tier": "normal",
        "action_stage": 4.9,
        "flood_stage": 5.9,
        "major_stage": 7.9,
        "url": "https://tidesandcurrents.noaa.gov/stationhome.html?id=8773259",
        "city_lat": 30.2878569,
        "city_lon": -97.7561392,
        "fetched_at": "2026-06-27T15:56:58.392950+00:00",
        "color": "#2d6a4f"
      }
    },
    {
      "type": "Feature",
      "geometry": {
        "type": "Point",
        "coordinates": [
          "-97.0217",
          "28.1183"
        ]
      },
      "properties": {
        "source": "NOAA",
        "site_id": "8774513",
        "site_name": "Copano Bay",
        "lat": "28.1183",
        "lon": "-97.0217",
        "stage_ft": 0.682,
        "stage_datetime": "2026-06-27 16:12",
        "tier": "normal",
        "action_stage": 6.6,
        "flood_stage": 7.6,
        "major_stage": 9.6,
        "url": "https://tidesandcurrents.noaa.gov/stationhome.html?id=8774513",
        "city_lat": 28.8782341,
        "city_lon": -97.7547964,
        "fetched_at": "2026-06-27T15:56:58.392950+00:00",
        "color": "#2d6a4f"
      }
    },
    {
      "type": "Feature",
      "geometry": {
        "type": "Point",
        "coordinates": [
          "-95.2658",
          "29.7263"
        ]
      },
      "properties": {
        "source": "NOAA",
        "site_id": "8770777",
        "site_name": "Manchester",
        "lat": "29.7263",
        "lon": "-95.2658",
        "stage_ft": 1.943,
        "stage_datetime": "2026-06-27 15:48",
        "tier": "normal",
        "action_stage": 8.14,
        "flood_stage": 9.14,
        "major_stage": 11.14,
        "url": "https://tidesandcurrents.noaa.gov/stationhome.html?id=8770777",
        "city_lat": 29.7589382,
        "city_lon": -95.3676974,
        "fetched_at": "2026-06-27T15:56:58.392950+00:00",
        "color": "#2d6a4f"
      }
    },
    {
      "type": "Feature",
      "geometry": {
        "type": "Point",
        "coordinates": [
          "-97.5207",
          "27.8461"
        ]
      },
      "properties": {
        "source": "NOAA",
        "site_id": "8775222",
        "site_name": "Viola Turning Basin",
        "lat": "27.8461",
        "lon": "-97.5207",
        "stage_ft": 0.922,
        "stage_datetime": "2026-06-27 15:48",
        "tier": "normal",
        "action_stage": 28.69,
        "flood_stage": 29.69,
        "major_stage": 31.69,
        "url": "https://tidesandcurrents.noaa.gov/stationhome.html?id=8775222",
        "city_lat": 29.4246002,
        "city_lon": -98.4951405,
        "fetched_at": "2026-06-27T15:56:58.392950+00:00",
        "color": "#2d6a4f"
      }
    },
    {
      "type": "Feature",
      "geometry": {
        "type": "Point",
        "coordinates": [
          "-96.6098",
          "28.6406"
        ]
      },
      "properties": {
        "source": "NOAA",
        "site_id": "8773259",
        "site_name": "Port Lavaca",
        "lat": "28.6406",
        "lon": "-96.6098",
        "stage_ft": 1.302,
        "stage_datetime": "2026-06-27 15:48",
        "tier": "normal",
        "action_stage": 4.9,
        "flood_stage": 5.9,
        "major_stage": 7.9,
        "url": "https://tidesandcurrents.noaa.gov/stationhome.html?id=8773259",
        "city_lat": 31.2638905,
        "city_lon": -98.5456116,
        "fetched_at": "2026-06-27T15:56:58.392950+00:00",
        "color": "#2d6a4f"
      }
    },
    {
      "type": "Feature",
      "geometry": {
        "type": "Point",
        "coordinates": [
          "-88.0736",
          "30.7819"
        ]
      },
      "properties": {
        "source": "NOAA",
        "site_id": "8737138",
        "site_name": "Chickasaw Creek",
        "lat": "30.7819",
        "lon": "-88.0736",
        "stage_ft": 2.516,
        "stage_datetime": "2026-06-27 15:48",
        "tier": "normal",
        "action_stage": 27.3,
        "flood_stage": 28.3,
        "major_stage": 30.3,
        "url": "https://tidesandcurrents.noaa.gov/stationhome.html?id=8737138",
        "city_lat": 32.9715285,
        "city_lon": -89.7348497,
        "fetched_at": "2026-06-27T15:56:58.392950+00:00",
        "color": "#2d6a4f"
      }
    },
    {
      "type": "Feature",
      "geometry": {
        "type": "Point",
        "coordinates": [
          "-97.5207",
          "27.8461"
        ]
      },
      "properties": {
        "source": "NOAA",
        "site_id": "8775222",
        "site_name": "Viola Turning Basin",
        "lat": "27.8461",
        "lon": "-97.5207",
        "stage_ft": 0.922,
        "stage_datetime": "2026-06-27 15:48",
        "tier": "normal",
        "action_stage": 28.69,
        "flood_stage": 29.69,
        "major_stage": 31.69,
        "url": "https://tidesandcurrents.noaa.gov/stationhome.html?id=8775222",
        "city_lat": 29.4246002,
        "city_lon": -98.4951405,
        "fetched_at": "2026-06-27T15:56:58.392950+00:00",
        "color": "#2d6a4f"
      }
    },
    {
      "type": "Feature",
      "geometry": {
        "type": "Point",
        "coordinates": [
          "-96.6098",
          "28.6406"
        ]
      },
      "properties": {
        "source": "NOAA",
        "site_id": "8773259",
        "site_name": "Port Lavaca",
        "lat": "28.6406",
        "lon": "-96.6098",
        "stage_ft": 1.302,
        "stage_datetime": "2026-06-27 15:48",
        "tier": "normal",
        "action_stage": 4.9,
        "flood_stage": 5.9,
        "major_stage": 7.9,
        "url": "https://tidesandcurrents.noaa.gov/stationhome.html?id=8773259",
        "city_lat": 31.2638905,
        "city_lon": -98.5456116,
        "fetched_at": "2026-06-27T15:56:58.392950+00:00",
        "color": "#2d6a4f"
      }
    },
    {
      "type": "Feature",
      "geometry": {
        "type": "Point",
        "coordinates": [
          "-88.0736",
          "30.7819"
        ]
      },
      "properties": {
        "source": "NOAA",
        "site_id": "8737138",
        "site_name": "Chickasaw Creek",
        "lat": "30.7819",
        "lon": "-88.0736",
        "stage_ft": 2.516,
        "stage_datetime": "2026-06-27 15:48",
        "tier": "normal",
        "action_stage": 27.3,
        "flood_stage": 28.3,
        "major_stage": 30.3,
        "url": "https://tidesandcurrents.noaa.gov/stationhome.html?id=8737138",
        "city_lat": 32.9715285,
        "city_lon": -89.7348497,
        "fetched_at": "2026-06-27T15:56:58.392950+00:00",
        "color": "#2d6a4f"
      }
    },
    {
      "type": "Feature",
      "geometry": {
        "type": "Point",
        "coordinates": [
          "-88.0736",
          "30.7819"
        ]
      },
      "properties": {
        "source": "NOAA",
        "site_id": "8737138",
        "site_name": "Chickasaw Creek",
        "lat": "30.7819",
        "lon": "-88.0736",
        "stage_ft": 2.516,
        "stage_datetime": "2026-06-27 15:48",
        "tier": "normal",
        "action_stage": 27.3,
        "flood_stage": 28.3,
        "major_stage": 30.3,
        "url": "https://tidesandcurrents.noaa.gov/stationhome.html?id=8737138",
        "city_lat": 32.9715285,
        "city_lon": -89.7348497,
        "fetched_at": "2026-06-27T15:56:58.392950+00:00",
        "color": "#2d6a4f"
      }
    },
    {
      "type": "Feature",
      "geometry": {
        "type": "Point",
        "coordinates": [
          "-93.8817",
          "29.98"
        ]
      },
      "properties": {
        "source": "NOAA",
        "site_id": "8770520",
        "site_name": "Rainbow Bridge",
        "lat": "29.98",
        "lon": "-93.8817",
        "stage_ft": 1.68,
        "stage_datetime": "2026-06-27 15:48",
        "tier": "normal",
        "action_stage": 5.82,
        "flood_stage": 6.82,
        "major_stage": 8.82,
        "url": "https://tidesandcurrents.noaa.gov/stationhome.html?id=8770520",
        "city_lat": 32.051377,
        "city_lon": -94.7906553,
        "fetched_at": "2026-06-27T15:56:58.392950+00:00",
        "color": "#2d6a4f"
      }
    },
    {
      "type": "Feature",
      "geometry": {
        "type": "Point",
        "coordinates": [
          "-96.6098",
          "28.6406"
        ]
      },
      "properties": {
        "source": "NOAA",
        "site_id": "8773259",
        "site_name": "Port Lavaca",
        "lat": "28.6406",
        "lon": "-96.6098",
        "stage_ft": 1.302,
        "stage_datetime": "2026-06-27 15:48",
        "tier": "normal",
        "action_stage": 4.9,
        "flood_stage": 5.9,
        "major_stage": 7.9,
        "url": "https://tidesandcurrents.noaa.gov/stationhome.html?id=8773259",
        "city_lat": 31.2638905,
        "city_lon": -98.5456116,
        "fetched_at": "2026-06-27T15:56:58.392950+00:00",
        "color": "#2d6a4f"
      }
    },
    {
      "type": "Feature",
      "geometry": {
        "type": "Point",
        "coordinates": [
          "-97.5207",
          "27.8461"
        ]
      },
      "properties": {
        "source": "NOAA",
        "site_id": "8775222",
        "site_name": "Viola Turning Basin",
        "lat": "27.8461",
        "lon": "-97.5207",
        "stage_ft": 0.922,
        "stage_datetime": "2026-06-27 15:48",
        "tier": "normal",
        "action_stage": 28.69,
        "flood_stage": 29.69,
        "major_stage": 31.69,
        "url": "https://tidesandcurrents.noaa.gov/stationhome.html?id=8775222",
        "city_lat": 29.4246002,
        "city_lon": -98.4951405,
        "fetched_at": "2026-06-27T15:56:58.392950+00:00",
        "color": "#2d6a4f"
      }
    },
    {
      "type": "Feature",
      "geometry": {
        "type": "Point",
        "coordinates": [
          "-96.6098",
          "28.6406"
        ]
      },
      "properties": {
        "source": "NOAA",
        "site_id": "8773259",
        "site_name": "Port Lavaca",
        "lat": "28.6406",
        "lon": "-96.6098",
        "stage_ft": 1.302,
        "stage_datetime": "2026-06-27 15:48",
        "tier": "normal",
        "action_stage": 4.9,
        "flood_stage": 5.9,
        "major_stage": 7.9,
        "url": "https://tidesandcurrents.noaa.gov/stationhome.html?id=8773259",
        "city_lat": 31.2638905,
        "city_lon": -98.5456116,
        "fetched_at": "2026-06-27T15:56:58.392950+00:00",
        "color": "#2d6a4f"
      }
    },
    {
      "type": "Feature",
      "geometry": {
        "type": "Point",
        "coordinates": [
          "-93.8817",
          "29.98"
        ]
      },
      "properties": {
        "source": "NOAA",
        "site_id": "8770520",
        "site_name": "Rainbow Bridge",
        "lat": "29.98",
        "lon": "-93.8817",
        "stage_ft": 1.68,
        "stage_datetime": "2026-06-27 15:48",
        "tier": "normal",
        "action_stage": 5.82,
        "flood_stage": 6.82,
        "major_stage": 8.82,
        "url": "https://tidesandcurrents.noaa.gov/stationhome.html?id=8770520",
        "city_lat": 31.4274044,
        "city_lon": -94.8085436,
        "fetched_at": "2026-06-27T15:56:58.392950+00:00",
        "color": "#2d6a4f"
      }
    },
    {
      "type": "Feature",
      "geometry": {
        "type": "Point",
        "coordinates": [
          "-97.5207",
          "27.8461"
        ]
      },
      "properties": {
        "source": "NOAA",
        "site_id": "8775222",
        "site_name": "Viola Turning Basin",
        "lat": "27.8461",
        "lon": "-97.5207",
        "stage_ft": 0.922,
        "stage_datetime": "2026-06-27 15:48",
        "tier": "normal",
        "action_stage": 28.69,
        "flood_stage": 29.69,
        "major_stage": 31.69,
        "url": "https://tidesandcurrents.noaa.gov/stationhome.html?id=8775222",
        "city_lat": 29.4246002,
        "city_lon": -98.4951405,
        "fetched_at": "2026-06-27T15:56:58.392950+00:00",
        "color": "#2d6a4f"
      }
    },
    {
      "type": "Feature",
      "geometry": {
        "type": "Point",
        "coordinates": [
          "-96.6098",
          "28.6406"
        ]
      },
      "properties": {
        "source": "NOAA",
        "site_id": "8773259",
        "site_name": "Port Lavaca",
        "lat": "28.6406",
        "lon": "-96.6098",
        "stage_ft": 1.302,
        "stage_datetime": "2026-06-27 15:48",
        "tier": "normal",
        "action_stage": 4.9,
        "flood_stage": 5.9,
        "major_stage": 7.9,
        "url": "https://tidesandcurrents.noaa.gov/stationhome.html?id=8773259",
        "city_lat": 31.2638905,
        "city_lon": -98.5456116,
        "fetched_at": "2026-06-27T15:56:58.392950+00:00",
        "color": "#2d6a4f"
      }
    },
    {
      "type": "Feature",
      "geometry": {
        "type": "Point",
        "coordinates": [
          "-122.6958",
          "45.6312"
        ]
      },
      "properties": {
        "source": "NOAA",
        "site_id": "9440083",
        "site_name": "Vancouver",
        "lat": "45.6312",
        "lon": "-122.6958",
        "stage_ft": 2.27,
        "stage_datetime": "2026-06-27 15:48",
        "tier": "normal",
        "action_stage": 5.83,
        "flood_stage": 6.83,
        "major_stage": 8.83,
        "url": "https://tidesandcurrents.noaa.gov/stationhome.html?id=9440083",
        "city_lat": 45.4693103,
        "city_lon": -122.6175031,
        "fetched_at": "2026-06-27T15:56:58.392950+00:00",
        "color": "#2d6a4f"
      }
    },
    {
      "type": "Feature",
      "geometry": {
        "type": "Point",
        "coordinates": [
          "-80.903",
          "32.0347"
        ]
      },
      "properties": {
        "source": "NOAA",
        "site_id": "8670870",
        "site_name": "Fort Pulaski",
        "lat": "32.0347",
        "lon": "-80.903",
        "stage_ft": 1.116,
        "stage_datetime": "2026-06-27 15:48",
        "tier": "normal",
        "action_stage": 12.0,
        "flood_stage": 13.0,
        "major_stage": 15.0,
        "url": "https://tidesandcurrents.noaa.gov/stationhome.html?id=8670870",
        "city_lat": 33.7544657,
        "city_lon": -84.3898151,
        "fetched_at": "2026-06-27T15:56:58.392950+00:00",
        "color": "#2d6a4f"
      }
    },
    {
      "type": "Feature",
      "geometry": {
        "type": "Point",
        "coordinates": [
          "-80.903",
          "32.0347"
        ]
      },
      "properties": {
        "source": "NOAA",
        "site_id": "8670870",
        "site_name": "Fort Pulaski",
        "lat": "32.0347",
        "lon": "-80.903",
        "stage_ft": 1.116,
        "stage_datetime": "2026-06-27 15:48",
        "tier": "normal",
        "action_stage": 12.0,
        "flood_stage": 13.0,
        "major_stage": 15.0,
        "url": "https://tidesandcurrents.noaa.gov/stationhome.html?id=8670870",
        "city_lat": 32.3293809,
        "city_lon": -83.1137366,
        "fetched_at": "2026-06-27T15:56:58.392950+00:00",
        "color": "#2d6a4f"
      }
    },
    {
      "type": "Feature",
      "geometry": {
        "type": "Point",
        "coordinates": [
          "-118.5",
          "34.0083"
        ]
      },
      "properties": {
        "source": "NOAA",
        "site_id": "9410840",
        "site_name": "Santa Monica",
        "lat": "34.0083",
        "lon": "-118.5",
        "stage_ft": 3.55,
        "stage_datetime": "2026-06-27 15:42",
        "tier": "normal",
        "action_stage": 8.87,
        "flood_stage": 9.87,
        "major_stage": 11.87,
        "url": "https://tidesandcurrents.noaa.gov/stationhome.html?id=9410840",
        "city_lat": 34.0536909,
        "city_lon": -118.242766,
        "fetched_at": "2026-06-27T15:56:58.392950+00:00",
        "color": "#2d6a4f"
      }
    },
    {
      "type": "Feature",
      "geometry": {
        "type": "Point",
        "coordinates": [
          "-118.5",
          "34.0083"
        ]
      },
      "properties": {
        "source": "NOAA",
        "site_id": "9410840",
        "site_name": "Santa Monica",
        "lat": "34.0083",
        "lon": "-118.5",
        "stage_ft": 3.55,
        "stage_datetime": "2026-06-27 15:42",
        "tier": "normal",
        "action_stage": 8.87,
        "flood_stage": 9.87,
        "major_stage": 11.87,
        "url": "https://tidesandcurrents.noaa.gov/stationhome.html?id=9410840",
        "city_lat": 34.0298253,
        "city_lon": -118.8419824,
        "fetched_at": "2026-06-27T15:56:58.392950+00:00",
        "color": "#2d6a4f"
      }
    },
    {
      "type": "Feature",
      "geometry": {
        "type": "Point",
        "coordinates": [
          "-118.5",
          "34.0083"
        ]
      },
      "properties": {
        "source": "NOAA",
        "site_id": "9410840",
        "site_name": "Santa Monica",
        "lat": "34.0083",
        "lon": "-118.5",
        "stage_ft": 3.55,
        "stage_datetime": "2026-06-27 15:42",
        "tier": "normal",
        "action_stage": 8.87,
        "flood_stage": 9.87,
        "major_stage": 11.87,
        "url": "https://tidesandcurrents.noaa.gov/stationhome.html?id=9410840",
        "city_lat": 34.0536909,
        "city_lon": -118.242766,
        "fetched_at": "2026-06-27T15:56:58.392950+00:00",
        "color": "#2d6a4f"
      }
    },
    {
      "type": "Feature",
      "geometry": {
        "type": "Point",
        "coordinates": [
          "-118.5",
          "34.0083"
        ]
      },
      "properties": {
        "source": "NOAA",
        "site_id": "9410840",
        "site_name": "Santa Monica",
        "lat": "34.0083",
        "lon": "-118.5",
        "stage_ft": 3.55,
        "stage_datetime": "2026-06-27 15:42",
        "tier": "normal",
        "action_stage": 8.87,
        "flood_stage": 9.87,
        "major_stage": 11.87,
        "url": "https://tidesandcurrents.noaa.gov/stationhome.html?id=9410840",
        "city_lat": 34.0536909,
        "city_lon": -118.242766,
        "fetched_at": "2026-06-27T15:56:58.392950+00:00",
        "color": "#2d6a4f"
      }
    },
    {
      "type": "Feature",
      "geometry": {
        "type": "Point",
        "coordinates": [
          "-96.6098",
          "28.6406"
        ]
      },
      "properties": {
        "source": "NOAA",
        "site_id": "8773259",
        "site_name": "Port Lavaca",
        "lat": "28.6406",
        "lon": "-96.6098",
        "stage_ft": 1.302,
        "stage_datetime": "2026-06-27 15:48",
        "tier": "normal",
        "action_stage": 4.9,
        "flood_stage": 5.9,
        "major_stage": 7.9,
        "url": "https://tidesandcurrents.noaa.gov/stationhome.html?id=8773259",
        "city_lat": 30.2878569,
        "city_lon": -97.7561392,
        "fetched_at": "2026-06-27T15:56:58.392950+00:00",
        "color": "#2d6a4f"
      }
    },
    {
      "type": "Feature",
      "geometry": {
        "type": "Point",
        "coordinates": [
          "-96.6098",
          "28.6406"
        ]
      },
      "properties": {
        "source": "NOAA",
        "site_id": "8773259",
        "site_name": "Port Lavaca",
        "lat": "28.6406",
        "lon": "-96.6098",
        "stage_ft": 1.302,
        "stage_datetime": "2026-06-27 15:48",
        "tier": "normal",
        "action_stage": 4.9,
        "flood_stage": 5.9,
        "major_stage": 7.9,
        "url": "https://tidesandcurrents.noaa.gov/stationhome.html?id=8773259",
        "city_lat": 30.2878569,
        "city_lon": -97.7561392,
        "fetched_at": "2026-06-27T15:56:58.392950+00:00",
        "color": "#2d6a4f"
      }
    },
    {
      "type": "Feature",
      "geometry": {
        "type": "Point",
        "coordinates": [
          "-118.5",
          "34.0083"
        ]
      },
      "properties": {
        "source": "NOAA",
        "site_id": "9410840",
        "site_name": "Santa Monica",
        "lat": "34.0083",
        "lon": "-118.5",
        "stage_ft": 3.55,
        "stage_datetime": "2026-06-27 15:42",
        "tier": "normal",
        "action_stage": 8.87,
        "flood_stage": 9.87,
        "major_stage": 11.87,
        "url": "https://tidesandcurrents.noaa.gov/stationhome.html?id=9410840",
        "city_lat": 34.035591,
        "city_lon": -118.689423,
        "fetched_at": "2026-06-27T15:56:58.392950+00:00",
        "color": "#2d6a4f"
      }
    },
    {
      "type": "Feature",
      "geometry": {
        "type": "Point",
        "coordinates": [
          "-96.6098",
          "28.6406"
        ]
      },
      "properties": {
        "source": "NOAA",
        "site_id": "8773259",
        "site_name": "Port Lavaca",
        "lat": "28.6406",
        "lon": "-96.6098",
        "stage_ft": 1.302,
        "stage_datetime": "2026-06-27 15:48",
        "tier": "normal",
        "action_stage": 4.9,
        "flood_stage": 5.9,
        "major_stage": 7.9,
        "url": "https://tidesandcurrents.noaa.gov/stationhome.html?id=8773259",
        "city_lat": 30.2711286,
        "city_lon": -97.7436995,
        "fetched_at": "2026-06-27T15:56:58.392950+00:00",
        "color": "#2d6a4f"
      }
    },
    {
      "type": "Feature",
      "geometry": {
        "type": "Point",
        "coordinates": [
          "-88.0736",
          "30.7819"
        ]
      },
      "properties": {
        "source": "NOAA",
        "site_id": "8737138",
        "site_name": "Chickasaw Creek",
        "lat": "30.7819",
        "lon": "-88.0736",
        "stage_ft": 2.516,
        "stage_datetime": "2026-06-27 15:48",
        "tier": "normal",
        "action_stage": 27.3,
        "flood_stage": 28.3,
        "major_stage": 30.3,
        "url": "https://tidesandcurrents.noaa.gov/stationhome.html?id=8737138",
        "city_lat": 30.881299,
        "city_lon": -88.6541933,
        "fetched_at": "2026-06-27T15:56:58.392950+00:00",
        "color": "#2d6a4f"
      }
    },
    {
      "type": "Feature",
      "geometry": {
        "type": "Point",
        "coordinates": [
          "-89.6732",
          "29.8681"
        ]
      },
      "properties": {
        "source": "NOAA",
        "site_id": "8761305",
        "site_name": "Shell Beach",
        "lat": "29.8681",
        "lon": "-89.6732",
        "stage_ft": 1.873,
        "stage_datetime": "2026-06-27 16:12",
        "tier": "normal",
        "action_stage": 33.82,
        "flood_stage": 34.82,
        "major_stage": 36.82,
        "url": "https://tidesandcurrents.noaa.gov/stationhome.html?id=8761305",
        "city_lat": 29.8217562,
        "city_lon": -89.6008692,
        "fetched_at": "2026-06-27T15:56:58.392950+00:00",
        "color": "#2d6a4f"
      }
    },
    {
      "type": "Feature",
      "geometry": {
        "type": "Point",
        "coordinates": [
          "-93.8817",
          "29.98"
        ]
      },
      "properties": {
        "source": "NOAA",
        "site_id": "8770520",
        "site_name": "Rainbow Bridge",
        "lat": "29.98",
        "lon": "-93.8817",
        "stage_ft": 1.68,
        "stage_datetime": "2026-06-27 15:48",
        "tier": "normal",
        "action_stage": 5.82,
        "flood_stage": 6.82,
        "major_stage": 8.82,
        "url": "https://tidesandcurrents.noaa.gov/stationhome.html?id=8770520",
        "city_lat": 31.4274044,
        "city_lon": -94.8085436,
        "fetched_at": "2026-06-27T15:56:58.392950+00:00",
        "color": "#2d6a4f"
      }
    },
    {
      "type": "Feature",
      "geometry": {
        "type": "Point",
        "coordinates": [
          "-80.903",
          "32.0347"
        ]
      },
      "properties": {
        "source": "NOAA",
        "site_id": "8670870",
        "site_name": "Fort Pulaski",
        "lat": "32.0347",
        "lon": "-80.903",
        "stage_ft": 1.116,
        "stage_datetime": "2026-06-27 15:48",
        "tier": "normal",
        "action_stage": 12.0,
        "flood_stage": 13.0,
        "major_stage": 15.0,
        "url": "https://tidesandcurrents.noaa.gov/stationhome.html?id=8670870",
        "city_lat": 33.7544657,
        "city_lon": -84.3898151,
        "fetched_at": "2026-06-27T15:56:58.392950+00:00",
        "color": "#2d6a4f"
      }
    },
    {
      "type": "Feature",
      "geometry": {
        "type": "Point",
        "coordinates": [
          "-80.903",
          "32.0347"
        ]
      },
      "properties": {
        "source": "NOAA",
        "site_id": "8670870",
        "site_name": "Fort Pulaski",
        "lat": "32.0347",
        "lon": "-80.903",
        "stage_ft": 1.116,
        "stage_datetime": "2026-06-27 15:48",
        "tier": "normal",
        "action_stage": 12.0,
        "flood_stage": 13.0,
        "major_stage": 15.0,
        "url": "https://tidesandcurrents.noaa.gov/stationhome.html?id=8670870",
        "city_lat": 32.3293809,
        "city_lon": -83.1137366,
        "fetched_at": "2026-06-27T15:56:58.392950+00:00",
        "color": "#2d6a4f"
      }
    },
    {
      "type": "Feature",
      "geometry": {
        "type": "Point",
        "coordinates": [
          "-122.6958",
          "45.6312"
        ]
      },
      "properties": {
        "source": "NOAA",
        "site_id": "9440083",
        "site_name": "Vancouver",
        "lat": "45.6312",
        "lon": "-122.6958",
        "stage_ft": 2.27,
        "stage_datetime": "2026-06-27 15:48",
        "tier": "normal",
        "action_stage": 5.83,
        "flood_stage": 6.83,
        "major_stage": 8.83,
        "url": "https://tidesandcurrents.noaa.gov/stationhome.html?id=9440083",
        "city_lat": 45.4693103,
        "city_lon": -122.6175031,
        "fetched_at": "2026-06-27T15:56:58.392950+00:00",
        "color": "#2d6a4f"
      }
    },
    {
      "type": "Feature",
      "geometry": {
        "type": "Point",
        "coordinates": [
          "-89.6732",
          "29.8681"
        ]
      },
      "properties": {
        "source": "NOAA",
        "site_id": "8761305",
        "site_name": "Shell Beach",
        "lat": "29.8681",
        "lon": "-89.6732",
        "stage_ft": 1.873,
        "stage_datetime": "2026-06-27 16:12",
        "tier": "normal",
        "action_stage": 33.82,
        "flood_stage": 34.82,
        "major_stage": 36.82,
        "url": "https://tidesandcurrents.noaa.gov/stationhome.html?id=8761305",
        "city_lat": 29.8217562,
        "city_lon": -89.6008692,
        "fetched_at": "2026-06-27T15:56:58.392950+00:00",
        "color": "#2d6a4f"
      }
    },
    {
      "type": "Feature",
      "geometry": {
        "type": "Point",
        "coordinates": [
          "-95.2658",
          "29.7263"
        ]
      },
      "properties": {
        "source": "NOAA",
        "site_id": "8770777",
        "site_name": "Manchester",
        "lat": "29.7263",
        "lon": "-95.2658",
        "stage_ft": 1.943,
        "stage_datetime": "2026-06-27 15:48",
        "tier": "normal",
        "action_stage": 8.14,
        "flood_stage": 9.14,
        "major_stage": 11.14,
        "url": "https://tidesandcurrents.noaa.gov/stationhome.html?id=8770777",
        "city_lat": 34.9550817,
        "city_lon": -97.2684063,
        "fetched_at": "2026-06-27T15:56:58.392950+00:00",
        "color": "#2d6a4f"
      }
    },
    {
      "type": "Feature",
      "geometry": {
        "type": "Point",
        "coordinates": [
          "-96.6098",
          "28.6406"
        ]
      },
      "properties": {
        "source": "NOAA",
        "site_id": "8773259",
        "site_name": "Port Lavaca",
        "lat": "28.6406",
        "lon": "-96.6098",
        "stage_ft": 1.302,
        "stage_datetime": "2026-06-27 15:48",
        "tier": "normal",
        "action_stage": 4.9,
        "flood_stage": 5.9,
        "major_stage": 7.9,
        "url": "https://tidesandcurrents.noaa.gov/stationhome.html?id=8773259",
        "city_lat": 31.2638905,
        "city_lon": -98.5456116,
        "fetched_at": "2026-06-27T15:56:58.392950+00:00",
        "color": "#2d6a4f"
      }
    },
    {
      "type": "Feature",
      "geometry": {
        "type": "Point",
        "coordinates": [
          "-95.2658",
          "29.7263"
        ]
      },
      "properties": {
        "source": "NOAA",
        "site_id": "8770777",
        "site_name": "Manchester",
        "lat": "29.7263",
        "lon": "-95.2658",
        "stage_ft": 1.943,
        "stage_datetime": "2026-06-27 15:48",
        "tier": "normal",
        "action_stage": 8.14,
        "flood_stage": 9.14,
        "major_stage": 11.14,
        "url": "https://tidesandcurrents.noaa.gov/stationhome.html?id=8770777",
        "city_lat": 34.9550817,
        "city_lon": -97.2684063,
        "fetched_at": "2026-06-27T15:56:58.392950+00:00",
        "color": "#2d6a4f"
      }
    },
    {
      "type": "Feature",
      "geometry": {
        "type": "Point",
        "coordinates": [
          "-96.6098",
          "28.6406"
        ]
      },
      "properties": {
        "source": "NOAA",
        "site_id": "8773259",
        "site_name": "Port Lavaca",
        "lat": "28.6406",
        "lon": "-96.6098",
        "stage_ft": 1.302,
        "stage_datetime": "2026-06-27 15:48",
        "tier": "normal",
        "action_stage": 4.9,
        "flood_stage": 5.9,
        "major_stage": 7.9,
        "url": "https://tidesandcurrents.noaa.gov/stationhome.html?id=8773259",
        "city_lat": 31.2638905,
        "city_lon": -98.5456116,
        "fetched_at": "2026-06-27T15:56:58.392950+00:00",
        "color": "#2d6a4f"
      }
    },
    {
      "type": "Feature",
      "geometry": {
        "type": "Point",
        "coordinates": [
          "-96.6098",
          "28.6406"
        ]
      },
      "properties": {
        "source": "NOAA",
        "site_id": "8773259",
        "site_name": "Port Lavaca",
        "lat": "28.6406",
        "lon": "-96.6098",
        "stage_ft": 1.302,
        "stage_datetime": "2026-06-27 15:48",
        "tier": "normal",
        "action_stage": 4.9,
        "flood_stage": 5.9,
        "major_stage": 7.9,
        "url": "https://tidesandcurrents.noaa.gov/stationhome.html?id=8773259",
        "city_lat": 31.2638905,
        "city_lon": -98.5456116,
        "fetched_at": "2026-06-27T15:56:58.392950+00:00",
        "color": "#2d6a4f"
      }
    },
    {
      "type": "Feature",
      "geometry": {
        "type": "Point",
        "coordinates": [
          "-95.2658",
          "29.7263"
        ]
      },
      "properties": {
        "source": "NOAA",
        "site_id": "8770777",
        "site_name": "Manchester",
        "lat": "29.7263",
        "lon": "-95.2658",
        "stage_ft": 1.943,
        "stage_datetime": "2026-06-27 15:48",
        "tier": "normal",
        "action_stage": 8.14,
        "flood_stage": 9.14,
        "major_stage": 11.14,
        "url": "https://tidesandcurrents.noaa.gov/stationhome.html?id=8770777",
        "city_lat": 29.7589382,
        "city_lon": -95.3676974,
        "fetched_at": "2026-06-27T15:56:58.392950+00:00",
        "color": "#2d6a4f"
      }
    },
    {
      "type": "Feature",
      "geometry": {
        "type": "Point",
        "coordinates": [
          "-77.0217",
          "38.8733"
        ]
      },
      "properties": {
        "source": "NOAA",
        "site_id": "8594900",
        "site_name": "Washington",
        "lat": "38.8733",
        "lon": "-77.0217",
        "stage_ft": 1.153,
        "stage_datetime": "2026-06-27 15:48",
        "tier": "normal",
        "action_stage": 8.72,
        "flood_stage": 9.72,
        "major_stage": 11.72,
        "url": "https://tidesandcurrents.noaa.gov/stationhome.html?id=8594900",
        "city_lat": 38.8861076,
        "city_lon": -77.0202708,
        "fetched_at": "2026-06-27T15:56:58.392950+00:00",
        "color": "#2d6a4f"
      }
    },
    {
      "type": "Feature",
      "geometry": {
        "type": "Point",
        "coordinates": [
          "-118.5",
          "34.0083"
        ]
      },
      "properties": {
        "source": "NOAA",
        "site_id": "9410840",
        "site_name": "Santa Monica",
        "lat": "34.0083",
        "lon": "-118.5",
        "stage_ft": 3.55,
        "stage_datetime": "2026-06-27 15:42",
        "tier": "normal",
        "action_stage": 8.87,
        "flood_stage": 9.87,
        "major_stage": 11.87,
        "url": "https://tidesandcurrents.noaa.gov/stationhome.html?id=9410840",
        "city_lat": 34.0536909,
        "city_lon": -118.242766,
        "fetched_at": "2026-06-27T15:56:58.392950+00:00",
        "color": "#2d6a4f"
      }
    },
    {
      "type": "Feature",
      "geometry": {
        "type": "Point",
        "coordinates": [
          "-75.1193",
          "38.7828"
        ]
      },
      "properties": {
        "source": "NOAA",
        "site_id": "8557380",
        "site_name": "Lewes",
        "lat": "38.7828",
        "lon": "-75.1193",
        "stage_ft": 1.299,
        "stage_datetime": "2026-06-27 16:18",
        "tier": "normal",
        "action_stage": 8.43,
        "flood_stage": 9.43,
        "major_stage": 11.43,
        "url": "https://tidesandcurrents.noaa.gov/stationhome.html?id=8557380",
        "city_lat": 38.6898781,
        "city_lon": -75.3595655,
        "fetched_at": "2026-06-27T15:56:58.392950+00:00",
        "color": "#2d6a4f"
      }
    },
    {
      "type": "Feature",
      "geometry": {
        "type": "Point",
        "coordinates": [
          "-96.6098",
          "28.6406"
        ]
      },
      "properties": {
        "source": "NOAA",
        "site_id": "8773259",
        "site_name": "Port Lavaca",
        "lat": "28.6406",
        "lon": "-96.6098",
        "stage_ft": 1.302,
        "stage_datetime": "2026-06-27 15:48",
        "tier": "normal",
        "action_stage": 4.9,
        "flood_stage": 5.9,
        "major_stage": 7.9,
        "url": "https://tidesandcurrents.noaa.gov/stationhome.html?id=8773259",
        "city_lat": 30.2878569,
        "city_lon": -97.7561392,
        "fetched_at": "2026-06-27T15:56:58.392950+00:00",
        "color": "#2d6a4f"
      }
    },
    {
      "type": "Feature",
      "geometry": {
        "type": "Point",
        "coordinates": [
          "-96.6098",
          "28.6406"
        ]
      },
      "properties": {
        "source": "NOAA",
        "site_id": "8773259",
        "site_name": "Port Lavaca",
        "lat": "28.6406",
        "lon": "-96.6098",
        "stage_ft": 1.302,
        "stage_datetime": "2026-06-27 15:48",
        "tier": "normal",
        "action_stage": 4.9,
        "flood_stage": 5.9,
        "major_stage": 7.9,
        "url": "https://tidesandcurrents.noaa.gov/stationhome.html?id=8773259",
        "city_lat": 31.2638905,
        "city_lon": -98.5456116,
        "fetched_at": "2026-06-27T15:56:58.392950+00:00",
        "color": "#2d6a4f"
      }
    },
    {
      "type": "Feature",
      "geometry": {
        "type": "Point",
        "coordinates": [
          "-95.2658",
          "29.7263"
        ]
      },
      "properties": {
        "source": "NOAA",
        "site_id": "8770777",
        "site_name": "Manchester",
        "lat": "29.7263",
        "lon": "-95.2658",
        "stage_ft": 1.943,
        "stage_datetime": "2026-06-27 15:48",
        "tier": "normal",
        "action_stage": 8.14,
        "flood_stage": 9.14,
        "major_stage": 11.14,
        "url": "https://tidesandcurrents.noaa.gov/stationhome.html?id=8770777",
        "city_lat": 32.7762719,
        "city_lon": -96.7968559,
        "fetched_at": "2026-06-27T15:56:58.392950+00:00",
        "color": "#2d6a4f"
      }
    },
    {
      "type": "Feature",
      "geometry": {
        "type": "Point",
        "coordinates": [
          "-76.5783",
          "39.2667"
        ]
      },
      "properties": {
        "source": "NOAA",
        "site_id": "8574680",
        "site_name": "Baltimore",
        "lat": "39.2667",
        "lon": "-76.5783",
        "stage_ft": 1.0,
        "stage_datetime": "2026-06-27 15:48",
        "tier": "normal",
        "action_stage": 6.76,
        "flood_stage": 7.76,
        "major_stage": 9.76,
        "url": "https://tidesandcurrents.noaa.gov/stationhome.html?id=8574680",
        "city_lat": 40.9699889,
        "city_lon": -77.7278831,
        "fetched_at": "2026-06-27T15:56:58.392950+00:00",
        "color": "#2d6a4f"
      }
    },
    {
      "type": "Feature",
      "geometry": {
        "type": "Point",
        "coordinates": [
          "-80.903",
          "32.0347"
        ]
      },
      "properties": {
        "source": "NOAA",
        "site_id": "8670870",
        "site_name": "Fort Pulaski",
        "lat": "32.0347",
        "lon": "-80.903",
        "stage_ft": 1.116,
        "stage_datetime": "2026-06-27 15:48",
        "tier": "normal",
        "action_stage": 12.0,
        "flood_stage": 13.0,
        "major_stage": 15.0,
        "url": "https://tidesandcurrents.noaa.gov/stationhome.html?id=8670870",
        "city_lat": 33.7544657,
        "city_lon": -84.3898151,
        "fetched_at": "2026-06-27T15:56:58.392950+00:00",
        "color": "#2d6a4f"
      }
    },
    {
      "type": "Feature",
      "geometry": {
        "type": "Point",
        "coordinates": [
          "-87.2112",
          "30.4044"
        ]
      },
      "properties": {
        "source": "NOAA",
        "site_id": "8729840",
        "site_name": "Pensacola",
        "lat": "30.4044",
        "lon": "-87.2112",
        "stage_ft": 1.862,
        "stage_datetime": "2026-06-27 15:48",
        "tier": "normal",
        "action_stage": 10.69,
        "flood_stage": 11.69,
        "major_stage": 13.69,
        "url": "https://tidesandcurrents.noaa.gov/stationhome.html?id=8729840",
        "city_lat": 30.721093,
        "city_lon": -87.501183,
        "fetched_at": "2026-06-27T15:56:58.392950+00:00",
        "color": "#2d6a4f"
      }
    },
    {
      "type": "Feature",
      "geometry": {
        "type": "Point",
        "coordinates": [
          "-95.2658",
          "29.7263"
        ]
      },
      "properties": {
        "source": "NOAA",
        "site_id": "8770777",
        "site_name": "Manchester",
        "lat": "29.7263",
        "lon": "-95.2658",
        "stage_ft": 1.943,
        "stage_datetime": "2026-06-27 15:48",
        "tier": "normal",
        "action_stage": 8.14,
        "flood_stage": 9.14,
        "major_stage": 11.14,
        "url": "https://tidesandcurrents.noaa.gov/stationhome.html?id=8770777",
        "city_lat": 33.5942438,
        "city_lon": -99.2603073,
        "fetched_at": "2026-06-27T15:56:58.392950+00:00",
        "color": "#2d6a4f"
      }
    },
    {
      "type": "Feature",
      "geometry": {
        "type": "Point",
        "coordinates": [
          "-118.5",
          "34.0083"
        ]
      },
      "properties": {
        "source": "NOAA",
        "site_id": "9410840",
        "site_name": "Santa Monica",
        "lat": "34.0083",
        "lon": "-118.5",
        "stage_ft": 3.55,
        "stage_datetime": "2026-06-27 15:42",
        "tier": "normal",
        "action_stage": 8.87,
        "flood_stage": 9.87,
        "major_stage": 11.87,
        "url": "https://tidesandcurrents.noaa.gov/stationhome.html?id=9410840",
        "city_lat": 34.0259502,
        "city_lon": -118.7778785,
        "fetched_at": "2026-06-27T15:56:58.392950+00:00",
        "color": "#2d6a4f"
      }
    },
    {
      "type": "Feature",
      "geometry": {
        "type": "Point",
        "coordinates": [
          "-118.5",
          "34.0083"
        ]
      },
      "properties": {
        "source": "NOAA",
        "site_id": "9410840",
        "site_name": "Santa Monica",
        "lat": "34.0083",
        "lon": "-118.5",
        "stage_ft": 3.55,
        "stage_datetime": "2026-06-27 15:42",
        "tier": "normal",
        "action_stage": 8.87,
        "flood_stage": 9.87,
        "major_stage": 11.87,
        "url": "https://tidesandcurrents.noaa.gov/stationhome.html?id=9410840",
        "city_lat": 34.0536909,
        "city_lon": -118.242766,
        "fetched_at": "2026-06-27T15:56:58.392950+00:00",
        "color": "#2d6a4f"
      }
    },
    {
      "type": "Feature",
      "geometry": {
        "type": "Point",
        "coordinates": [
          "-96.6098",
          "28.6406"
        ]
      },
      "properties": {
        "source": "NOAA",
        "site_id": "8773259",
        "site_name": "Port Lavaca",
        "lat": "28.6406",
        "lon": "-96.6098",
        "stage_ft": 1.302,
        "stage_datetime": "2026-06-27 15:48",
        "tier": "normal",
        "action_stage": 4.9,
        "flood_stage": 5.9,
        "major_stage": 7.9,
        "url": "https://tidesandcurrents.noaa.gov/stationhome.html?id=8773259",
        "city_lat": 31.2638905,
        "city_lon": -98.5456116,
        "fetched_at": "2026-06-27T15:56:58.392950+00:00",
        "color": "#2d6a4f"
      }
    },
    {
      "type": "Feature",
      "geometry": {
        "type": "Point",
        "coordinates": [
          "-96.6098",
          "28.6406"
        ]
      },
      "properties": {
        "source": "NOAA",
        "site_id": "8773259",
        "site_name": "Port Lavaca",
        "lat": "28.6406",
        "lon": "-96.6098",
        "stage_ft": 1.302,
        "stage_datetime": "2026-06-27 15:48",
        "tier": "normal",
        "action_stage": 4.9,
        "flood_stage": 5.9,
        "major_stage": 7.9,
        "url": "https://tidesandcurrents.noaa.gov/stationhome.html?id=8773259",
        "city_lat": 31.2638905,
        "city_lon": -98.5456116,
        "fetched_at": "2026-06-27T15:56:58.392950+00:00",
        "color": "#2d6a4f"
      }
    },
    {
      "type": "Feature",
      "geometry": {
        "type": "Point",
        "coordinates": [
          "-155.8294",
          "20.0366"
        ]
      },
      "properties": {
        "source": "NOAA",
        "site_id": "1617433",
        "site_name": "Kawaihae",
        "lat": "20.0366",
        "lon": "-155.8294",
        "stage_ft": 0.64,
        "stage_datetime": "2026-06-27 15:48",
        "tier": "normal",
        "action_stage": 5.74,
        "flood_stage": 6.74,
        "major_stage": 8.74,
        "url": "https://tidesandcurrents.noaa.gov/stationhome.html?id=1617433",
        "city_lat": 19.6273325,
        "city_lon": -155.564561,
        "fetched_at": "2026-06-27T15:56:58.392950+00:00",
        "color": "#2d6a4f"
      }
    },
    {
      "type": "Feature",
      "geometry": {
        "type": "Point",
        "coordinates": [
          "-87.2112",
          "30.4044"
        ]
      },
      "properties": {
        "source": "NOAA",
        "site_id": "8729840",
        "site_name": "Pensacola",
        "lat": "30.4044",
        "lon": "-87.2112",
        "stage_ft": 1.862,
        "stage_datetime": "2026-06-27 15:48",
        "tier": "normal",
        "action_stage": 10.69,
        "flood_stage": 11.69,
        "major_stage": 13.69,
        "url": "https://tidesandcurrents.noaa.gov/stationhome.html?id=8729840",
        "city_lat": 31.196549,
        "city_lon": -86.4597236,
        "fetched_at": "2026-06-27T15:56:58.392950+00:00",
        "color": "#2d6a4f"
      }
    },
    {
      "type": "Feature",
      "geometry": {
        "type": "Point",
        "coordinates": [
          "-93.93",
          "29.8667"
        ]
      },
      "properties": {
        "source": "NOAA",
        "site_id": "8770475",
        "site_name": "Port Arthur",
        "lat": "29.8667",
        "lon": "-93.93",
        "stage_ft": 1.552,
        "stage_datetime": "2026-06-27 15:48",
        "tier": "normal",
        "action_stage": 6.65,
        "flood_stage": 7.65,
        "major_stage": 9.65,
        "url": "https://tidesandcurrents.noaa.gov/stationhome.html?id=8770475",
        "city_lat": 29.834772,
        "city_lon": -94.1704496,
        "fetched_at": "2026-06-27T15:56:58.392950+00:00",
        "color": "#2d6a4f"
      }
    },
    {
      "type": "Feature",
      "geometry": {
        "type": "Point",
        "coordinates": [
          "-70.2442",
          "43.6581"
        ]
      },
      "properties": {
        "source": "NOAA",
        "site_id": "8418150",
        "site_name": "Portland",
        "lat": "43.6581",
        "lon": "-70.2442",
        "stage_ft": 7.919,
        "stage_datetime": "2026-06-27 15:48",
        "tier": "normal",
        "action_stage": 19.46,
        "flood_stage": 20.46,
        "major_stage": 22.46,
        "url": "https://tidesandcurrents.noaa.gov/stationhome.html?id=8418150",
        "city_lat": 44.5990718,
        "city_lon": -72.5002608,
        "fetched_at": "2026-06-27T15:56:58.392950+00:00",
        "color": "#2d6a4f"
      }
    },
    {
      "type": "Feature",
      "geometry": {
        "type": "Point",
        "coordinates": [
          "-95.2658",
          "29.7263"
        ]
      },
      "properties": {
        "source": "NOAA",
        "site_id": "8770777",
        "site_name": "Manchester",
        "lat": "29.7263",
        "lon": "-95.2658",
        "stage_ft": 1.943,
        "stage_datetime": "2026-06-27 15:48",
        "tier": "normal",
        "action_stage": 8.14,
        "flood_stage": 9.14,
        "major_stage": 11.14,
        "url": "https://tidesandcurrents.noaa.gov/stationhome.html?id=8770777",
        "city_lat": 30.2226352,
        "city_lon": -96.3936114,
        "fetched_at": "2026-06-27T15:56:58.392950+00:00",
        "color": "#2d6a4f"
      }
    },
    {
      "type": "Feature",
      "geometry": {
        "type": "Point",
        "coordinates": [
          "-95.2658",
          "29.7263"
        ]
      },
      "properties": {
        "source": "NOAA",
        "site_id": "8770777",
        "site_name": "Manchester",
        "lat": "29.7263",
        "lon": "-95.2658",
        "stage_ft": 1.943,
        "stage_datetime": "2026-06-27 15:48",
        "tier": "normal",
        "action_stage": 8.14,
        "flood_stage": 9.14,
        "major_stage": 11.14,
        "url": "https://tidesandcurrents.noaa.gov/stationhome.html?id=8770777",
        "city_lat": 30.301949,
        "city_lon": -95.5065944,
        "fetched_at": "2026-06-27T15:56:58.392950+00:00",
        "color": "#2d6a4f"
      }
    },
    {
      "type": "Feature",
      "geometry": {
        "type": "Point",
        "coordinates": [
          "-88.0736",
          "30.7819"
        ]
      },
      "properties": {
        "source": "NOAA",
        "site_id": "8737138",
        "site_name": "Chickasaw Creek",
        "lat": "30.7819",
        "lon": "-88.0736",
        "stage_ft": 2.516,
        "stage_datetime": "2026-06-27 15:48",
        "tier": "normal",
        "action_stage": 27.3,
        "flood_stage": 28.3,
        "major_stage": 30.3,
        "url": "https://tidesandcurrents.noaa.gov/stationhome.html?id=8737138",
        "city_lat": 32.9715285,
        "city_lon": -89.7348497,
        "fetched_at": "2026-06-27T15:56:58.392950+00:00",
        "color": "#2d6a4f"
      }
    },
    {
      "type": "Feature",
      "geometry": {
        "type": "Point",
        "coordinates": [
          "-95.2658",
          "29.7263"
        ]
      },
      "properties": {
        "source": "NOAA",
        "site_id": "8770777",
        "site_name": "Manchester",
        "lat": "29.7263",
        "lon": "-95.2658",
        "stage_ft": 1.943,
        "stage_datetime": "2026-06-27 15:48",
        "tier": "normal",
        "action_stage": 8.14,
        "flood_stage": 9.14,
        "major_stage": 11.14,
        "url": "https://tidesandcurrents.noaa.gov/stationhome.html?id=8770777",
        "city_lat": 31.4254801,
        "city_lon": -97.7936473,
        "fetched_at": "2026-06-27T15:56:58.392950+00:00",
        "color": "#2d6a4f"
      }
    },
    {
      "type": "Feature",
      "geometry": {
        "type": "Point",
        "coordinates": [
          "-95.2658",
          "29.7263"
        ]
      },
      "properties": {
        "source": "NOAA",
        "site_id": "8770777",
        "site_name": "Manchester",
        "lat": "29.7263",
        "lon": "-95.2658",
        "stage_ft": 1.943,
        "stage_datetime": "2026-06-27 15:48",
        "tier": "normal",
        "action_stage": 8.14,
        "flood_stage": 9.14,
        "major_stage": 11.14,
        "url": "https://tidesandcurrents.noaa.gov/stationhome.html?id=8770777",
        "city_lat": 31.4254801,
        "city_lon": -97.7936473,
        "fetched_at": "2026-06-27T15:56:58.392950+00:00",
        "color": "#2d6a4f"
      }
    },
    {
      "type": "Feature",
      "geometry": {
        "type": "Point",
        "coordinates": [
          "-88.0736",
          "30.7819"
        ]
      },
      "properties": {
        "source": "NOAA",
        "site_id": "8737138",
        "site_name": "Chickasaw Creek",
        "lat": "30.7819",
        "lon": "-88.0736",
        "stage_ft": 2.516,
        "stage_datetime": "2026-06-27 15:48",
        "tier": "normal",
        "action_stage": 27.3,
        "flood_stage": 28.3,
        "major_stage": 30.3,
        "url": "https://tidesandcurrents.noaa.gov/stationhome.html?id=8737138",
        "city_lat": 32.9715285,
        "city_lon": -89.7348497,
        "fetched_at": "2026-06-27T15:56:58.392950+00:00",
        "color": "#2d6a4f"
      }
    },
    {
      "type": "Feature",
      "geometry": {
        "type": "Point",
        "coordinates": [
          "-80.903",
          "32.0347"
        ]
      },
      "properties": {
        "source": "NOAA",
        "site_id": "8670870",
        "site_name": "Fort Pulaski",
        "lat": "32.0347",
        "lon": "-80.903",
        "stage_ft": 1.116,
        "stage_datetime": "2026-06-27 15:48",
        "tier": "normal",
        "action_stage": 12.0,
        "flood_stage": 13.0,
        "major_stage": 15.0,
        "url": "https://tidesandcurrents.noaa.gov/stationhome.html?id=8670870",
        "city_lat": 33.7635851,
        "city_lon": -81.9759066,
        "fetched_at": "2026-06-27T15:56:58.392950+00:00",
        "color": "#2d6a4f"
      }
    },
    {
      "type": "Feature",
      "geometry": {
        "type": "Point",
        "coordinates": [
          "-95.2658",
          "29.7263"
        ]
      },
      "properties": {
        "source": "NOAA",
        "site_id": "8770777",
        "site_name": "Manchester",
        "lat": "29.7263",
        "lon": "-95.2658",
        "stage_ft": 1.943,
        "stage_datetime": "2026-06-27 15:48",
        "tier": "normal",
        "action_stage": 8.14,
        "flood_stage": 9.14,
        "major_stage": 11.14,
        "url": "https://tidesandcurrents.noaa.gov/stationhome.html?id=8770777",
        "city_lat": 31.4254801,
        "city_lon": -97.7936473,
        "fetched_at": "2026-06-27T15:56:58.392950+00:00",
        "color": "#2d6a4f"
      }
    },
    {
      "type": "Feature",
      "geometry": {
        "type": "Point",
        "coordinates": [
          "-88.0736",
          "30.7819"
        ]
      },
      "properties": {
        "source": "NOAA",
        "site_id": "8737138",
        "site_name": "Chickasaw Creek",
        "lat": "30.7819",
        "lon": "-88.0736",
        "stage_ft": 2.516,
        "stage_datetime": "2026-06-27 15:48",
        "tier": "normal",
        "action_stage": 27.3,
        "flood_stage": 28.3,
        "major_stage": 30.3,
        "url": "https://tidesandcurrents.noaa.gov/stationhome.html?id=8737138",
        "city_lat": 32.9715285,
        "city_lon": -89.7348497,
        "fetched_at": "2026-06-27T15:56:58.392950+00:00",
        "color": "#2d6a4f"
      }
    },
    {
      "type": "Feature",
      "geometry": {
        "type": "Point",
        "coordinates": [
          "-75.1193",
          "38.7828"
        ]
      },
      "properties": {
        "source": "NOAA",
        "site_id": "8557380",
        "site_name": "Lewes",
        "lat": "38.7828",
        "lon": "-75.1193",
        "stage_ft": 1.299,
        "stage_datetime": "2026-06-27 16:18",
        "tier": "normal",
        "action_stage": 8.43,
        "flood_stage": 9.43,
        "major_stage": 11.43,
        "url": "https://tidesandcurrents.noaa.gov/stationhome.html?id=8557380",
        "city_lat": 38.6898781,
        "city_lon": -75.3595655,
        "fetched_at": "2026-06-27T15:56:58.392950+00:00",
        "color": "#2d6a4f"
      }
    },
    {
      "type": "Feature",
      "geometry": {
        "type": "Point",
        "coordinates": [
          "-88.0736",
          "30.7819"
        ]
      },
      "properties": {
        "source": "NOAA",
        "site_id": "8737138",
        "site_name": "Chickasaw Creek",
        "lat": "30.7819",
        "lon": "-88.0736",
        "stage_ft": 2.516,
        "stage_datetime": "2026-06-27 15:48",
        "tier": "normal",
        "action_stage": 27.3,
        "flood_stage": 28.3,
        "major_stage": 30.3,
        "url": "https://tidesandcurrents.noaa.gov/stationhome.html?id=8737138",
        "city_lat": 32.9715285,
        "city_lon": -89.7348497,
        "fetched_at": "2026-06-27T15:56:58.392950+00:00",
        "color": "#2d6a4f"
      }
    },
    {
      "type": "Feature",
      "geometry": {
        "type": "Point",
        "coordinates": [
          "-97.5207",
          "27.8461"
        ]
      },
      "properties": {
        "source": "NOAA",
        "site_id": "8775222",
        "site_name": "Viola Turning Basin",
        "lat": "27.8461",
        "lon": "-97.5207",
        "stage_ft": 0.922,
        "stage_datetime": "2026-06-27 15:48",
        "tier": "normal",
        "action_stage": 28.69,
        "flood_stage": 29.69,
        "major_stage": 31.69,
        "url": "https://tidesandcurrents.noaa.gov/stationhome.html?id=8775222",
        "city_lat": 29.4246002,
        "city_lon": -98.4951405,
        "fetched_at": "2026-06-27T15:56:58.392950+00:00",
        "color": "#2d6a4f"
      }
    },
    {
      "type": "Feature",
      "geometry": {
        "type": "Point",
        "coordinates": [
          "-88.0736",
          "30.7819"
        ]
      },
      "properties": {
        "source": "NOAA",
        "site_id": "8737138",
        "site_name": "Chickasaw Creek",
        "lat": "30.7819",
        "lon": "-88.0736",
        "stage_ft": 2.516,
        "stage_datetime": "2026-06-27 15:48",
        "tier": "normal",
        "action_stage": 27.3,
        "flood_stage": 28.3,
        "major_stage": 30.3,
        "url": "https://tidesandcurrents.noaa.gov/stationhome.html?id=8737138",
        "city_lat": 32.9715285,
        "city_lon": -89.7348497,
        "fetched_at": "2026-06-27T15:56:58.392950+00:00",
        "color": "#2d6a4f"
      }
    },
    {
      "type": "Feature",
      "geometry": {
        "type": "Point",
        "coordinates": [
          "-97.5207",
          "27.8461"
        ]
      },
      "properties": {
        "source": "NOAA",
        "site_id": "8775222",
        "site_name": "Viola Turning Basin",
        "lat": "27.8461",
        "lon": "-97.5207",
        "stage_ft": 0.922,
        "stage_datetime": "2026-06-27 15:48",
        "tier": "normal",
        "action_stage": 28.69,
        "flood_stage": 29.69,
        "major_stage": 31.69,
        "url": "https://tidesandcurrents.noaa.gov/stationhome.html?id=8775222",
        "city_lat": 27.5079211,
        "city_lon": -99.5069834,
        "fetched_at": "2026-06-27T15:56:58.392950+00:00",
        "color": "#2d6a4f"
      }
    },
    {
      "type": "Feature",
      "geometry": {
        "type": "Point",
        "coordinates": [
          "-88.0736",
          "30.7819"
        ]
      },
      "properties": {
        "source": "NOAA",
        "site_id": "8737138",
        "site_name": "Chickasaw Creek",
        "lat": "30.7819",
        "lon": "-88.0736",
        "stage_ft": 2.516,
        "stage_datetime": "2026-06-27 15:48",
        "tier": "normal",
        "action_stage": 27.3,
        "flood_stage": 28.3,
        "major_stage": 30.3,
        "url": "https://tidesandcurrents.noaa.gov/stationhome.html?id=8737138",
        "city_lat": 32.9715285,
        "city_lon": -89.7348497,
        "fetched_at": "2026-06-27T15:56:58.392950+00:00",
        "color": "#2d6a4f"
      }
    },
    {
      "type": "Feature",
      "geometry": {
        "type": "Point",
        "coordinates": [
          "-95.2658",
          "29.7263"
        ]
      },
      "properties": {
        "source": "NOAA",
        "site_id": "8770777",
        "site_name": "Manchester",
        "lat": "29.7263",
        "lon": "-95.2658",
        "stage_ft": 1.943,
        "stage_datetime": "2026-06-27 15:48",
        "tier": "normal",
        "action_stage": 8.14,
        "flood_stage": 9.14,
        "major_stage": 11.14,
        "url": "https://tidesandcurrents.noaa.gov/stationhome.html?id=8770777",
        "city_lat": 33.1609629,
        "city_lon": -96.6060984,
        "fetched_at": "2026-06-27T15:56:58.392950+00:00",
        "color": "#2d6a4f"
      }
    },
    {
      "type": "Feature",
      "geometry": {
        "type": "Point",
        "coordinates": [
          "-77.0217",
          "38.8733"
        ]
      },
      "properties": {
        "source": "NOAA",
        "site_id": "8594900",
        "site_name": "Washington",
        "lat": "38.8733",
        "lon": "-77.0217",
        "stage_ft": 1.153,
        "stage_datetime": "2026-06-27 15:48",
        "tier": "normal",
        "action_stage": 8.72,
        "flood_stage": 9.72,
        "major_stage": 11.72,
        "url": "https://tidesandcurrents.noaa.gov/stationhome.html?id=8594900",
        "city_lat": 38.8950982,
        "city_lon": -77.0363849,
        "fetched_at": "2026-06-27T15:56:58.392950+00:00",
        "color": "#2d6a4f"
      }
    },
    {
      "type": "Feature",
      "geometry": {
        "type": "Point",
        "coordinates": [
          "-88.0736",
          "30.7819"
        ]
      },
      "properties": {
        "source": "NOAA",
        "site_id": "8737138",
        "site_name": "Chickasaw Creek",
        "lat": "30.7819",
        "lon": "-88.0736",
        "stage_ft": 2.516,
        "stage_datetime": "2026-06-27 15:48",
        "tier": "normal",
        "action_stage": 27.3,
        "flood_stage": 28.3,
        "major_stage": 30.3,
        "url": "https://tidesandcurrents.noaa.gov/stationhome.html?id=8737138",
        "city_lat": 32.9715285,
        "city_lon": -89.7348497,
        "fetched_at": "2026-06-27T15:56:58.392950+00:00",
        "color": "#2d6a4f"
      }
    },
    {
      "type": "Feature",
      "geometry": {
        "type": "Point",
        "coordinates": [
          "-97.2853",
          "26.2624"
        ]
      },
      "properties": {
        "source": "NOAA",
        "site_id": "8779280",
        "site_name": "Realitos Peninsula",
        "lat": "26.2624",
        "lon": "-97.2853",
        "stage_ft": 1.066,
        "stage_datetime": "2026-06-27 16:06",
        "tier": "normal",
        "action_stage": 17.18,
        "flood_stage": 18.18,
        "major_stage": 20.18,
        "url": "https://tidesandcurrents.noaa.gov/stationhome.html?id=8779280",
        "city_lat": 26.1488926,
        "city_lon": -97.8303536,
        "fetched_at": "2026-06-27T15:56:58.392950+00:00",
        "color": "#2d6a4f"
      }
    },
    {
      "type": "Feature",
      "geometry": {
        "type": "Point",
        "coordinates": [
          "-95.2658",
          "29.7263"
        ]
      },
      "properties": {
        "source": "NOAA",
        "site_id": "8770777",
        "site_name": "Manchester",
        "lat": "29.7263",
        "lon": "-95.2658",
        "stage_ft": 1.943,
        "stage_datetime": "2026-06-27 15:48",
        "tier": "normal",
        "action_stage": 8.14,
        "flood_stage": 9.14,
        "major_stage": 11.14,
        "url": "https://tidesandcurrents.noaa.gov/stationhome.html?id=8770777",
        "city_lat": 32.7762719,
        "city_lon": -96.7968559,
        "fetched_at": "2026-06-27T15:56:58.392950+00:00",
        "color": "#2d6a4f"
      }
    },
    {
      "type": "Feature",
      "geometry": {
        "type": "Point",
        "coordinates": [
          "-97.2853",
          "26.2624"
        ]
      },
      "properties": {
        "source": "NOAA",
        "site_id": "8779280",
        "site_name": "Realitos Peninsula",
        "lat": "26.2624",
        "lon": "-97.2853",
        "stage_ft": 1.066,
        "stage_datetime": "2026-06-27 16:06",
        "tier": "normal",
        "action_stage": 17.18,
        "flood_stage": 18.18,
        "major_stage": 20.18,
        "url": "https://tidesandcurrents.noaa.gov/stationhome.html?id=8779280",
        "city_lat": 26.1488926,
        "city_lon": -97.8303536,
        "fetched_at": "2026-06-27T15:56:58.392950+00:00",
        "color": "#2d6a4f"
      }
    },
    {
      "type": "Feature",
      "geometry": {
        "type": "Point",
        "coordinates": [
          "-87.2112",
          "30.4044"
        ]
      },
      "properties": {
        "source": "NOAA",
        "site_id": "8729840",
        "site_name": "Pensacola",
        "lat": "30.4044",
        "lon": "-87.2112",
        "stage_ft": 1.862,
        "stage_datetime": "2026-06-27 15:48",
        "tier": "normal",
        "action_stage": 10.69,
        "flood_stage": 11.69,
        "major_stage": 13.69,
        "url": "https://tidesandcurrents.noaa.gov/stationhome.html?id=8729840",
        "city_lat": 31.196549,
        "city_lon": -86.4597236,
        "fetched_at": "2026-06-27T15:56:58.392950+00:00",
        "color": "#2d6a4f"
      }
    },
    {
      "type": "Feature",
      "geometry": {
        "type": "Point",
        "coordinates": [
          "-95.2658",
          "29.7263"
        ]
      },
      "properties": {
        "source": "NOAA",
        "site_id": "8770777",
        "site_name": "Manchester",
        "lat": "29.7263",
        "lon": "-95.2658",
        "stage_ft": 1.943,
        "stage_datetime": "2026-06-27 15:48",
        "tier": "normal",
        "action_stage": 8.14,
        "flood_stage": 9.14,
        "major_stage": 11.14,
        "url": "https://tidesandcurrents.noaa.gov/stationhome.html?id=8770777",
        "city_lat": 31.4254801,
        "city_lon": -97.7936473,
        "fetched_at": "2026-06-27T15:56:58.392950+00:00",
        "color": "#2d6a4f"
      }
    },
    {
      "type": "Feature",
      "geometry": {
        "type": "Point",
        "coordinates": [
          "-95.2658",
          "29.7263"
        ]
      },
      "properties": {
        "source": "NOAA",
        "site_id": "8770777",
        "site_name": "Manchester",
        "lat": "29.7263",
        "lon": "-95.2658",
        "stage_ft": 1.943,
        "stage_datetime": "2026-06-27 15:48",
        "tier": "normal",
        "action_stage": 8.14,
        "flood_stage": 9.14,
        "major_stage": 11.14,
        "url": "https://tidesandcurrents.noaa.gov/stationhome.html?id=8770777",
        "city_lat": 32.753177,
        "city_lon": -97.3327459,
        "fetched_at": "2026-06-27T15:56:58.392950+00:00",
        "color": "#2d6a4f"
      }
    },
    {
      "type": "Feature",
      "geometry": {
        "type": "Point",
        "coordinates": [
          "-95.2658",
          "29.7263"
        ]
      },
      "properties": {
        "source": "NOAA",
        "site_id": "8770777",
        "site_name": "Manchester",
        "lat": "29.7263",
        "lon": "-95.2658",
        "stage_ft": 1.943,
        "stage_datetime": "2026-06-27 15:48",
        "tier": "normal",
        "action_stage": 8.14,
        "flood_stage": 9.14,
        "major_stage": 11.14,
        "url": "https://tidesandcurrents.noaa.gov/stationhome.html?id=8770777",
        "city_lat": 31.4254801,
        "city_lon": -97.7936473,
        "fetched_at": "2026-06-27T15:56:58.392950+00:00",
        "color": "#2d6a4f"
      }
    },
    {
      "type": "Feature",
      "geometry": {
        "type": "Point",
        "coordinates": [
          "-88.0736",
          "30.7819"
        ]
      },
      "properties": {
        "source": "NOAA",
        "site_id": "8737138",
        "site_name": "Chickasaw Creek",
        "lat": "30.7819",
        "lon": "-88.0736",
        "stage_ft": 2.516,
        "stage_datetime": "2026-06-27 15:48",
        "tier": "normal",
        "action_stage": 27.3,
        "flood_stage": 28.3,
        "major_stage": 30.3,
        "url": "https://tidesandcurrents.noaa.gov/stationhome.html?id=8737138",
        "city_lat": 33.2588817,
        "city_lon": -86.8295337,
        "fetched_at": "2026-06-27T15:56:58.392950+00:00",
        "color": "#2d6a4f"
      }
    },
    {
      "type": "Feature",
      "geometry": {
        "type": "Point",
        "coordinates": [
          "-93.93",
          "29.8667"
        ]
      },
      "properties": {
        "source": "NOAA",
        "site_id": "8770475",
        "site_name": "Port Arthur",
        "lat": "29.8667",
        "lon": "-93.93",
        "stage_ft": 1.552,
        "stage_datetime": "2026-06-27 15:48",
        "tier": "normal",
        "action_stage": 6.65,
        "flood_stage": 7.65,
        "major_stage": 9.65,
        "url": "https://tidesandcurrents.noaa.gov/stationhome.html?id=8770475",
        "city_lat": 29.834772,
        "city_lon": -94.1704496,
        "fetched_at": "2026-06-27T15:56:58.392950+00:00",
        "color": "#2d6a4f"
      }
    },
    {
      "type": "Feature",
      "geometry": {
        "type": "Point",
        "coordinates": [
          "-80.903",
          "32.0347"
        ]
      },
      "properties": {
        "source": "NOAA",
        "site_id": "8670870",
        "site_name": "Fort Pulaski",
        "lat": "32.0347",
        "lon": "-80.903",
        "stage_ft": 1.116,
        "stage_datetime": "2026-06-27 15:48",
        "tier": "normal",
        "action_stage": 12.0,
        "flood_stage": 13.0,
        "major_stage": 15.0,
        "url": "https://tidesandcurrents.noaa.gov/stationhome.html?id=8670870",
        "city_lat": 33.7635851,
        "city_lon": -81.9759066,
        "fetched_at": "2026-06-27T15:56:58.392950+00:00",
        "color": "#2d6a4f"
      }
    },
    {
      "type": "Feature",
      "geometry": {
        "type": "Point",
        "coordinates": [
          "-118.5",
          "34.0083"
        ]
      },
      "properties": {
        "source": "NOAA",
        "site_id": "9410840",
        "site_name": "Santa Monica",
        "lat": "34.0083",
        "lon": "-118.5",
        "stage_ft": 3.55,
        "stage_datetime": "2026-06-27 15:42",
        "tier": "normal",
        "action_stage": 8.87,
        "flood_stage": 9.87,
        "major_stage": 11.87,
        "url": "https://tidesandcurrents.noaa.gov/stationhome.html?id=9410840",
        "city_lat": 34.0317624,
        "city_lon": -118.8445875,
        "fetched_at": "2026-06-27T15:56:58.392950+00:00",
        "color": "#2d6a4f"
      }
    },
    {
      "type": "Feature",
      "geometry": {
        "type": "Point",
        "coordinates": [
          "-122.0395",
          "38.056"
        ]
      },
      "properties": {
        "source": "NOAA",
        "site_id": "9415144",
        "site_name": "Port Chicago",
        "lat": "38.056",
        "lon": "-122.0395",
        "stage_ft": 0.519,
        "stage_datetime": "2026-06-27 16:18",
        "tier": "normal",
        "action_stage": 9.9,
        "flood_stage": 10.9,
        "major_stage": 12.9,
        "url": "https://tidesandcurrents.noaa.gov/stationhome.html?id=9415144",
        "city_lat": 38.0,
        "city_lon": -121.4,
        "fetched_at": "2026-06-27T15:56:58.392950+00:00",
        "color": "#2d6a4f"
      }
    },
    {
      "type": "Feature",
      "geometry": {
        "type": "Point",
        "coordinates": [
          "-74.0142",
          "40.7006"
        ]
      },
      "properties": {
        "source": "NOAA",
        "site_id": "8518750",
        "site_name": "The Battery",
        "lat": "40.7006",
        "lon": "-74.0142",
        "stage_ft": 1.821,
        "stage_datetime": "2026-06-27 15:48",
        "tier": "normal",
        "action_stage": 9.34,
        "flood_stage": 10.34,
        "major_stage": 12.34,
        "url": "https://tidesandcurrents.noaa.gov/stationhome.html?id=8518750",
        "city_lat": 40.5834557,
        "city_lon": -74.1496048,
        "fetched_at": "2026-06-27T15:56:58.392950+00:00",
        "color": "#2d6a4f"
      }
    },
    {
      "type": "Feature",
      "geometry": {
        "type": "Point",
        "coordinates": [
          "-93.8817",
          "29.98"
        ]
      },
      "properties": {
        "source": "NOAA",
        "site_id": "8770520",
        "site_name": "Rainbow Bridge",
        "lat": "29.98",
        "lon": "-93.8817",
        "stage_ft": 1.68,
        "stage_datetime": "2026-06-27 15:48",
        "tier": "normal",
        "action_stage": 5.82,
        "flood_stage": 6.82,
        "major_stage": 8.82,
        "url": "https://tidesandcurrents.noaa.gov/stationhome.html?id=8770520",
        "city_lat": 30.0294356,
        "city_lon": -93.8399077,
        "fetched_at": "2026-06-27T15:56:58.392950+00:00",
        "color": "#2d6a4f"
      }
    },
    {
      "type": "Feature",
      "geometry": {
        "type": "Point",
        "coordinates": [
          "-95.2658",
          "29.7263"
        ]
      },
      "properties": {
        "source": "NOAA",
        "site_id": "8770777",
        "site_name": "Manchester",
        "lat": "29.7263",
        "lon": "-95.2658",
        "stage_ft": 1.943,
        "stage_datetime": "2026-06-27 15:48",
        "tier": "normal",
        "action_stage": 8.14,
        "flood_stage": 9.14,
        "major_stage": 11.14,
        "url": "https://tidesandcurrents.noaa.gov/stationhome.html?id=8770777",
        "city_lat": 34.9550817,
        "city_lon": -97.2684063,
        "fetched_at": "2026-06-27T15:56:58.392950+00:00",
        "color": "#2d6a4f"
      }
    },
    {
      "type": "Feature",
      "geometry": {
        "type": "Point",
        "coordinates": [
          "-93.93",
          "29.8667"
        ]
      },
      "properties": {
        "source": "NOAA",
        "site_id": "8770475",
        "site_name": "Port Arthur",
        "lat": "29.8667",
        "lon": "-93.93",
        "stage_ft": 1.552,
        "stage_datetime": "2026-06-27 15:48",
        "tier": "normal",
        "action_stage": 6.65,
        "flood_stage": 7.65,
        "major_stage": 9.65,
        "url": "https://tidesandcurrents.noaa.gov/stationhome.html?id=8770475",
        "city_lat": 29.834772,
        "city_lon": -94.1704496,
        "fetched_at": "2026-06-27T15:56:58.392950+00:00",
        "color": "#2d6a4f"
      }
    },
    {
      "type": "Feature",
      "geometry": {
        "type": "Point",
        "coordinates": [
          "-75.0793",
          "39.9797"
        ]
      },
      "properties": {
        "source": "NOAA",
        "site_id": "8546252",
        "site_name": "Bridesburg",
        "lat": "39.9797",
        "lon": "-75.0793",
        "stage_ft": 6.165,
        "stage_datetime": "2026-06-27 16:18",
        "tier": "normal",
        "action_stage": 27.5,
        "flood_stage": 28.5,
        "major_stage": 30.5,
        "url": "https://tidesandcurrents.noaa.gov/stationhome.html?id=8546252",
        "city_lat": 40.2154361,
        "city_lon": -75.3702305,
        "fetched_at": "2026-06-27T15:56:58.392950+00:00",
        "color": "#2d6a4f"
      }
    },
    {
      "type": "Feature",
      "geometry": {
        "type": "Point",
        "coordinates": [
          "-70.2442",
          "43.6581"
        ]
      },
      "properties": {
        "source": "NOAA",
        "site_id": "8418150",
        "site_name": "Portland",
        "lat": "43.6581",
        "lon": "-70.2442",
        "stage_ft": 7.919,
        "stage_datetime": "2026-06-27 15:48",
        "tier": "normal",
        "action_stage": 19.46,
        "flood_stage": 20.46,
        "major_stage": 22.46,
        "url": "https://tidesandcurrents.noaa.gov/stationhome.html?id=8418150",
        "city_lat": 44.5990718,
        "city_lon": -72.5002608,
        "fetched_at": "2026-06-27T15:56:58.392950+00:00",
        "color": "#2d6a4f"
      }
    },
    {
      "type": "Feature",
      "geometry": {
        "type": "Point",
        "coordinates": [
          "-70.7411",
          "43.0797"
        ]
      },
      "properties": {
        "source": "NOAA",
        "site_id": "8419870",
        "site_name": "Seavey Island",
        "lat": "43.0797",
        "lon": "-70.7411",
        "stage_ft": 6.896,
        "stage_datetime": "2026-06-27 16:12",
        "tier": "normal",
        "action_stage": 12.16,
        "flood_stage": 13.16,
        "major_stage": 15.16,
        "url": "https://tidesandcurrents.noaa.gov/stationhome.html?id=8419870",
        "city_lat": 43.4849133,
        "city_lon": -71.6553992,
        "fetched_at": "2026-06-27T15:56:58.392950+00:00",
        "color": "#2d6a4f"
      }
    },
    {
      "type": "Feature",
      "geometry": {
        "type": "Point",
        "coordinates": [
          "-96.6098",
          "28.6406"
        ]
      },
      "properties": {
        "source": "NOAA",
        "site_id": "8773259",
        "site_name": "Port Lavaca",
        "lat": "28.6406",
        "lon": "-96.6098",
        "stage_ft": 1.302,
        "stage_datetime": "2026-06-27 15:48",
        "tier": "normal",
        "action_stage": 4.9,
        "flood_stage": 5.9,
        "major_stage": 7.9,
        "url": "https://tidesandcurrents.noaa.gov/stationhome.html?id=8773259",
        "city_lat": 29.8381635,
        "city_lon": -96.9559692,
        "fetched_at": "2026-06-27T15:56:58.392950+00:00",
        "color": "#2d6a4f"
      }
    },
    {
      "type": "Feature",
      "geometry": {
        "type": "Point",
        "coordinates": [
          "-70.2442",
          "43.6581"
        ]
      },
      "properties": {
        "source": "NOAA",
        "site_id": "8418150",
        "site_name": "Portland",
        "lat": "43.6581",
        "lon": "-70.2442",
        "stage_ft": 7.919,
        "stage_datetime": "2026-06-27 15:48",
        "tier": "normal",
        "action_stage": 19.46,
        "flood_stage": 20.46,
        "major_stage": 22.46,
        "url": "https://tidesandcurrents.noaa.gov/stationhome.html?id=8418150",
        "city_lat": 44.5990718,
        "city_lon": -72.5002608,
        "fetched_at": "2026-06-27T15:56:58.392950+00:00",
        "color": "#2d6a4f"
      }
    },
    {
      "type": "Feature",
      "geometry": {
        "type": "Point",
        "coordinates": [
          "-70.7411",
          "43.0797"
        ]
      },
      "properties": {
        "source": "NOAA",
        "site_id": "8419870",
        "site_name": "Seavey Island",
        "lat": "43.0797",
        "lon": "-70.7411",
        "stage_ft": 6.896,
        "stage_datetime": "2026-06-27 16:12",
        "tier": "normal",
        "action_stage": 12.16,
        "flood_stage": 13.16,
        "major_stage": 15.16,
        "url": "https://tidesandcurrents.noaa.gov/stationhome.html?id=8419870",
        "city_lat": 43.4849133,
        "city_lon": -71.6553992,
        "fetched_at": "2026-06-27T15:56:58.392950+00:00",
        "color": "#2d6a4f"
      }
    },
    {
      "type": "Feature",
      "geometry": {
        "type": "Point",
        "coordinates": [
          "-74.0142",
          "40.7006"
        ]
      },
      "properties": {
        "source": "NOAA",
        "site_id": "8518750",
        "site_name": "The Battery",
        "lat": "40.7006",
        "lon": "-74.0142",
        "stage_ft": 1.821,
        "stage_datetime": "2026-06-27 15:48",
        "tier": "normal",
        "action_stage": 9.34,
        "flood_stage": 10.34,
        "major_stage": 12.34,
        "url": "https://tidesandcurrents.noaa.gov/stationhome.html?id=8518750",
        "city_lat": 40.8325928,
        "city_lon": -74.4323617,
        "fetched_at": "2026-06-27T15:56:58.392950+00:00",
        "color": "#2d6a4f"
      }
    },
    {
      "type": "Feature",
      "geometry": {
        "type": "Point",
        "coordinates": [
          "-118.5",
          "34.0083"
        ]
      },
      "properties": {
        "source": "NOAA",
        "site_id": "9410840",
        "site_name": "Santa Monica",
        "lat": "34.0083",
        "lon": "-118.5",
        "stage_ft": 3.55,
        "stage_datetime": "2026-06-27 15:42",
        "tier": "normal",
        "action_stage": 8.87,
        "flood_stage": 9.87,
        "major_stage": 11.87,
        "url": "https://tidesandcurrents.noaa.gov/stationhome.html?id=9410840",
        "city_lat": 34.0536909,
        "city_lon": -118.242766,
        "fetched_at": "2026-06-27T15:56:58.392950+00:00",
        "color": "#2d6a4f"
      }
    },
    {
      "type": "Feature",
      "geometry": {
        "type": "Point",
        "coordinates": [
          "-95.2658",
          "29.7263"
        ]
      },
      "properties": {
        "source": "NOAA",
        "site_id": "8770777",
        "site_name": "Manchester",
        "lat": "29.7263",
        "lon": "-95.2658",
        "stage_ft": 1.943,
        "stage_datetime": "2026-06-27 15:48",
        "tier": "normal",
        "action_stage": 8.14,
        "flood_stage": 9.14,
        "major_stage": 11.14,
        "url": "https://tidesandcurrents.noaa.gov/stationhome.html?id=8770777",
        "city_lat": 34.3284948,
        "city_lon": -96.017838,
        "fetched_at": "2026-06-27T15:56:58.392950+00:00",
        "color": "#2d6a4f"
      }
    },
    {
      "type": "Feature",
      "geometry": {
        "type": "Point",
        "coordinates": [
          "-95.2658",
          "29.7263"
        ]
      },
      "properties": {
        "source": "NOAA",
        "site_id": "8770777",
        "site_name": "Manchester",
        "lat": "29.7263",
        "lon": "-95.2658",
        "stage_ft": 1.943,
        "stage_datetime": "2026-06-27 15:48",
        "tier": "normal",
        "action_stage": 8.14,
        "flood_stage": 9.14,
        "major_stage": 11.14,
        "url": "https://tidesandcurrents.noaa.gov/stationhome.html?id=8770777",
        "city_lat": 35.4729886,
        "city_lon": -97.5170536,
        "fetched_at": "2026-06-27T15:56:58.392950+00:00",
        "color": "#2d6a4f"
      }
    },
    {
      "type": "Feature",
      "geometry": {
        "type": "Point",
        "coordinates": [
          "-95.2658",
          "29.7263"
        ]
      },
      "properties": {
        "source": "NOAA",
        "site_id": "8770777",
        "site_name": "Manchester",
        "lat": "29.7263",
        "lon": "-95.2658",
        "stage_ft": 1.943,
        "stage_datetime": "2026-06-27 15:48",
        "tier": "normal",
        "action_stage": 8.14,
        "flood_stage": 9.14,
        "major_stage": 11.14,
        "url": "https://tidesandcurrents.noaa.gov/stationhome.html?id=8770777",
        "city_lat": 33.1197504,
        "city_lon": -96.1211795,
        "fetched_at": "2026-06-27T15:56:58.392950+00:00",
        "color": "#2d6a4f"
      }
    },
    {
      "type": "Feature",
      "geometry": {
        "type": "Point",
        "coordinates": [
          "-76.3286",
          "36.9428"
        ]
      },
      "properties": {
        "source": "NOAA",
        "site_id": "8638610",
        "site_name": "Sewells Point",
        "lat": "36.9428",
        "lon": "-76.3286",
        "stage_ft": 1.027,
        "stage_datetime": "2026-06-27 16:18",
        "tier": "normal",
        "action_stage": 8.14,
        "flood_stage": 9.14,
        "major_stage": 11.14,
        "url": "https://tidesandcurrents.noaa.gov/stationhome.html?id=8638610",
        "city_lat": 36.9507552,
        "city_lon": -76.4114187,
        "fetched_at": "2026-06-27T15:56:58.392950+00:00",
        "color": "#2d6a4f"
      }
    },
    {
      "type": "Feature",
      "geometry": {
        "type": "Point",
        "coordinates": [
          "-95.2658",
          "29.7263"
        ]
      },
      "properties": {
        "source": "NOAA",
        "site_id": "8770777",
        "site_name": "Manchester",
        "lat": "29.7263",
        "lon": "-95.2658",
        "stage_ft": 1.943,
        "stage_datetime": "2026-06-27 15:48",
        "tier": "normal",
        "action_stage": 8.14,
        "flood_stage": 9.14,
        "major_stage": 11.14,
        "url": "https://tidesandcurrents.noaa.gov/stationhome.html?id=8770777",
        "city_lat": 33.1609629,
        "city_lon": -96.6060984,
        "fetched_at": "2026-06-27T15:56:58.392950+00:00",
        "color": "#2d6a4f"
      }
    },
    {
      "type": "Feature",
      "geometry": {
        "type": "Point",
        "coordinates": [
          "-71.0503",
          "42.3539"
        ]
      },
      "properties": {
        "source": "NOAA",
        "site_id": "8443970",
        "site_name": "Boston",
        "lat": "42.3539",
        "lon": "-71.0503",
        "stage_ft": 8.316,
        "stage_datetime": "2026-06-27 15:54",
        "tier": "normal",
        "action_stage": 14.8,
        "flood_stage": 15.8,
        "major_stage": 17.8,
        "url": "https://tidesandcurrents.noaa.gov/stationhome.html?id=8443970",
        "city_lat": 42.3788774,
        "city_lon": -72.032366,
        "fetched_at": "2026-06-27T15:56:58.392950+00:00",
        "color": "#2d6a4f"
      }
    },
    {
      "type": "Feature",
      "geometry": {
        "type": "Point",
        "coordinates": [
          "-151.7199",
          "59.4405"
        ]
      },
      "properties": {
        "source": "NOAA",
        "site_id": "9455500",
        "site_name": "Seldovia",
        "lat": "59.4405",
        "lon": "-151.7199",
        "stage_ft": 6.545,
        "stage_datetime": "2026-06-27 13:06",
        "tier": "normal",
        "action_stage": 25.83,
        "flood_stage": 26.83,
        "major_stage": 28.83,
        "url": "https://tidesandcurrents.noaa.gov/stationhome.html?id=9455500",
        "city_lat": 59.6454064,
        "city_lon": -151.5445643,
        "fetched_at": "2026-06-27T15:56:58.392950+00:00",
        "color": "#2d6a4f"
      }
    },
    {
      "type": "Feature",
      "geometry": {
        "type": "Point",
        "coordinates": [
          "-71.0503",
          "42.3539"
        ]
      },
      "properties": {
        "source": "NOAA",
        "site_id": "8443970",
        "site_name": "Boston",
        "lat": "42.3539",
        "lon": "-71.0503",
        "stage_ft": 8.316,
        "stage_datetime": "2026-06-27 15:54",
        "tier": "normal",
        "action_stage": 14.8,
        "flood_stage": 15.8,
        "major_stage": 17.8,
        "url": "https://tidesandcurrents.noaa.gov/stationhome.html?id=8443970",
        "city_lat": 42.3788774,
        "city_lon": -72.032366,
        "fetched_at": "2026-06-27T15:56:58.392950+00:00",
        "color": "#2d6a4f"
      }
    },
    {
      "type": "Feature",
      "geometry": {
        "type": "Point",
        "coordinates": [
          "-71.4007",
          "41.8072"
        ]
      },
      "properties": {
        "source": "NOAA",
        "site_id": "8454000",
        "site_name": "Providence",
        "lat": "41.8072",
        "lon": "-71.4007",
        "stage_ft": 1.009,
        "stage_datetime": "2026-06-27 16:18",
        "tier": "normal",
        "action_stage": 9.33,
        "flood_stage": 10.33,
        "major_stage": 12.33,
        "url": "https://tidesandcurrents.noaa.gov/stationhome.html?id=8454000",
        "city_lat": 41.7962409,
        "city_lon": -71.5992372,
        "fetched_at": "2026-06-27T15:56:58.392950+00:00",
        "color": "#2d6a4f"
      }
    },
    {
      "type": "Feature",
      "geometry": {
        "type": "Point",
        "coordinates": [
          "-71.0503",
          "42.3539"
        ]
      },
      "properties": {
        "source": "NOAA",
        "site_id": "8443970",
        "site_name": "Boston",
        "lat": "42.3539",
        "lon": "-71.0503",
        "stage_ft": 8.316,
        "stage_datetime": "2026-06-27 15:54",
        "tier": "normal",
        "action_stage": 14.8,
        "flood_stage": 15.8,
        "major_stage": 17.8,
        "url": "https://tidesandcurrents.noaa.gov/stationhome.html?id=8443970",
        "city_lat": 42.3788774,
        "city_lon": -72.032366,
        "fetched_at": "2026-06-27T15:56:58.392950+00:00",
        "color": "#2d6a4f"
      }
    },
    {
      "type": "Feature",
      "geometry": {
        "type": "Point",
        "coordinates": [
          "-71.4007",
          "41.8072"
        ]
      },
      "properties": {
        "source": "NOAA",
        "site_id": "8454000",
        "site_name": "Providence",
        "lat": "41.8072",
        "lon": "-71.4007",
        "stage_ft": 1.009,
        "stage_datetime": "2026-06-27 16:18",
        "tier": "normal",
        "action_stage": 9.33,
        "flood_stage": 10.33,
        "major_stage": 12.33,
        "url": "https://tidesandcurrents.noaa.gov/stationhome.html?id=8454000",
        "city_lat": 41.7962409,
        "city_lon": -71.5992372,
        "fetched_at": "2026-06-27T15:56:58.392950+00:00",
        "color": "#2d6a4f"
      }
    },
    {
      "type": "Feature",
      "geometry": {
        "type": "Point",
        "coordinates": [
          "-95.2658",
          "29.7263"
        ]
      },
      "properties": {
        "source": "NOAA",
        "site_id": "8770777",
        "site_name": "Manchester",
        "lat": "29.7263",
        "lon": "-95.2658",
        "stage_ft": 1.943,
        "stage_datetime": "2026-06-27 15:48",
        "tier": "normal",
        "action_stage": 8.14,
        "flood_stage": 9.14,
        "major_stage": 11.14,
        "url": "https://tidesandcurrents.noaa.gov/stationhome.html?id=8770777",
        "city_lat": 34.3284948,
        "city_lon": -96.017838,
        "fetched_at": "2026-06-27T15:56:58.392950+00:00",
        "color": "#2d6a4f"
      }
    },
    {
      "type": "Feature",
      "geometry": {
        "type": "Point",
        "coordinates": [
          "-96.6098",
          "28.6406"
        ]
      },
      "properties": {
        "source": "NOAA",
        "site_id": "8773259",
        "site_name": "Port Lavaca",
        "lat": "28.6406",
        "lon": "-96.6098",
        "stage_ft": 1.302,
        "stage_datetime": "2026-06-27 15:48",
        "tier": "normal",
        "action_stage": 4.9,
        "flood_stage": 5.9,
        "major_stage": 7.9,
        "url": "https://tidesandcurrents.noaa.gov/stationhome.html?id=8773259",
        "city_lat": 31.2638905,
        "city_lon": -98.5456116,
        "fetched_at": "2026-06-27T15:56:58.392950+00:00",
        "color": "#2d6a4f"
      }
    },
    {
      "type": "Feature",
      "geometry": {
        "type": "Point",
        "coordinates": [
          "-95.2658",
          "29.7263"
        ]
      },
      "properties": {
        "source": "NOAA",
        "site_id": "8770777",
        "site_name": "Manchester",
        "lat": "29.7263",
        "lon": "-95.2658",
        "stage_ft": 1.943,
        "stage_datetime": "2026-06-27 15:48",
        "tier": "normal",
        "action_stage": 8.14,
        "flood_stage": 9.14,
        "major_stage": 11.14,
        "url": "https://tidesandcurrents.noaa.gov/stationhome.html?id=8770777",
        "city_lat": 34.3284948,
        "city_lon": -96.017838,
        "fetched_at": "2026-06-27T15:56:58.392950+00:00",
        "color": "#2d6a4f"
      }
    },
    {
      "type": "Feature",
      "geometry": {
        "type": "Point",
        "coordinates": [
          "-95.2658",
          "29.7263"
        ]
      },
      "properties": {
        "source": "NOAA",
        "site_id": "8770777",
        "site_name": "Manchester",
        "lat": "29.7263",
        "lon": "-95.2658",
        "stage_ft": 1.943,
        "stage_datetime": "2026-06-27 15:48",
        "tier": "normal",
        "action_stage": 8.14,
        "flood_stage": 9.14,
        "major_stage": 11.14,
        "url": "https://tidesandcurrents.noaa.gov/stationhome.html?id=8770777",
        "city_lat": 34.3284948,
        "city_lon": -96.017838,
        "fetched_at": "2026-06-27T15:56:58.392950+00:00",
        "color": "#2d6a4f"
      }
    },
    {
      "type": "Feature",
      "geometry": {
        "type": "Point",
        "coordinates": [
          "-96.6098",
          "28.6406"
        ]
      },
      "properties": {
        "source": "NOAA",
        "site_id": "8773259",
        "site_name": "Port Lavaca",
        "lat": "28.6406",
        "lon": "-96.6098",
        "stage_ft": 1.302,
        "stage_datetime": "2026-06-27 15:48",
        "tier": "normal",
        "action_stage": 4.9,
        "flood_stage": 5.9,
        "major_stage": 7.9,
        "url": "https://tidesandcurrents.noaa.gov/stationhome.html?id=8773259",
        "city_lat": 30.2878569,
        "city_lon": -97.7561392,
        "fetched_at": "2026-06-27T15:56:58.392950+00:00",
        "color": "#2d6a4f"
      }
    },
    {
      "type": "Feature",
      "geometry": {
        "type": "Point",
        "coordinates": [
          "-95.2658",
          "29.7263"
        ]
      },
      "properties": {
        "source": "NOAA",
        "site_id": "8770777",
        "site_name": "Manchester",
        "lat": "29.7263",
        "lon": "-95.2658",
        "stage_ft": 1.943,
        "stage_datetime": "2026-06-27 15:48",
        "tier": "normal",
        "action_stage": 8.14,
        "flood_stage": 9.14,
        "major_stage": 11.14,
        "url": "https://tidesandcurrents.noaa.gov/stationhome.html?id=8770777",
        "city_lat": 32.7762719,
        "city_lon": -96.7968559,
        "fetched_at": "2026-06-27T15:56:58.392950+00:00",
        "color": "#2d6a4f"
      }
    },
    {
      "type": "Feature",
      "geometry": {
        "type": "Point",
        "coordinates": [
          "-74.0142",
          "40.7006"
        ]
      },
      "properties": {
        "source": "NOAA",
        "site_id": "8518750",
        "site_name": "The Battery",
        "lat": "40.7006",
        "lon": "-74.0142",
        "stage_ft": 1.821,
        "stage_datetime": "2026-06-27 15:48",
        "tier": "normal",
        "action_stage": 9.34,
        "flood_stage": 10.34,
        "major_stage": 12.34,
        "url": "https://tidesandcurrents.noaa.gov/stationhome.html?id=8518750",
        "city_lat": 40.795363,
        "city_lon": -74.3880353,
        "fetched_at": "2026-06-27T15:56:58.392950+00:00",
        "color": "#2d6a4f"
      }
    },
    {
      "type": "Feature",
      "geometry": {
        "type": "Point",
        "coordinates": [
          "-95.2658",
          "29.7263"
        ]
      },
      "properties": {
        "source": "NOAA",
        "site_id": "8770777",
        "site_name": "Manchester",
        "lat": "29.7263",
        "lon": "-95.2658",
        "stage_ft": 1.943,
        "stage_datetime": "2026-06-27 15:48",
        "tier": "normal",
        "action_stage": 8.14,
        "flood_stage": 9.14,
        "major_stage": 11.14,
        "url": "https://tidesandcurrents.noaa.gov/stationhome.html?id=8770777",
        "city_lat": 35.8830723,
        "city_lon": -96.3835476,
        "fetched_at": "2026-06-27T15:56:58.392950+00:00",
        "color": "#2d6a4f"
      }
    },
    {
      "type": "Feature",
      "geometry": {
        "type": "Point",
        "coordinates": [
          "-95.2658",
          "29.7263"
        ]
      },
      "properties": {
        "source": "NOAA",
        "site_id": "8770777",
        "site_name": "Manchester",
        "lat": "29.7263",
        "lon": "-95.2658",
        "stage_ft": 1.943,
        "stage_datetime": "2026-06-27 15:48",
        "tier": "normal",
        "action_stage": 8.14,
        "flood_stage": 9.14,
        "major_stage": 11.14,
        "url": "https://tidesandcurrents.noaa.gov/stationhome.html?id=8770777",
        "city_lat": 35.8830723,
        "city_lon": -96.3835476,
        "fetched_at": "2026-06-27T15:56:58.392950+00:00",
        "color": "#2d6a4f"
      }
    },
    {
      "type": "Feature",
      "geometry": {
        "type": "Point",
        "coordinates": [
          "-95.2658",
          "29.7263"
        ]
      },
      "properties": {
        "source": "NOAA",
        "site_id": "8770777",
        "site_name": "Manchester",
        "lat": "29.7263",
        "lon": "-95.2658",
        "stage_ft": 1.943,
        "stage_datetime": "2026-06-27 15:48",
        "tier": "normal",
        "action_stage": 8.14,
        "flood_stage": 9.14,
        "major_stage": 11.14,
        "url": "https://tidesandcurrents.noaa.gov/stationhome.html?id=8770777",
        "city_lat": 32.753177,
        "city_lon": -97.3327459,
        "fetched_at": "2026-06-27T15:56:58.392950+00:00",
        "color": "#2d6a4f"
      }
    },
    {
      "type": "Feature",
      "geometry": {
        "type": "Point",
        "coordinates": [
          "-95.2658",
          "29.7263"
        ]
      },
      "properties": {
        "source": "NOAA",
        "site_id": "8770777",
        "site_name": "Manchester",
        "lat": "29.7263",
        "lon": "-95.2658",
        "stage_ft": 1.943,
        "stage_datetime": "2026-06-27 15:48",
        "tier": "normal",
        "action_stage": 8.14,
        "flood_stage": 9.14,
        "major_stage": 11.14,
        "url": "https://tidesandcurrents.noaa.gov/stationhome.html?id=8770777",
        "city_lat": 34.3284948,
        "city_lon": -96.017838,
        "fetched_at": "2026-06-27T15:56:58.392950+00:00",
        "color": "#2d6a4f"
      }
    },
    {
      "type": "Feature",
      "geometry": {
        "type": "Point",
        "coordinates": [
          "-95.2658",
          "29.7263"
        ]
      },
      "properties": {
        "source": "NOAA",
        "site_id": "8770777",
        "site_name": "Manchester",
        "lat": "29.7263",
        "lon": "-95.2658",
        "stage_ft": 1.943,
        "stage_datetime": "2026-06-27 15:48",
        "tier": "normal",
        "action_stage": 8.14,
        "flood_stage": 9.14,
        "major_stage": 11.14,
        "url": "https://tidesandcurrents.noaa.gov/stationhome.html?id=8770777",
        "city_lat": 33.1838787,
        "city_lon": -97.1413417,
        "fetched_at": "2026-06-27T15:56:58.392950+00:00",
        "color": "#2d6a4f"
      }
    },
    {
      "type": "Feature",
      "geometry": {
        "type": "Point",
        "coordinates": [
          "-118.5",
          "34.0083"
        ]
      },
      "properties": {
        "source": "NOAA",
        "site_id": "9410840",
        "site_name": "Santa Monica",
        "lat": "34.0083",
        "lon": "-118.5",
        "stage_ft": 3.55,
        "stage_datetime": "2026-06-27 15:42",
        "tier": "normal",
        "action_stage": 8.87,
        "flood_stage": 9.87,
        "major_stage": 11.87,
        "url": "https://tidesandcurrents.noaa.gov/stationhome.html?id=9410840",
        "city_lat": 34.0536909,
        "city_lon": -118.242766,
        "fetched_at": "2026-06-27T15:56:58.392950+00:00",
        "color": "#2d6a4f"
      }
    },
    {
      "type": "Feature",
      "geometry": {
        "type": "Point",
        "coordinates": [
          "-146.362",
          "61.125"
        ]
      },
      "properties": {
        "source": "NOAA",
        "site_id": "9454240",
        "site_name": "Valdez",
        "lat": "61.125",
        "lon": "-146.362",
        "stage_ft": 0.176,
        "stage_datetime": "2026-06-27 16:12",
        "tier": "normal",
        "action_stage": 19.89,
        "flood_stage": 20.89,
        "major_stage": 22.89,
        "url": "https://tidesandcurrents.noaa.gov/stationhome.html?id=9454240",
        "city_lat": 65.538809,
        "city_lon": -144.708313,
        "fetched_at": "2026-06-27T15:56:58.392950+00:00",
        "color": "#2d6a4f"
      }
    },
    {
      "type": "Feature",
      "geometry": {
        "type": "Point",
        "coordinates": [
          "-76.5783",
          "39.2667"
        ]
      },
      "properties": {
        "source": "NOAA",
        "site_id": "8574680",
        "site_name": "Baltimore",
        "lat": "39.2667",
        "lon": "-76.5783",
        "stage_ft": 1.0,
        "stage_datetime": "2026-06-27 15:48",
        "tier": "normal",
        "action_stage": 6.76,
        "flood_stage": 7.76,
        "major_stage": 9.76,
        "url": "https://tidesandcurrents.noaa.gov/stationhome.html?id=8574680",
        "city_lat": 39.5162401,
        "city_lon": -76.9382069,
        "fetched_at": "2026-06-27T15:56:58.392950+00:00",
        "color": "#2d6a4f"
      }
    },
    {
      "type": "Feature",
      "geometry": {
        "type": "Point",
        "coordinates": [
          "-118.5",
          "34.0083"
        ]
      },
      "properties": {
        "source": "NOAA",
        "site_id": "9410840",
        "site_name": "Santa Monica",
        "lat": "34.0083",
        "lon": "-118.5",
        "stage_ft": 3.55,
        "stage_datetime": "2026-06-27 15:42",
        "tier": "normal",
        "action_stage": 8.87,
        "flood_stage": 9.87,
        "major_stage": 11.87,
        "url": "https://tidesandcurrents.noaa.gov/stationhome.html?id=9410840",
        "city_lat": 34.0536909,
        "city_lon": -118.242766,
        "fetched_at": "2026-06-27T15:56:58.392950+00:00",
        "color": "#2d6a4f"
      }
    },
    {
      "type": "Feature",
      "geometry": {
        "type": "Point",
        "coordinates": [
          "-122.0395",
          "38.056"
        ]
      },
      "properties": {
        "source": "NOAA",
        "site_id": "9415144",
        "site_name": "Port Chicago",
        "lat": "38.056",
        "lon": "-122.0395",
        "stage_ft": 0.519,
        "stage_datetime": "2026-06-27 16:18",
        "tier": "normal",
        "action_stage": 9.9,
        "flood_stage": 10.9,
        "major_stage": 12.9,
        "url": "https://tidesandcurrents.noaa.gov/stationhome.html?id=9415144",
        "city_lat": 38.0,
        "city_lon": -121.4,
        "fetched_at": "2026-06-27T15:56:58.392950+00:00",
        "color": "#2d6a4f"
      }
    },
    {
      "type": "Feature",
      "geometry": {
        "type": "Point",
        "coordinates": [
          "-95.2658",
          "29.7263"
        ]
      },
      "properties": {
        "source": "NOAA",
        "site_id": "8770777",
        "site_name": "Manchester",
        "lat": "29.7263",
        "lon": "-95.2658",
        "stage_ft": 1.943,
        "stage_datetime": "2026-06-27 15:48",
        "tier": "normal",
        "action_stage": 8.14,
        "flood_stage": 9.14,
        "major_stage": 11.14,
        "url": "https://tidesandcurrents.noaa.gov/stationhome.html?id=8770777",
        "city_lat": 32.7762719,
        "city_lon": -96.7968559,
        "fetched_at": "2026-06-27T15:56:58.392950+00:00",
        "color": "#2d6a4f"
      }
    },
    {
      "type": "Feature",
      "geometry": {
        "type": "Point",
        "coordinates": [
          "-97.5207",
          "27.8461"
        ]
      },
      "properties": {
        "source": "NOAA",
        "site_id": "8775222",
        "site_name": "Viola Turning Basin",
        "lat": "27.8461",
        "lon": "-97.5207",
        "stage_ft": 0.922,
        "stage_datetime": "2026-06-27 15:48",
        "tier": "normal",
        "action_stage": 28.69,
        "flood_stage": 29.69,
        "major_stage": 31.69,
        "url": "https://tidesandcurrents.noaa.gov/stationhome.html?id=8775222",
        "city_lat": 31.9955331,
        "city_lon": -102.0687369,
        "fetched_at": "2026-06-27T15:56:58.392950+00:00",
        "color": "#2d6a4f"
      }
    },
    {
      "type": "Feature",
      "geometry": {
        "type": "Point",
        "coordinates": [
          "-95.2658",
          "29.7263"
        ]
      },
      "properties": {
        "source": "NOAA",
        "site_id": "8770777",
        "site_name": "Manchester",
        "lat": "29.7263",
        "lon": "-95.2658",
        "stage_ft": 1.943,
        "stage_datetime": "2026-06-27 15:48",
        "tier": "normal",
        "action_stage": 8.14,
        "flood_stage": 9.14,
        "major_stage": 11.14,
        "url": "https://tidesandcurrents.noaa.gov/stationhome.html?id=8770777",
        "city_lat": 37.930344,
        "city_lon": -98.1055753,
        "fetched_at": "2026-06-27T15:56:58.392950+00:00",
        "color": "#2d6a4f"
      }
    },
    {
      "type": "Feature",
      "geometry": {
        "type": "Point",
        "coordinates": [
          "-95.2658",
          "29.7263"
        ]
      },
      "properties": {
        "source": "NOAA",
        "site_id": "8770777",
        "site_name": "Manchester",
        "lat": "29.7263",
        "lon": "-95.2658",
        "stage_ft": 1.943,
        "stage_datetime": "2026-06-27 15:48",
        "tier": "normal",
        "action_stage": 8.14,
        "flood_stage": 9.14,
        "major_stage": 11.14,
        "url": "https://tidesandcurrents.noaa.gov/stationhome.html?id=8770777",
        "city_lat": 37.6922361,
        "city_lon": -97.3375448,
        "fetched_at": "2026-06-27T15:56:58.392950+00:00",
        "color": "#2d6a4f"
      }
    },
    {
      "type": "Feature",
      "geometry": {
        "type": "Point",
        "coordinates": [
          "-95.2658",
          "29.7263"
        ]
      },
      "properties": {
        "source": "NOAA",
        "site_id": "8770777",
        "site_name": "Manchester",
        "lat": "29.7263",
        "lon": "-95.2658",
        "stage_ft": 1.943,
        "stage_datetime": "2026-06-27 15:48",
        "tier": "normal",
        "action_stage": 8.14,
        "flood_stage": 9.14,
        "major_stage": 11.14,
        "url": "https://tidesandcurrents.noaa.gov/stationhome.html?id=8770777",
        "city_lat": 37.6922361,
        "city_lon": -97.3375448,
        "fetched_at": "2026-06-27T15:56:58.392950+00:00",
        "color": "#2d6a4f"
      }
    },
    {
      "type": "Feature",
      "geometry": {
        "type": "Point",
        "coordinates": [
          "-122.3393",
          "47.6026"
        ]
      },
      "properties": {
        "source": "NOAA",
        "site_id": "9447130",
        "site_name": "Seattle",
        "lat": "47.6026",
        "lon": "-122.3393",
        "stage_ft": 0.612,
        "stage_datetime": "2026-06-27 15:48",
        "tier": "normal",
        "action_stage": 20.3,
        "flood_stage": 21.3,
        "major_stage": 23.3,
        "url": "https://tidesandcurrents.noaa.gov/stationhome.html?id=9447130",
        "city_lat": 48.5158513,
        "city_lon": -119.6527477,
        "fetched_at": "2026-06-27T15:56:58.392950+00:00",
        "color": "#2d6a4f"
      }
    },
    {
      "type": "Feature",
      "geometry": {
        "type": "Point",
        "coordinates": [
          "-122.6958",
          "45.6312"
        ]
      },
      "properties": {
        "source": "NOAA",
        "site_id": "9440083",
        "site_name": "Vancouver",
        "lat": "45.6312",
        "lon": "-122.6958",
        "stage_ft": 2.27,
        "stage_datetime": "2026-06-27 15:48",
        "tier": "normal",
        "action_stage": 5.83,
        "flood_stage": 6.83,
        "major_stage": 8.83,
        "url": "https://tidesandcurrents.noaa.gov/stationhome.html?id=9440083",
        "city_lat": 43.6447642,
        "city_lon": -114.015407,
        "fetched_at": "2026-06-27T15:56:58.392950+00:00",
        "color": "#2d6a4f"
      }
    },
    {
      "type": "Feature",
      "geometry": {
        "type": "Point",
        "coordinates": [
          "-95.2658",
          "29.7263"
        ]
      },
      "properties": {
        "source": "NOAA",
        "site_id": "8770777",
        "site_name": "Manchester",
        "lat": "29.7263",
        "lon": "-95.2658",
        "stage_ft": 1.943,
        "stage_datetime": "2026-06-27 15:48",
        "tier": "normal",
        "action_stage": 8.14,
        "flood_stage": 9.14,
        "major_stage": 11.14,
        "url": "https://tidesandcurrents.noaa.gov/stationhome.html?id=8770777",
        "city_lat": 37.6922361,
        "city_lon": -97.3375448,
        "fetched_at": "2026-06-27T15:56:58.392950+00:00",
        "color": "#2d6a4f"
      }
    }
  ]
}