{
  "type": "FeatureCollection",
  "features": [
    {
      "type": "Feature",
      "geometry": {
        "type": "Point",
        "coordinates": [
          -156.469,
          20.8949
        ]
      },
      "properties": {
        "source": "NOAA",
        "site_id": "1615680",
        "site_name": "Kahului, Kahului Harbor",
        "lat": "20.8949",
        "lon": "-156.469",
        "stage_ft": 1.676,
        "stage_datetime": "2026-06-29 21:54",
        "tier": "normal",
        "action_stage": 5.66,
        "flood_stage": 6.66,
        "major_stage": 8.66,
        "url": "https://tidesandcurrents.noaa.gov/stationhome.html?id=1615680",
        "city_lat": 20.7580586,
        "city_lon": -156.3105232,
        "fetched_at": "2026-06-29T22:01:32.713254+00:00",
        "flood_event_count": 92,
        "nearest_flood_miles": 12.04,
        "nearest_flood_title": "Powerful kona storm brings warning level winds and flash flood risks; Flood Warning issued for Maui until 2 p.m.",
        "color": "#2d6a4f",
        "nearby_flood_titles": [
          "Powerful kona storm brings warning level winds and flash flood risks; Flood Warning issued for Maui until 2 p.m.",
          "Flash flood destroys Maui couple's dream home",
          "Flash flood destroys Maui couple's dream home",
          "Flash flood destroys Maui couple's dream home",
          "Flash flood destroys Maui couple's dream home",
          "Flash flood destroys Maui couple's dream home",
          "Flash flood destroys Maui couple's dream home",
          "Flash flood destroys Maui couple's dream home",
          "Flash flood destroys Maui couple's dream home",
          "Flash flood destroys Maui couple's dream home",
          "Flash flood destroys Maui couple's dream home",
          "Flash flood destroys Maui couple's dream home",
          "Flash flood destroys Maui couple's dream home",
          "Flash flood destroys Maui couple's dream home",
          "Flash flood destroys Maui couple's dream home",
          "Flash flood destroys Maui couple's dream home",
          "Flash flood destroys Maui couple's dream home",
          "Flash flood destroys Maui couple's dream home",
          "Flash flood destroys Maui couple's dream home",
          "Flash flood destroys Maui couple's dream home",
          "Flash flood destroys Maui couple's dream home",
          "Flash flood destroys Maui couple's dream home",
          "Flash flood destroys Maui couple's dream home",
          "Flash flood destroys Maui couple's dream home",
          "Flash flood destroys Maui couple's dream home",
          "Flash flood destroys Maui couple's dream home",
          "Flash flood destroys Maui couple's dream home",
          "Flash flood destroys Maui couple's dream home",
          "Flash flood destroys Maui couple's dream home",
          "Flash flood destroys Maui couple's dream home",
          "Flash flood destroys Maui couple's dream home",
          "Flash flood destroys Maui couple's dream home",
          "Flash flood destroys Maui couple's dream home",
          "Flash flood destroys Maui couple's dream home",
          "Flash flood destroys Maui couple's dream home",
          "Flash flood destroys Maui couple's dream home",
          "Flash flood destroys Maui couple's dream home",
          "Flash flood destroys Maui couple's dream home",
          "Flash flood destroys Maui couple's dream home",
          "Flash flood destroys Maui couple's dream home",
          "Flash flood destroys Maui couple's dream home",
          "Flash flood destroys Maui couple's dream home",
          "Flash flood destroys Maui couple's dream home",
          "Flash flood destroys Maui couple's dream home",
          "Flash flood destroys Maui couple's dream home",
          "Flash flood destroys Maui couple's dream home",
          "Flash flood destroys Maui couple's dream home",
          "Flash flood destroys Maui couple's dream home",
          "Flash flood destroys Maui couple's dream home",
          "Flash flood destroys Maui couple's dream home",
          "Flash flood destroys Maui couple's dream home",
          "Flash flood destroys Maui couple's dream home",
          "Flash flood destroys Maui couple's dream home",
          "Flash flood destroys Maui couple's dream home",
          "Flash flood destroys Maui couple's dream home",
          "Flash flood destroys Maui couple's dream home",
          "Flash flood destroys Maui couple's dream home",
          "Flash flood destroys Maui couple's dream home",
          "Flash flood destroys Maui couple's dream home",
          "Flash flood destroys Maui couple's dream home",
          "Flash flood destroys Maui couple's dream home",
          "Flash flood destroys Maui couple's dream home",
          "Flash flood destroys Maui couple's dream home",
          "Flash flood destroys Maui couple's dream home",
          "Flash flood destroys Maui couple's dream home",
          "Flash flood destroys Maui couple's dream home",
          "Flash flood destroys Maui couple's dream home",
          "Flash flood destroys Maui couple's dream home",
          "Flash flood destroys Maui couple's dream home",
          "Flash flood destroys Maui couple's dream home",
          "Flash flood destroys Maui couple's dream home",
          "Flash flood destroys Maui couple's dream home",
          "Flash flood destroys Maui couple's dream home",
          "Flash flood destroys Maui couple's dream home",
          "Flash flood destroys Maui couple's dream home",
          "Flash flood destroys Maui couple's dream home",
          "Flash flood destroys Maui couple's dream home",
          "Flash flood destroys Maui couple's dream home",
          "Flash flood warning extended for Maui; Flood advisory covers Oahu",
          "Flash flood warning posted for Maui as heavy rain intensifies",
          "Storm updates: Flash flood warnings issued for Maui, flood watches for Big Island",
          "Flash flood warning issued for east Maui as storm hits state",
          "Flash flood warning issued for east Maui as storm hits state",
          "Powerful kona storm brings warning level winds and flash flood risks; Flood Watch continues for Maui County",
          "NWS issues flash flood warning for Maui County",
          "NWS extends Flash Flood Warning for Big Island, Maui County, Molokai",
          "Flood Warning issued for flood-prone areas of Maui County",
          "Flood Advisory issued for flood-prone areas of Maui County",
          "Monday Weather Forecast | Flood advisory issued as heavy showers hit Maui County",
          "Monday Weather Forecast | Flood advisory issued as heavy showers hit Maui County",
          "NWS extends Flash Flood Warning for Big Island, Maui County, Molokai",
          "Flood advisory in effect for Molokai, state under flood watch"
        ]
      }
    },
    {
      "type": "Feature",
      "geometry": {
        "type": "Point",
        "coordinates": [
          -156.469,
          20.8949
        ]
      },
      "properties": {
        "source": "NOAA",
        "site_id": "1615680",
        "site_name": "Kahului, Kahului Harbor",
        "lat": "20.8949",
        "lon": "-156.469",
        "stage_ft": 1.676,
        "stage_datetime": "2026-06-29 21:54",
        "tier": "normal",
        "action_stage": 5.66,
        "flood_stage": 6.66,
        "major_stage": 8.66,
        "url": "https://tidesandcurrents.noaa.gov/stationhome.html?id=1615680",
        "city_lat": 20.7580586,
        "city_lon": -156.3105232,
        "fetched_at": "2026-06-29T22:01:32.713254+00:00",
        "flood_event_count": 92,
        "nearest_flood_miles": 12.04,
        "nearest_flood_title": "Powerful kona storm brings warning level winds and flash flood risks; Flood Warning issued for Maui until 2 p.m.",
        "color": "#2d6a4f",
        "nearby_flood_titles": [
          "Powerful kona storm brings warning level winds and flash flood risks; Flood Warning issued for Maui until 2 p.m.",
          "Flash flood destroys Maui couple's dream home",
          "Flash flood destroys Maui couple's dream home",
          "Flash flood destroys Maui couple's dream home",
          "Flash flood destroys Maui couple's dream home",
          "Flash flood destroys Maui couple's dream home",
          "Flash flood destroys Maui couple's dream home",
          "Flash flood destroys Maui couple's dream home",
          "Flash flood destroys Maui couple's dream home",
          "Flash flood destroys Maui couple's dream home",
          "Flash flood destroys Maui couple's dream home",
          "Flash flood destroys Maui couple's dream home",
          "Flash flood destroys Maui couple's dream home",
          "Flash flood destroys Maui couple's dream home",
          "Flash flood destroys Maui couple's dream home",
          "Flash flood destroys Maui couple's dream home",
          "Flash flood destroys Maui couple's dream home",
          "Flash flood destroys Maui couple's dream home",
          "Flash flood destroys Maui couple's dream home",
          "Flash flood destroys Maui couple's dream home",
          "Flash flood destroys Maui couple's dream home",
          "Flash flood destroys Maui couple's dream home",
          "Flash flood destroys Maui couple's dream home",
          "Flash flood destroys Maui couple's dream home",
          "Flash flood destroys Maui couple's dream home",
          "Flash flood destroys Maui couple's dream home",
          "Flash flood destroys Maui couple's dream home",
          "Flash flood destroys Maui couple's dream home",
          "Flash flood destroys Maui couple's dream home",
          "Flash flood destroys Maui couple's dream home",
          "Flash flood destroys Maui couple's dream home",
          "Flash flood destroys Maui couple's dream home",
          "Flash flood destroys Maui couple's dream home",
          "Flash flood destroys Maui couple's dream home",
          "Flash flood destroys Maui couple's dream home",
          "Flash flood destroys Maui couple's dream home",
          "Flash flood destroys Maui couple's dream home",
          "Flash flood destroys Maui couple's dream home",
          "Flash flood destroys Maui couple's dream home",
          "Flash flood destroys Maui couple's dream home",
          "Flash flood destroys Maui couple's dream home",
          "Flash flood destroys Maui couple's dream home",
          "Flash flood destroys Maui couple's dream home",
          "Flash flood destroys Maui couple's dream home",
          "Flash flood destroys Maui couple's dream home",
          "Flash flood destroys Maui couple's dream home",
          "Flash flood destroys Maui couple's dream home",
          "Flash flood destroys Maui couple's dream home",
          "Flash flood destroys Maui couple's dream home",
          "Flash flood destroys Maui couple's dream home",
          "Flash flood destroys Maui couple's dream home",
          "Flash flood destroys Maui couple's dream home",
          "Flash flood destroys Maui couple's dream home",
          "Flash flood destroys Maui couple's dream home",
          "Flash flood destroys Maui couple's dream home",
          "Flash flood destroys Maui couple's dream home",
          "Flash flood destroys Maui couple's dream home",
          "Flash flood destroys Maui couple's dream home",
          "Flash flood destroys Maui couple's dream home",
          "Flash flood destroys Maui couple's dream home",
          "Flash flood destroys Maui couple's dream home",
          "Flash flood destroys Maui couple's dream home",
          "Flash flood destroys Maui couple's dream home",
          "Flash flood destroys Maui couple's dream home",
          "Flash flood destroys Maui couple's dream home",
          "Flash flood destroys Maui couple's dream home",
          "Flash flood destroys Maui couple's dream home",
          "Flash flood destroys Maui couple's dream home",
          "Flash flood destroys Maui couple's dream home",
          "Flash flood destroys Maui couple's dream home",
          "Flash flood destroys Maui couple's dream home",
          "Flash flood destroys Maui couple's dream home",
          "Flash flood destroys Maui couple's dream home",
          "Flash flood destroys Maui couple's dream home",
          "Flash flood destroys Maui couple's dream home",
          "Flash flood destroys Maui couple's dream home",
          "Flash flood destroys Maui couple's dream home",
          "Flash flood destroys Maui couple's dream home",
          "Flash flood warning extended for Maui; Flood advisory covers Oahu",
          "Flash flood warning posted for Maui as heavy rain intensifies",
          "Storm updates: Flash flood warnings issued for Maui, flood watches for Big Island",
          "Flash flood warning issued for east Maui as storm hits state",
          "Flash flood warning issued for east Maui as storm hits state",
          "Powerful kona storm brings warning level winds and flash flood risks; Flood Watch continues for Maui County",
          "NWS issues flash flood warning for Maui County",
          "NWS extends Flash Flood Warning for Big Island, Maui County, Molokai",
          "Flood Warning issued for flood-prone areas of Maui County",
          "Flood Advisory issued for flood-prone areas of Maui County",
          "Monday Weather Forecast | Flood advisory issued as heavy showers hit Maui County",
          "Monday Weather Forecast | Flood advisory issued as heavy showers hit Maui County",
          "NWS extends Flash Flood Warning for Big Island, Maui County, Molokai",
          "Flood advisory in effect for Molokai, state under flood watch"
        ]
      }
    },
    {
      "type": "Feature",
      "geometry": {
        "type": "Point",
        "coordinates": [
          -156.469,
          20.8949
        ]
      },
      "properties": {
        "source": "NOAA",
        "site_id": "1615680",
        "site_name": "Kahului, Kahului Harbor",
        "lat": "20.8949",
        "lon": "-156.469",
        "stage_ft": 1.676,
        "stage_datetime": "2026-06-29 21:54",
        "tier": "normal",
        "action_stage": 5.66,
        "flood_stage": 6.66,
        "major_stage": 8.66,
        "url": "https://tidesandcurrents.noaa.gov/stationhome.html?id=1615680",
        "city_lat": 20.7580586,
        "city_lon": -156.3105232,
        "fetched_at": "2026-06-29T22:01:32.713254+00:00",
        "flood_event_count": 92,
        "nearest_flood_miles": 12.04,
        "nearest_flood_title": "Powerful kona storm brings warning level winds and flash flood risks; Flood Warning issued for Maui until 2 p.m.",
        "color": "#2d6a4f",
        "nearby_flood_titles": [
          "Powerful kona storm brings warning level winds and flash flood risks; Flood Warning issued for Maui until 2 p.m.",
          "Flash flood destroys Maui couple's dream home",
          "Flash flood destroys Maui couple's dream home",
          "Flash flood destroys Maui couple's dream home",
          "Flash flood destroys Maui couple's dream home",
          "Flash flood destroys Maui couple's dream home",
          "Flash flood destroys Maui couple's dream home",
          "Flash flood destroys Maui couple's dream home",
          "Flash flood destroys Maui couple's dream home",
          "Flash flood destroys Maui couple's dream home",
          "Flash flood destroys Maui couple's dream home",
          "Flash flood destroys Maui couple's dream home",
          "Flash flood destroys Maui couple's dream home",
          "Flash flood destroys Maui couple's dream home",
          "Flash flood destroys Maui couple's dream home",
          "Flash flood destroys Maui couple's dream home",
          "Flash flood destroys Maui couple's dream home",
          "Flash flood destroys Maui couple's dream home",
          "Flash flood destroys Maui couple's dream home",
          "Flash flood destroys Maui couple's dream home",
          "Flash flood destroys Maui couple's dream home",
          "Flash flood destroys Maui couple's dream home",
          "Flash flood destroys Maui couple's dream home",
          "Flash flood destroys Maui couple's dream home",
          "Flash flood destroys Maui couple's dream home",
          "Flash flood destroys Maui couple's dream home",
          "Flash flood destroys Maui couple's dream home",
          "Flash flood destroys Maui couple's dream home",
          "Flash flood destroys Maui couple's dream home",
          "Flash flood destroys Maui couple's dream home",
          "Flash flood destroys Maui couple's dream home",
          "Flash flood destroys Maui couple's dream home",
          "Flash flood destroys Maui couple's dream home",
          "Flash flood destroys Maui couple's dream home",
          "Flash flood destroys Maui couple's dream home",
          "Flash flood destroys Maui couple's dream home",
          "Flash flood destroys Maui couple's dream home",
          "Flash flood destroys Maui couple's dream home",
          "Flash flood destroys Maui couple's dream home",
          "Flash flood destroys Maui couple's dream home",
          "Flash flood destroys Maui couple's dream home",
          "Flash flood destroys Maui couple's dream home",
          "Flash flood destroys Maui couple's dream home",
          "Flash flood destroys Maui couple's dream home",
          "Flash flood destroys Maui couple's dream home",
          "Flash flood destroys Maui couple's dream home",
          "Flash flood destroys Maui couple's dream home",
          "Flash flood destroys Maui couple's dream home",
          "Flash flood destroys Maui couple's dream home",
          "Flash flood destroys Maui couple's dream home",
          "Flash flood destroys Maui couple's dream home",
          "Flash flood destroys Maui couple's dream home",
          "Flash flood destroys Maui couple's dream home",
          "Flash flood destroys Maui couple's dream home",
          "Flash flood destroys Maui couple's dream home",
          "Flash flood destroys Maui couple's dream home",
          "Flash flood destroys Maui couple's dream home",
          "Flash flood destroys Maui couple's dream home",
          "Flash flood destroys Maui couple's dream home",
          "Flash flood destroys Maui couple's dream home",
          "Flash flood destroys Maui couple's dream home",
          "Flash flood destroys Maui couple's dream home",
          "Flash flood destroys Maui couple's dream home",
          "Flash flood destroys Maui couple's dream home",
          "Flash flood destroys Maui couple's dream home",
          "Flash flood destroys Maui couple's dream home",
          "Flash flood destroys Maui couple's dream home",
          "Flash flood destroys Maui couple's dream home",
          "Flash flood destroys Maui couple's dream home",
          "Flash flood destroys Maui couple's dream home",
          "Flash flood destroys Maui couple's dream home",
          "Flash flood destroys Maui couple's dream home",
          "Flash flood destroys Maui couple's dream home",
          "Flash flood destroys Maui couple's dream home",
          "Flash flood destroys Maui couple's dream home",
          "Flash flood destroys Maui couple's dream home",
          "Flash flood destroys Maui couple's dream home",
          "Flash flood destroys Maui couple's dream home",
          "Flash flood warning extended for Maui; Flood advisory covers Oahu",
          "Flash flood warning posted for Maui as heavy rain intensifies",
          "Storm updates: Flash flood warnings issued for Maui, flood watches for Big Island",
          "Flash flood warning issued for east Maui as storm hits state",
          "Flash flood warning issued for east Maui as storm hits state",
          "Powerful kona storm brings warning level winds and flash flood risks; Flood Watch continues for Maui County",
          "NWS issues flash flood warning for Maui County",
          "NWS extends Flash Flood Warning for Big Island, Maui County, Molokai",
          "Flood Warning issued for flood-prone areas of Maui County",
          "Flood Advisory issued for flood-prone areas of Maui County",
          "Monday Weather Forecast | Flood advisory issued as heavy showers hit Maui County",
          "Monday Weather Forecast | Flood advisory issued as heavy showers hit Maui County",
          "NWS extends Flash Flood Warning for Big Island, Maui County, Molokai",
          "Flood advisory in effect for Molokai, state under flood watch"
        ]
      }
    },
    {
      "type": "Feature",
      "geometry": {
        "type": "Point",
        "coordinates": [
          -156.469,
          20.8949
        ]
      },
      "properties": {
        "source": "NOAA",
        "site_id": "1615680",
        "site_name": "Kahului, Kahului Harbor",
        "lat": "20.8949",
        "lon": "-156.469",
        "stage_ft": 1.676,
        "stage_datetime": "2026-06-29 21:54",
        "tier": "normal",
        "action_stage": 5.66,
        "flood_stage": 6.66,
        "major_stage": 8.66,
        "url": "https://tidesandcurrents.noaa.gov/stationhome.html?id=1615680",
        "city_lat": 21.1344895,
        "city_lon": -157.0071539,
        "fetched_at": "2026-06-29T22:01:32.713254+00:00",
        "flood_event_count": 92,
        "nearest_flood_miles": 12.04,
        "nearest_flood_title": "Powerful kona storm brings warning level winds and flash flood risks; Flood Warning issued for Maui until 2 p.m.",
        "color": "#2d6a4f",
        "nearby_flood_titles": [
          "Powerful kona storm brings warning level winds and flash flood risks; Flood Warning issued for Maui until 2 p.m.",
          "Flash flood destroys Maui couple's dream home",
          "Flash flood destroys Maui couple's dream home",
          "Flash flood destroys Maui couple's dream home",
          "Flash flood destroys Maui couple's dream home",
          "Flash flood destroys Maui couple's dream home",
          "Flash flood destroys Maui couple's dream home",
          "Flash flood destroys Maui couple's dream home",
          "Flash flood destroys Maui couple's dream home",
          "Flash flood destroys Maui couple's dream home",
          "Flash flood destroys Maui couple's dream home",
          "Flash flood destroys Maui couple's dream home",
          "Flash flood destroys Maui couple's dream home",
          "Flash flood destroys Maui couple's dream home",
          "Flash flood destroys Maui couple's dream home",
          "Flash flood destroys Maui couple's dream home",
          "Flash flood destroys Maui couple's dream home",
          "Flash flood destroys Maui couple's dream home",
          "Flash flood destroys Maui couple's dream home",
          "Flash flood destroys Maui couple's dream home",
          "Flash flood destroys Maui couple's dream home",
          "Flash flood destroys Maui couple's dream home",
          "Flash flood destroys Maui couple's dream home",
          "Flash flood destroys Maui couple's dream home",
          "Flash flood destroys Maui couple's dream home",
          "Flash flood destroys Maui couple's dream home",
          "Flash flood destroys Maui couple's dream home",
          "Flash flood destroys Maui couple's dream home",
          "Flash flood destroys Maui couple's dream home",
          "Flash flood destroys Maui couple's dream home",
          "Flash flood destroys Maui couple's dream home",
          "Flash flood destroys Maui couple's dream home",
          "Flash flood destroys Maui couple's dream home",
          "Flash flood destroys Maui couple's dream home",
          "Flash flood destroys Maui couple's dream home",
          "Flash flood destroys Maui couple's dream home",
          "Flash flood destroys Maui couple's dream home",
          "Flash flood destroys Maui couple's dream home",
          "Flash flood destroys Maui couple's dream home",
          "Flash flood destroys Maui couple's dream home",
          "Flash flood destroys Maui couple's dream home",
          "Flash flood destroys Maui couple's dream home",
          "Flash flood destroys Maui couple's dream home",
          "Flash flood destroys Maui couple's dream home",
          "Flash flood destroys Maui couple's dream home",
          "Flash flood destroys Maui couple's dream home",
          "Flash flood destroys Maui couple's dream home",
          "Flash flood destroys Maui couple's dream home",
          "Flash flood destroys Maui couple's dream home",
          "Flash flood destroys Maui couple's dream home",
          "Flash flood destroys Maui couple's dream home",
          "Flash flood destroys Maui couple's dream home",
          "Flash flood destroys Maui couple's dream home",
          "Flash flood destroys Maui couple's dream home",
          "Flash flood destroys Maui couple's dream home",
          "Flash flood destroys Maui couple's dream home",
          "Flash flood destroys Maui couple's dream home",
          "Flash flood destroys Maui couple's dream home",
          "Flash flood destroys Maui couple's dream home",
          "Flash flood destroys Maui couple's dream home",
          "Flash flood destroys Maui couple's dream home",
          "Flash flood destroys Maui couple's dream home",
          "Flash flood destroys Maui couple's dream home",
          "Flash flood destroys Maui couple's dream home",
          "Flash flood destroys Maui couple's dream home",
          "Flash flood destroys Maui couple's dream home",
          "Flash flood destroys Maui couple's dream home",
          "Flash flood destroys Maui couple's dream home",
          "Flash flood destroys Maui couple's dream home",
          "Flash flood destroys Maui couple's dream home",
          "Flash flood destroys Maui couple's dream home",
          "Flash flood destroys Maui couple's dream home",
          "Flash flood destroys Maui couple's dream home",
          "Flash flood destroys Maui couple's dream home",
          "Flash flood destroys Maui couple's dream home",
          "Flash flood destroys Maui couple's dream home",
          "Flash flood destroys Maui couple's dream home",
          "Flash flood destroys Maui couple's dream home",
          "Flash flood warning extended for Maui; Flood advisory covers Oahu",
          "Flash flood warning posted for Maui as heavy rain intensifies",
          "Storm updates: Flash flood warnings issued for Maui, flood watches for Big Island",
          "Flash flood warning issued for east Maui as storm hits state",
          "Flash flood warning issued for east Maui as storm hits state",
          "Powerful kona storm brings warning level winds and flash flood risks; Flood Watch continues for Maui County",
          "NWS issues flash flood warning for Maui County",
          "NWS extends Flash Flood Warning for Big Island, Maui County, Molokai",
          "Flood Warning issued for flood-prone areas of Maui County",
          "Flood Advisory issued for flood-prone areas of Maui County",
          "Monday Weather Forecast | Flood advisory issued as heavy showers hit Maui County",
          "Monday Weather Forecast | Flood advisory issued as heavy showers hit Maui County",
          "NWS extends Flash Flood Warning for Big Island, Maui County, Molokai",
          "Flood advisory in effect for Molokai, state under flood watch"
        ]
      }
    },
    {
      "type": "Feature",
      "geometry": {
        "type": "Point",
        "coordinates": [
          -156.469,
          20.8949
        ]
      },
      "properties": {
        "source": "NOAA",
        "site_id": "1615680",
        "site_name": "Kahului, Kahului Harbor",
        "lat": "20.8949",
        "lon": "-156.469",
        "stage_ft": 1.676,
        "stage_datetime": "2026-06-29 21:54",
        "tier": "normal",
        "action_stage": 5.66,
        "flood_stage": 6.66,
        "major_stage": 8.66,
        "url": "https://tidesandcurrents.noaa.gov/stationhome.html?id=1615680",
        "city_lat": 20.8029568,
        "city_lon": -156.3106833,
        "fetched_at": "2026-06-29T22:01:32.713254+00:00",
        "flood_event_count": 92,
        "nearest_flood_miles": 12.04,
        "nearest_flood_title": "Powerful kona storm brings warning level winds and flash flood risks; Flood Warning issued for Maui until 2 p.m.",
        "color": "#2d6a4f",
        "nearby_flood_titles": [
          "Powerful kona storm brings warning level winds and flash flood risks; Flood Warning issued for Maui until 2 p.m.",
          "Flash flood destroys Maui couple's dream home",
          "Flash flood destroys Maui couple's dream home",
          "Flash flood destroys Maui couple's dream home",
          "Flash flood destroys Maui couple's dream home",
          "Flash flood destroys Maui couple's dream home",
          "Flash flood destroys Maui couple's dream home",
          "Flash flood destroys Maui couple's dream home",
          "Flash flood destroys Maui couple's dream home",
          "Flash flood destroys Maui couple's dream home",
          "Flash flood destroys Maui couple's dream home",
          "Flash flood destroys Maui couple's dream home",
          "Flash flood destroys Maui couple's dream home",
          "Flash flood destroys Maui couple's dream home",
          "Flash flood destroys Maui couple's dream home",
          "Flash flood destroys Maui couple's dream home",
          "Flash flood destroys Maui couple's dream home",
          "Flash flood destroys Maui couple's dream home",
          "Flash flood destroys Maui couple's dream home",
          "Flash flood destroys Maui couple's dream home",
          "Flash flood destroys Maui couple's dream home",
          "Flash flood destroys Maui couple's dream home",
          "Flash flood destroys Maui couple's dream home",
          "Flash flood destroys Maui couple's dream home",
          "Flash flood destroys Maui couple's dream home",
          "Flash flood destroys Maui couple's dream home",
          "Flash flood destroys Maui couple's dream home",
          "Flash flood destroys Maui couple's dream home",
          "Flash flood destroys Maui couple's dream home",
          "Flash flood destroys Maui couple's dream home",
          "Flash flood destroys Maui couple's dream home",
          "Flash flood destroys Maui couple's dream home",
          "Flash flood destroys Maui couple's dream home",
          "Flash flood destroys Maui couple's dream home",
          "Flash flood destroys Maui couple's dream home",
          "Flash flood destroys Maui couple's dream home",
          "Flash flood destroys Maui couple's dream home",
          "Flash flood destroys Maui couple's dream home",
          "Flash flood destroys Maui couple's dream home",
          "Flash flood destroys Maui couple's dream home",
          "Flash flood destroys Maui couple's dream home",
          "Flash flood destroys Maui couple's dream home",
          "Flash flood destroys Maui couple's dream home",
          "Flash flood destroys Maui couple's dream home",
          "Flash flood destroys Maui couple's dream home",
          "Flash flood destroys Maui couple's dream home",
          "Flash flood destroys Maui couple's dream home",
          "Flash flood destroys Maui couple's dream home",
          "Flash flood destroys Maui couple's dream home",
          "Flash flood destroys Maui couple's dream home",
          "Flash flood destroys Maui couple's dream home",
          "Flash flood destroys Maui couple's dream home",
          "Flash flood destroys Maui couple's dream home",
          "Flash flood destroys Maui couple's dream home",
          "Flash flood destroys Maui couple's dream home",
          "Flash flood destroys Maui couple's dream home",
          "Flash flood destroys Maui couple's dream home",
          "Flash flood destroys Maui couple's dream home",
          "Flash flood destroys Maui couple's dream home",
          "Flash flood destroys Maui couple's dream home",
          "Flash flood destroys Maui couple's dream home",
          "Flash flood destroys Maui couple's dream home",
          "Flash flood destroys Maui couple's dream home",
          "Flash flood destroys Maui couple's dream home",
          "Flash flood destroys Maui couple's dream home",
          "Flash flood destroys Maui couple's dream home",
          "Flash flood destroys Maui couple's dream home",
          "Flash flood destroys Maui couple's dream home",
          "Flash flood destroys Maui couple's dream home",
          "Flash flood destroys Maui couple's dream home",
          "Flash flood destroys Maui couple's dream home",
          "Flash flood destroys Maui couple's dream home",
          "Flash flood destroys Maui couple's dream home",
          "Flash flood destroys Maui couple's dream home",
          "Flash flood destroys Maui couple's dream home",
          "Flash flood destroys Maui couple's dream home",
          "Flash flood destroys Maui couple's dream home",
          "Flash flood destroys Maui couple's dream home",
          "Flash flood warning extended for Maui; Flood advisory covers Oahu",
          "Flash flood warning posted for Maui as heavy rain intensifies",
          "Storm updates: Flash flood warnings issued for Maui, flood watches for Big Island",
          "Flash flood warning issued for east Maui as storm hits state",
          "Flash flood warning issued for east Maui as storm hits state",
          "Powerful kona storm brings warning level winds and flash flood risks; Flood Watch continues for Maui County",
          "NWS issues flash flood warning for Maui County",
          "NWS extends Flash Flood Warning for Big Island, Maui County, Molokai",
          "Flood Warning issued for flood-prone areas of Maui County",
          "Flood Advisory issued for flood-prone areas of Maui County",
          "Monday Weather Forecast | Flood advisory issued as heavy showers hit Maui County",
          "Monday Weather Forecast | Flood advisory issued as heavy showers hit Maui County",
          "NWS extends Flash Flood Warning for Big Island, Maui County, Molokai",
          "Flood advisory in effect for Molokai, state under flood watch"
        ]
      }
    },
    {
      "type": "Feature",
      "geometry": {
        "type": "Point",
        "coordinates": [
          -156.469,
          20.8949
        ]
      },
      "properties": {
        "source": "NOAA",
        "site_id": "1615680",
        "site_name": "Kahului, Kahului Harbor",
        "lat": "20.8949",
        "lon": "-156.469",
        "stage_ft": 1.676,
        "stage_datetime": "2026-06-29 21:54",
        "tier": "normal",
        "action_stage": 5.66,
        "flood_stage": 6.66,
        "major_stage": 8.66,
        "url": "https://tidesandcurrents.noaa.gov/stationhome.html?id=1615680",
        "city_lat": 20.8029568,
        "city_lon": -156.3106833,
        "fetched_at": "2026-06-29T22:01:32.713254+00:00",
        "flood_event_count": 92,
        "nearest_flood_miles": 12.04,
        "nearest_flood_title": "Powerful kona storm brings warning level winds and flash flood risks; Flood Warning issued for Maui until 2 p.m.",
        "color": "#2d6a4f",
        "nearby_flood_titles": [
          "Powerful kona storm brings warning level winds and flash flood risks; Flood Warning issued for Maui until 2 p.m.",
          "Flash flood destroys Maui couple's dream home",
          "Flash flood destroys Maui couple's dream home",
          "Flash flood destroys Maui couple's dream home",
          "Flash flood destroys Maui couple's dream home",
          "Flash flood destroys Maui couple's dream home",
          "Flash flood destroys Maui couple's dream home",
          "Flash flood destroys Maui couple's dream home",
          "Flash flood destroys Maui couple's dream home",
          "Flash flood destroys Maui couple's dream home",
          "Flash flood destroys Maui couple's dream home",
          "Flash flood destroys Maui couple's dream home",
          "Flash flood destroys Maui couple's dream home",
          "Flash flood destroys Maui couple's dream home",
          "Flash flood destroys Maui couple's dream home",
          "Flash flood destroys Maui couple's dream home",
          "Flash flood destroys Maui couple's dream home",
          "Flash flood destroys Maui couple's dream home",
          "Flash flood destroys Maui couple's dream home",
          "Flash flood destroys Maui couple's dream home",
          "Flash flood destroys Maui couple's dream home",
          "Flash flood destroys Maui couple's dream home",
          "Flash flood destroys Maui couple's dream home",
          "Flash flood destroys Maui couple's dream home",
          "Flash flood destroys Maui couple's dream home",
          "Flash flood destroys Maui couple's dream home",
          "Flash flood destroys Maui couple's dream home",
          "Flash flood destroys Maui couple's dream home",
          "Flash flood destroys Maui couple's dream home",
          "Flash flood destroys Maui couple's dream home",
          "Flash flood destroys Maui couple's dream home",
          "Flash flood destroys Maui couple's dream home",
          "Flash flood destroys Maui couple's dream home",
          "Flash flood destroys Maui couple's dream home",
          "Flash flood destroys Maui couple's dream home",
          "Flash flood destroys Maui couple's dream home",
          "Flash flood destroys Maui couple's dream home",
          "Flash flood destroys Maui couple's dream home",
          "Flash flood destroys Maui couple's dream home",
          "Flash flood destroys Maui couple's dream home",
          "Flash flood destroys Maui couple's dream home",
          "Flash flood destroys Maui couple's dream home",
          "Flash flood destroys Maui couple's dream home",
          "Flash flood destroys Maui couple's dream home",
          "Flash flood destroys Maui couple's dream home",
          "Flash flood destroys Maui couple's dream home",
          "Flash flood destroys Maui couple's dream home",
          "Flash flood destroys Maui couple's dream home",
          "Flash flood destroys Maui couple's dream home",
          "Flash flood destroys Maui couple's dream home",
          "Flash flood destroys Maui couple's dream home",
          "Flash flood destroys Maui couple's dream home",
          "Flash flood destroys Maui couple's dream home",
          "Flash flood destroys Maui couple's dream home",
          "Flash flood destroys Maui couple's dream home",
          "Flash flood destroys Maui couple's dream home",
          "Flash flood destroys Maui couple's dream home",
          "Flash flood destroys Maui couple's dream home",
          "Flash flood destroys Maui couple's dream home",
          "Flash flood destroys Maui couple's dream home",
          "Flash flood destroys Maui couple's dream home",
          "Flash flood destroys Maui couple's dream home",
          "Flash flood destroys Maui couple's dream home",
          "Flash flood destroys Maui couple's dream home",
          "Flash flood destroys Maui couple's dream home",
          "Flash flood destroys Maui couple's dream home",
          "Flash flood destroys Maui couple's dream home",
          "Flash flood destroys Maui couple's dream home",
          "Flash flood destroys Maui couple's dream home",
          "Flash flood destroys Maui couple's dream home",
          "Flash flood destroys Maui couple's dream home",
          "Flash flood destroys Maui couple's dream home",
          "Flash flood destroys Maui couple's dream home",
          "Flash flood destroys Maui couple's dream home",
          "Flash flood destroys Maui couple's dream home",
          "Flash flood destroys Maui couple's dream home",
          "Flash flood destroys Maui couple's dream home",
          "Flash flood destroys Maui couple's dream home",
          "Flash flood warning extended for Maui; Flood advisory covers Oahu",
          "Flash flood warning posted for Maui as heavy rain intensifies",
          "Storm updates: Flash flood warnings issued for Maui, flood watches for Big Island",
          "Flash flood warning issued for east Maui as storm hits state",
          "Flash flood warning issued for east Maui as storm hits state",
          "Powerful kona storm brings warning level winds and flash flood risks; Flood Watch continues for Maui County",
          "NWS issues flash flood warning for Maui County",
          "NWS extends Flash Flood Warning for Big Island, Maui County, Molokai",
          "Flood Warning issued for flood-prone areas of Maui County",
          "Flood Advisory issued for flood-prone areas of Maui County",
          "Monday Weather Forecast | Flood advisory issued as heavy showers hit Maui County",
          "Monday Weather Forecast | Flood advisory issued as heavy showers hit Maui County",
          "NWS extends Flash Flood Warning for Big Island, Maui County, Molokai",
          "Flood advisory in effect for Molokai, state under flood watch"
        ]
      }
    },
    {
      "type": "Feature",
      "geometry": {
        "type": "Point",
        "coordinates": [
          -156.469,
          20.8949
        ]
      },
      "properties": {
        "source": "NOAA",
        "site_id": "1615680",
        "site_name": "Kahului, Kahului Harbor",
        "lat": "20.8949",
        "lon": "-156.469",
        "stage_ft": 1.676,
        "stage_datetime": "2026-06-29 21:54",
        "tier": "normal",
        "action_stage": 5.66,
        "flood_stage": 6.66,
        "major_stage": 8.66,
        "url": "https://tidesandcurrents.noaa.gov/stationhome.html?id=1615680",
        "city_lat": 20.8029568,
        "city_lon": -156.3106833,
        "fetched_at": "2026-06-29T22:01:32.713254+00:00",
        "flood_event_count": 92,
        "nearest_flood_miles": 12.04,
        "nearest_flood_title": "Powerful kona storm brings warning level winds and flash flood risks; Flood Warning issued for Maui until 2 p.m.",
        "color": "#2d6a4f",
        "nearby_flood_titles": [
          "Powerful kona storm brings warning level winds and flash flood risks; Flood Warning issued for Maui until 2 p.m.",
          "Flash flood destroys Maui couple's dream home",
          "Flash flood destroys Maui couple's dream home",
          "Flash flood destroys Maui couple's dream home",
          "Flash flood destroys Maui couple's dream home",
          "Flash flood destroys Maui couple's dream home",
          "Flash flood destroys Maui couple's dream home",
          "Flash flood destroys Maui couple's dream home",
          "Flash flood destroys Maui couple's dream home",
          "Flash flood destroys Maui couple's dream home",
          "Flash flood destroys Maui couple's dream home",
          "Flash flood destroys Maui couple's dream home",
          "Flash flood destroys Maui couple's dream home",
          "Flash flood destroys Maui couple's dream home",
          "Flash flood destroys Maui couple's dream home",
          "Flash flood destroys Maui couple's dream home",
          "Flash flood destroys Maui couple's dream home",
          "Flash flood destroys Maui couple's dream home",
          "Flash flood destroys Maui couple's dream home",
          "Flash flood destroys Maui couple's dream home",
          "Flash flood destroys Maui couple's dream home",
          "Flash flood destroys Maui couple's dream home",
          "Flash flood destroys Maui couple's dream home",
          "Flash flood destroys Maui couple's dream home",
          "Flash flood destroys Maui couple's dream home",
          "Flash flood destroys Maui couple's dream home",
          "Flash flood destroys Maui couple's dream home",
          "Flash flood destroys Maui couple's dream home",
          "Flash flood destroys Maui couple's dream home",
          "Flash flood destroys Maui couple's dream home",
          "Flash flood destroys Maui couple's dream home",
          "Flash flood destroys Maui couple's dream home",
          "Flash flood destroys Maui couple's dream home",
          "Flash flood destroys Maui couple's dream home",
          "Flash flood destroys Maui couple's dream home",
          "Flash flood destroys Maui couple's dream home",
          "Flash flood destroys Maui couple's dream home",
          "Flash flood destroys Maui couple's dream home",
          "Flash flood destroys Maui couple's dream home",
          "Flash flood destroys Maui couple's dream home",
          "Flash flood destroys Maui couple's dream home",
          "Flash flood destroys Maui couple's dream home",
          "Flash flood destroys Maui couple's dream home",
          "Flash flood destroys Maui couple's dream home",
          "Flash flood destroys Maui couple's dream home",
          "Flash flood destroys Maui couple's dream home",
          "Flash flood destroys Maui couple's dream home",
          "Flash flood destroys Maui couple's dream home",
          "Flash flood destroys Maui couple's dream home",
          "Flash flood destroys Maui couple's dream home",
          "Flash flood destroys Maui couple's dream home",
          "Flash flood destroys Maui couple's dream home",
          "Flash flood destroys Maui couple's dream home",
          "Flash flood destroys Maui couple's dream home",
          "Flash flood destroys Maui couple's dream home",
          "Flash flood destroys Maui couple's dream home",
          "Flash flood destroys Maui couple's dream home",
          "Flash flood destroys Maui couple's dream home",
          "Flash flood destroys Maui couple's dream home",
          "Flash flood destroys Maui couple's dream home",
          "Flash flood destroys Maui couple's dream home",
          "Flash flood destroys Maui couple's dream home",
          "Flash flood destroys Maui couple's dream home",
          "Flash flood destroys Maui couple's dream home",
          "Flash flood destroys Maui couple's dream home",
          "Flash flood destroys Maui couple's dream home",
          "Flash flood destroys Maui couple's dream home",
          "Flash flood destroys Maui couple's dream home",
          "Flash flood destroys Maui couple's dream home",
          "Flash flood destroys Maui couple's dream home",
          "Flash flood destroys Maui couple's dream home",
          "Flash flood destroys Maui couple's dream home",
          "Flash flood destroys Maui couple's dream home",
          "Flash flood destroys Maui couple's dream home",
          "Flash flood destroys Maui couple's dream home",
          "Flash flood destroys Maui couple's dream home",
          "Flash flood destroys Maui couple's dream home",
          "Flash flood destroys Maui couple's dream home",
          "Flash flood warning extended for Maui; Flood advisory covers Oahu",
          "Flash flood warning posted for Maui as heavy rain intensifies",
          "Storm updates: Flash flood warnings issued for Maui, flood watches for Big Island",
          "Flash flood warning issued for east Maui as storm hits state",
          "Flash flood warning issued for east Maui as storm hits state",
          "Powerful kona storm brings warning level winds and flash flood risks; Flood Watch continues for Maui County",
          "NWS issues flash flood warning for Maui County",
          "NWS extends Flash Flood Warning for Big Island, Maui County, Molokai",
          "Flood Warning issued for flood-prone areas of Maui County",
          "Flood Advisory issued for flood-prone areas of Maui County",
          "Monday Weather Forecast | Flood advisory issued as heavy showers hit Maui County",
          "Monday Weather Forecast | Flood advisory issued as heavy showers hit Maui County",
          "NWS extends Flash Flood Warning for Big Island, Maui County, Molokai",
          "Flood advisory in effect for Molokai, state under flood watch"
        ]
      }
    },
    {
      "type": "Feature",
      "geometry": {
        "type": "Point",
        "coordinates": [
          -156.469,
          20.8949
        ]
      },
      "properties": {
        "source": "NOAA",
        "site_id": "1615680",
        "site_name": "Kahului, Kahului Harbor",
        "lat": "20.8949",
        "lon": "-156.469",
        "stage_ft": 1.676,
        "stage_datetime": "2026-06-29 21:54",
        "tier": "normal",
        "action_stage": 5.66,
        "flood_stage": 6.66,
        "major_stage": 8.66,
        "url": "https://tidesandcurrents.noaa.gov/stationhome.html?id=1615680",
        "city_lat": 20.8029568,
        "city_lon": -156.3106833,
        "fetched_at": "2026-06-29T22:01:32.713254+00:00",
        "flood_event_count": 92,
        "nearest_flood_miles": 12.04,
        "nearest_flood_title": "Powerful kona storm brings warning level winds and flash flood risks; Flood Warning issued for Maui until 2 p.m.",
        "color": "#2d6a4f",
        "nearby_flood_titles": [
          "Powerful kona storm brings warning level winds and flash flood risks; Flood Warning issued for Maui until 2 p.m.",
          "Flash flood destroys Maui couple's dream home",
          "Flash flood destroys Maui couple's dream home",
          "Flash flood destroys Maui couple's dream home",
          "Flash flood destroys Maui couple's dream home",
          "Flash flood destroys Maui couple's dream home",
          "Flash flood destroys Maui couple's dream home",
          "Flash flood destroys Maui couple's dream home",
          "Flash flood destroys Maui couple's dream home",
          "Flash flood destroys Maui couple's dream home",
          "Flash flood destroys Maui couple's dream home",
          "Flash flood destroys Maui couple's dream home",
          "Flash flood destroys Maui couple's dream home",
          "Flash flood destroys Maui couple's dream home",
          "Flash flood destroys Maui couple's dream home",
          "Flash flood destroys Maui couple's dream home",
          "Flash flood destroys Maui couple's dream home",
          "Flash flood destroys Maui couple's dream home",
          "Flash flood destroys Maui couple's dream home",
          "Flash flood destroys Maui couple's dream home",
          "Flash flood destroys Maui couple's dream home",
          "Flash flood destroys Maui couple's dream home",
          "Flash flood destroys Maui couple's dream home",
          "Flash flood destroys Maui couple's dream home",
          "Flash flood destroys Maui couple's dream home",
          "Flash flood destroys Maui couple's dream home",
          "Flash flood destroys Maui couple's dream home",
          "Flash flood destroys Maui couple's dream home",
          "Flash flood destroys Maui couple's dream home",
          "Flash flood destroys Maui couple's dream home",
          "Flash flood destroys Maui couple's dream home",
          "Flash flood destroys Maui couple's dream home",
          "Flash flood destroys Maui couple's dream home",
          "Flash flood destroys Maui couple's dream home",
          "Flash flood destroys Maui couple's dream home",
          "Flash flood destroys Maui couple's dream home",
          "Flash flood destroys Maui couple's dream home",
          "Flash flood destroys Maui couple's dream home",
          "Flash flood destroys Maui couple's dream home",
          "Flash flood destroys Maui couple's dream home",
          "Flash flood destroys Maui couple's dream home",
          "Flash flood destroys Maui couple's dream home",
          "Flash flood destroys Maui couple's dream home",
          "Flash flood destroys Maui couple's dream home",
          "Flash flood destroys Maui couple's dream home",
          "Flash flood destroys Maui couple's dream home",
          "Flash flood destroys Maui couple's dream home",
          "Flash flood destroys Maui couple's dream home",
          "Flash flood destroys Maui couple's dream home",
          "Flash flood destroys Maui couple's dream home",
          "Flash flood destroys Maui couple's dream home",
          "Flash flood destroys Maui couple's dream home",
          "Flash flood destroys Maui couple's dream home",
          "Flash flood destroys Maui couple's dream home",
          "Flash flood destroys Maui couple's dream home",
          "Flash flood destroys Maui couple's dream home",
          "Flash flood destroys Maui couple's dream home",
          "Flash flood destroys Maui couple's dream home",
          "Flash flood destroys Maui couple's dream home",
          "Flash flood destroys Maui couple's dream home",
          "Flash flood destroys Maui couple's dream home",
          "Flash flood destroys Maui couple's dream home",
          "Flash flood destroys Maui couple's dream home",
          "Flash flood destroys Maui couple's dream home",
          "Flash flood destroys Maui couple's dream home",
          "Flash flood destroys Maui couple's dream home",
          "Flash flood destroys Maui couple's dream home",
          "Flash flood destroys Maui couple's dream home",
          "Flash flood destroys Maui couple's dream home",
          "Flash flood destroys Maui couple's dream home",
          "Flash flood destroys Maui couple's dream home",
          "Flash flood destroys Maui couple's dream home",
          "Flash flood destroys Maui couple's dream home",
          "Flash flood destroys Maui couple's dream home",
          "Flash flood destroys Maui couple's dream home",
          "Flash flood destroys Maui couple's dream home",
          "Flash flood destroys Maui couple's dream home",
          "Flash flood destroys Maui couple's dream home",
          "Flash flood warning extended for Maui; Flood advisory covers Oahu",
          "Flash flood warning posted for Maui as heavy rain intensifies",
          "Storm updates: Flash flood warnings issued for Maui, flood watches for Big Island",
          "Flash flood warning issued for east Maui as storm hits state",
          "Flash flood warning issued for east Maui as storm hits state",
          "Powerful kona storm brings warning level winds and flash flood risks; Flood Watch continues for Maui County",
          "NWS issues flash flood warning for Maui County",
          "NWS extends Flash Flood Warning for Big Island, Maui County, Molokai",
          "Flood Warning issued for flood-prone areas of Maui County",
          "Flood Advisory issued for flood-prone areas of Maui County",
          "Monday Weather Forecast | Flood advisory issued as heavy showers hit Maui County",
          "Monday Weather Forecast | Flood advisory issued as heavy showers hit Maui County",
          "NWS extends Flash Flood Warning for Big Island, Maui County, Molokai",
          "Flood advisory in effect for Molokai, state under flood watch"
        ]
      }
    },
    {
      "type": "Feature",
      "geometry": {
        "type": "Point",
        "coordinates": [
          -156.469,
          20.8949
        ]
      },
      "properties": {
        "source": "NOAA",
        "site_id": "1615680",
        "site_name": "Kahului, Kahului Harbor",
        "lat": "20.8949",
        "lon": "-156.469",
        "stage_ft": 1.676,
        "stage_datetime": "2026-06-29 21:54",
        "tier": "normal",
        "action_stage": 5.66,
        "flood_stage": 6.66,
        "major_stage": 8.66,
        "url": "https://tidesandcurrents.noaa.gov/stationhome.html?id=1615680",
        "city_lat": 20.8029568,
        "city_lon": -156.3106833,
        "fetched_at": "2026-06-29T22:01:32.713254+00:00",
        "flood_event_count": 92,
        "nearest_flood_miles": 12.04,
        "nearest_flood_title": "Powerful kona storm brings warning level winds and flash flood risks; Flood Warning issued for Maui until 2 p.m.",
        "color": "#2d6a4f",
        "nearby_flood_titles": [
          "Powerful kona storm brings warning level winds and flash flood risks; Flood Warning issued for Maui until 2 p.m.",
          "Flash flood destroys Maui couple's dream home",
          "Flash flood destroys Maui couple's dream home",
          "Flash flood destroys Maui couple's dream home",
          "Flash flood destroys Maui couple's dream home",
          "Flash flood destroys Maui couple's dream home",
          "Flash flood destroys Maui couple's dream home",
          "Flash flood destroys Maui couple's dream home",
          "Flash flood destroys Maui couple's dream home",
          "Flash flood destroys Maui couple's dream home",
          "Flash flood destroys Maui couple's dream home",
          "Flash flood destroys Maui couple's dream home",
          "Flash flood destroys Maui couple's dream home",
          "Flash flood destroys Maui couple's dream home",
          "Flash flood destroys Maui couple's dream home",
          "Flash flood destroys Maui couple's dream home",
          "Flash flood destroys Maui couple's dream home",
          "Flash flood destroys Maui couple's dream home",
          "Flash flood destroys Maui couple's dream home",
          "Flash flood destroys Maui couple's dream home",
          "Flash flood destroys Maui couple's dream home",
          "Flash flood destroys Maui couple's dream home",
          "Flash flood destroys Maui couple's dream home",
          "Flash flood destroys Maui couple's dream home",
          "Flash flood destroys Maui couple's dream home",
          "Flash flood destroys Maui couple's dream home",
          "Flash flood destroys Maui couple's dream home",
          "Flash flood destroys Maui couple's dream home",
          "Flash flood destroys Maui couple's dream home",
          "Flash flood destroys Maui couple's dream home",
          "Flash flood destroys Maui couple's dream home",
          "Flash flood destroys Maui couple's dream home",
          "Flash flood destroys Maui couple's dream home",
          "Flash flood destroys Maui couple's dream home",
          "Flash flood destroys Maui couple's dream home",
          "Flash flood destroys Maui couple's dream home",
          "Flash flood destroys Maui couple's dream home",
          "Flash flood destroys Maui couple's dream home",
          "Flash flood destroys Maui couple's dream home",
          "Flash flood destroys Maui couple's dream home",
          "Flash flood destroys Maui couple's dream home",
          "Flash flood destroys Maui couple's dream home",
          "Flash flood destroys Maui couple's dream home",
          "Flash flood destroys Maui couple's dream home",
          "Flash flood destroys Maui couple's dream home",
          "Flash flood destroys Maui couple's dream home",
          "Flash flood destroys Maui couple's dream home",
          "Flash flood destroys Maui couple's dream home",
          "Flash flood destroys Maui couple's dream home",
          "Flash flood destroys Maui couple's dream home",
          "Flash flood destroys Maui couple's dream home",
          "Flash flood destroys Maui couple's dream home",
          "Flash flood destroys Maui couple's dream home",
          "Flash flood destroys Maui couple's dream home",
          "Flash flood destroys Maui couple's dream home",
          "Flash flood destroys Maui couple's dream home",
          "Flash flood destroys Maui couple's dream home",
          "Flash flood destroys Maui couple's dream home",
          "Flash flood destroys Maui couple's dream home",
          "Flash flood destroys Maui couple's dream home",
          "Flash flood destroys Maui couple's dream home",
          "Flash flood destroys Maui couple's dream home",
          "Flash flood destroys Maui couple's dream home",
          "Flash flood destroys Maui couple's dream home",
          "Flash flood destroys Maui couple's dream home",
          "Flash flood destroys Maui couple's dream home",
          "Flash flood destroys Maui couple's dream home",
          "Flash flood destroys Maui couple's dream home",
          "Flash flood destroys Maui couple's dream home",
          "Flash flood destroys Maui couple's dream home",
          "Flash flood destroys Maui couple's dream home",
          "Flash flood destroys Maui couple's dream home",
          "Flash flood destroys Maui couple's dream home",
          "Flash flood destroys Maui couple's dream home",
          "Flash flood destroys Maui couple's dream home",
          "Flash flood destroys Maui couple's dream home",
          "Flash flood destroys Maui couple's dream home",
          "Flash flood destroys Maui couple's dream home",
          "Flash flood warning extended for Maui; Flood advisory covers Oahu",
          "Flash flood warning posted for Maui as heavy rain intensifies",
          "Storm updates: Flash flood warnings issued for Maui, flood watches for Big Island",
          "Flash flood warning issued for east Maui as storm hits state",
          "Flash flood warning issued for east Maui as storm hits state",
          "Powerful kona storm brings warning level winds and flash flood risks; Flood Watch continues for Maui County",
          "NWS issues flash flood warning for Maui County",
          "NWS extends Flash Flood Warning for Big Island, Maui County, Molokai",
          "Flood Warning issued for flood-prone areas of Maui County",
          "Flood Advisory issued for flood-prone areas of Maui County",
          "Monday Weather Forecast | Flood advisory issued as heavy showers hit Maui County",
          "Monday Weather Forecast | Flood advisory issued as heavy showers hit Maui County",
          "NWS extends Flash Flood Warning for Big Island, Maui County, Molokai",
          "Flood advisory in effect for Molokai, state under flood watch"
        ]
      }
    },
    {
      "type": "Feature",
      "geometry": {
        "type": "Point",
        "coordinates": [
          -156.469,
          20.8949
        ]
      },
      "properties": {
        "source": "NOAA",
        "site_id": "1615680",
        "site_name": "Kahului, Kahului Harbor",
        "lat": "20.8949",
        "lon": "-156.469",
        "stage_ft": 1.676,
        "stage_datetime": "2026-06-29 21:54",
        "tier": "normal",
        "action_stage": 5.66,
        "flood_stage": 6.66,
        "major_stage": 8.66,
        "url": "https://tidesandcurrents.noaa.gov/stationhome.html?id=1615680",
        "city_lat": 20.8029568,
        "city_lon": -156.3106833,
        "fetched_at": "2026-06-29T22:01:32.713254+00:00",
        "flood_event_count": 92,
        "nearest_flood_miles": 12.04,
        "nearest_flood_title": "Powerful kona storm brings warning level winds and flash flood risks; Flood Warning issued for Maui until 2 p.m.",
        "color": "#2d6a4f",
        "nearby_flood_titles": [
          "Powerful kona storm brings warning level winds and flash flood risks; Flood Warning issued for Maui until 2 p.m.",
          "Flash flood destroys Maui couple's dream home",
          "Flash flood destroys Maui couple's dream home",
          "Flash flood destroys Maui couple's dream home",
          "Flash flood destroys Maui couple's dream home",
          "Flash flood destroys Maui couple's dream home",
          "Flash flood destroys Maui couple's dream home",
          "Flash flood destroys Maui couple's dream home",
          "Flash flood destroys Maui couple's dream home",
          "Flash flood destroys Maui couple's dream home",
          "Flash flood destroys Maui couple's dream home",
          "Flash flood destroys Maui couple's dream home",
          "Flash flood destroys Maui couple's dream home",
          "Flash flood destroys Maui couple's dream home",
          "Flash flood destroys Maui couple's dream home",
          "Flash flood destroys Maui couple's dream home",
          "Flash flood destroys Maui couple's dream home",
          "Flash flood destroys Maui couple's dream home",
          "Flash flood destroys Maui couple's dream home",
          "Flash flood destroys Maui couple's dream home",
          "Flash flood destroys Maui couple's dream home",
          "Flash flood destroys Maui couple's dream home",
          "Flash flood destroys Maui couple's dream home",
          "Flash flood destroys Maui couple's dream home",
          "Flash flood destroys Maui couple's dream home",
          "Flash flood destroys Maui couple's dream home",
          "Flash flood destroys Maui couple's dream home",
          "Flash flood destroys Maui couple's dream home",
          "Flash flood destroys Maui couple's dream home",
          "Flash flood destroys Maui couple's dream home",
          "Flash flood destroys Maui couple's dream home",
          "Flash flood destroys Maui couple's dream home",
          "Flash flood destroys Maui couple's dream home",
          "Flash flood destroys Maui couple's dream home",
          "Flash flood destroys Maui couple's dream home",
          "Flash flood destroys Maui couple's dream home",
          "Flash flood destroys Maui couple's dream home",
          "Flash flood destroys Maui couple's dream home",
          "Flash flood destroys Maui couple's dream home",
          "Flash flood destroys Maui couple's dream home",
          "Flash flood destroys Maui couple's dream home",
          "Flash flood destroys Maui couple's dream home",
          "Flash flood destroys Maui couple's dream home",
          "Flash flood destroys Maui couple's dream home",
          "Flash flood destroys Maui couple's dream home",
          "Flash flood destroys Maui couple's dream home",
          "Flash flood destroys Maui couple's dream home",
          "Flash flood destroys Maui couple's dream home",
          "Flash flood destroys Maui couple's dream home",
          "Flash flood destroys Maui couple's dream home",
          "Flash flood destroys Maui couple's dream home",
          "Flash flood destroys Maui couple's dream home",
          "Flash flood destroys Maui couple's dream home",
          "Flash flood destroys Maui couple's dream home",
          "Flash flood destroys Maui couple's dream home",
          "Flash flood destroys Maui couple's dream home",
          "Flash flood destroys Maui couple's dream home",
          "Flash flood destroys Maui couple's dream home",
          "Flash flood destroys Maui couple's dream home",
          "Flash flood destroys Maui couple's dream home",
          "Flash flood destroys Maui couple's dream home",
          "Flash flood destroys Maui couple's dream home",
          "Flash flood destroys Maui couple's dream home",
          "Flash flood destroys Maui couple's dream home",
          "Flash flood destroys Maui couple's dream home",
          "Flash flood destroys Maui couple's dream home",
          "Flash flood destroys Maui couple's dream home",
          "Flash flood destroys Maui couple's dream home",
          "Flash flood destroys Maui couple's dream home",
          "Flash flood destroys Maui couple's dream home",
          "Flash flood destroys Maui couple's dream home",
          "Flash flood destroys Maui couple's dream home",
          "Flash flood destroys Maui couple's dream home",
          "Flash flood destroys Maui couple's dream home",
          "Flash flood destroys Maui couple's dream home",
          "Flash flood destroys Maui couple's dream home",
          "Flash flood destroys Maui couple's dream home",
          "Flash flood destroys Maui couple's dream home",
          "Flash flood warning extended for Maui; Flood advisory covers Oahu",
          "Flash flood warning posted for Maui as heavy rain intensifies",
          "Storm updates: Flash flood warnings issued for Maui, flood watches for Big Island",
          "Flash flood warning issued for east Maui as storm hits state",
          "Flash flood warning issued for east Maui as storm hits state",
          "Powerful kona storm brings warning level winds and flash flood risks; Flood Watch continues for Maui County",
          "NWS issues flash flood warning for Maui County",
          "NWS extends Flash Flood Warning for Big Island, Maui County, Molokai",
          "Flood Warning issued for flood-prone areas of Maui County",
          "Flood Advisory issued for flood-prone areas of Maui County",
          "Monday Weather Forecast | Flood advisory issued as heavy showers hit Maui County",
          "Monday Weather Forecast | Flood advisory issued as heavy showers hit Maui County",
          "NWS extends Flash Flood Warning for Big Island, Maui County, Molokai",
          "Flood advisory in effect for Molokai, state under flood watch"
        ]
      }
    },
    {
      "type": "Feature",
      "geometry": {
        "type": "Point",
        "coordinates": [
          -156.469,
          20.8949
        ]
      },
      "properties": {
        "source": "NOAA",
        "site_id": "1615680",
        "site_name": "Kahului, Kahului Harbor",
        "lat": "20.8949",
        "lon": "-156.469",
        "stage_ft": 1.676,
        "stage_datetime": "2026-06-29 21:54",
        "tier": "normal",
        "action_stage": 5.66,
        "flood_stage": 6.66,
        "major_stage": 8.66,
        "url": "https://tidesandcurrents.noaa.gov/stationhome.html?id=1615680",
        "city_lat": 20.8029568,
        "city_lon": -156.3106833,
        "fetched_at": "2026-06-29T22:01:32.713254+00:00",
        "flood_event_count": 92,
        "nearest_flood_miles": 12.04,
        "nearest_flood_title": "Powerful kona storm brings warning level winds and flash flood risks; Flood Warning issued for Maui until 2 p.m.",
        "color": "#2d6a4f",
        "nearby_flood_titles": [
          "Powerful kona storm brings warning level winds and flash flood risks; Flood Warning issued for Maui until 2 p.m.",
          "Flash flood destroys Maui couple's dream home",
          "Flash flood destroys Maui couple's dream home",
          "Flash flood destroys Maui couple's dream home",
          "Flash flood destroys Maui couple's dream home",
          "Flash flood destroys Maui couple's dream home",
          "Flash flood destroys Maui couple's dream home",
          "Flash flood destroys Maui couple's dream home",
          "Flash flood destroys Maui couple's dream home",
          "Flash flood destroys Maui couple's dream home",
          "Flash flood destroys Maui couple's dream home",
          "Flash flood destroys Maui couple's dream home",
          "Flash flood destroys Maui couple's dream home",
          "Flash flood destroys Maui couple's dream home",
          "Flash flood destroys Maui couple's dream home",
          "Flash flood destroys Maui couple's dream home",
          "Flash flood destroys Maui couple's dream home",
          "Flash flood destroys Maui couple's dream home",
          "Flash flood destroys Maui couple's dream home",
          "Flash flood destroys Maui couple's dream home",
          "Flash flood destroys Maui couple's dream home",
          "Flash flood destroys Maui couple's dream home",
          "Flash flood destroys Maui couple's dream home",
          "Flash flood destroys Maui couple's dream home",
          "Flash flood destroys Maui couple's dream home",
          "Flash flood destroys Maui couple's dream home",
          "Flash flood destroys Maui couple's dream home",
          "Flash flood destroys Maui couple's dream home",
          "Flash flood destroys Maui couple's dream home",
          "Flash flood destroys Maui couple's dream home",
          "Flash flood destroys Maui couple's dream home",
          "Flash flood destroys Maui couple's dream home",
          "Flash flood destroys Maui couple's dream home",
          "Flash flood destroys Maui couple's dream home",
          "Flash flood destroys Maui couple's dream home",
          "Flash flood destroys Maui couple's dream home",
          "Flash flood destroys Maui couple's dream home",
          "Flash flood destroys Maui couple's dream home",
          "Flash flood destroys Maui couple's dream home",
          "Flash flood destroys Maui couple's dream home",
          "Flash flood destroys Maui couple's dream home",
          "Flash flood destroys Maui couple's dream home",
          "Flash flood destroys Maui couple's dream home",
          "Flash flood destroys Maui couple's dream home",
          "Flash flood destroys Maui couple's dream home",
          "Flash flood destroys Maui couple's dream home",
          "Flash flood destroys Maui couple's dream home",
          "Flash flood destroys Maui couple's dream home",
          "Flash flood destroys Maui couple's dream home",
          "Flash flood destroys Maui couple's dream home",
          "Flash flood destroys Maui couple's dream home",
          "Flash flood destroys Maui couple's dream home",
          "Flash flood destroys Maui couple's dream home",
          "Flash flood destroys Maui couple's dream home",
          "Flash flood destroys Maui couple's dream home",
          "Flash flood destroys Maui couple's dream home",
          "Flash flood destroys Maui couple's dream home",
          "Flash flood destroys Maui couple's dream home",
          "Flash flood destroys Maui couple's dream home",
          "Flash flood destroys Maui couple's dream home",
          "Flash flood destroys Maui couple's dream home",
          "Flash flood destroys Maui couple's dream home",
          "Flash flood destroys Maui couple's dream home",
          "Flash flood destroys Maui couple's dream home",
          "Flash flood destroys Maui couple's dream home",
          "Flash flood destroys Maui couple's dream home",
          "Flash flood destroys Maui couple's dream home",
          "Flash flood destroys Maui couple's dream home",
          "Flash flood destroys Maui couple's dream home",
          "Flash flood destroys Maui couple's dream home",
          "Flash flood destroys Maui couple's dream home",
          "Flash flood destroys Maui couple's dream home",
          "Flash flood destroys Maui couple's dream home",
          "Flash flood destroys Maui couple's dream home",
          "Flash flood destroys Maui couple's dream home",
          "Flash flood destroys Maui couple's dream home",
          "Flash flood destroys Maui couple's dream home",
          "Flash flood destroys Maui couple's dream home",
          "Flash flood warning extended for Maui; Flood advisory covers Oahu",
          "Flash flood warning posted for Maui as heavy rain intensifies",
          "Storm updates: Flash flood warnings issued for Maui, flood watches for Big Island",
          "Flash flood warning issued for east Maui as storm hits state",
          "Flash flood warning issued for east Maui as storm hits state",
          "Powerful kona storm brings warning level winds and flash flood risks; Flood Watch continues for Maui County",
          "NWS issues flash flood warning for Maui County",
          "NWS extends Flash Flood Warning for Big Island, Maui County, Molokai",
          "Flood Warning issued for flood-prone areas of Maui County",
          "Flood Advisory issued for flood-prone areas of Maui County",
          "Monday Weather Forecast | Flood advisory issued as heavy showers hit Maui County",
          "Monday Weather Forecast | Flood advisory issued as heavy showers hit Maui County",
          "NWS extends Flash Flood Warning for Big Island, Maui County, Molokai",
          "Flood advisory in effect for Molokai, state under flood watch"
        ]
      }
    },
    {
      "type": "Feature",
      "geometry": {
        "type": "Point",
        "coordinates": [
          -156.469,
          20.8949
        ]
      },
      "properties": {
        "source": "NOAA",
        "site_id": "1615680",
        "site_name": "Kahului, Kahului Harbor",
        "lat": "20.8949",
        "lon": "-156.469",
        "stage_ft": 1.676,
        "stage_datetime": "2026-06-29 21:54",
        "tier": "normal",
        "action_stage": 5.66,
        "flood_stage": 6.66,
        "major_stage": 8.66,
        "url": "https://tidesandcurrents.noaa.gov/stationhome.html?id=1615680",
        "city_lat": 20.8029568,
        "city_lon": -156.3106833,
        "fetched_at": "2026-06-29T22:01:32.713254+00:00",
        "flood_event_count": 92,
        "nearest_flood_miles": 12.04,
        "nearest_flood_title": "Powerful kona storm brings warning level winds and flash flood risks; Flood Warning issued for Maui until 2 p.m.",
        "color": "#2d6a4f",
        "nearby_flood_titles": [
          "Powerful kona storm brings warning level winds and flash flood risks; Flood Warning issued for Maui until 2 p.m.",
          "Flash flood destroys Maui couple's dream home",
          "Flash flood destroys Maui couple's dream home",
          "Flash flood destroys Maui couple's dream home",
          "Flash flood destroys Maui couple's dream home",
          "Flash flood destroys Maui couple's dream home",
          "Flash flood destroys Maui couple's dream home",
          "Flash flood destroys Maui couple's dream home",
          "Flash flood destroys Maui couple's dream home",
          "Flash flood destroys Maui couple's dream home",
          "Flash flood destroys Maui couple's dream home",
          "Flash flood destroys Maui couple's dream home",
          "Flash flood destroys Maui couple's dream home",
          "Flash flood destroys Maui couple's dream home",
          "Flash flood destroys Maui couple's dream home",
          "Flash flood destroys Maui couple's dream home",
          "Flash flood destroys Maui couple's dream home",
          "Flash flood destroys Maui couple's dream home",
          "Flash flood destroys Maui couple's dream home",
          "Flash flood destroys Maui couple's dream home",
          "Flash flood destroys Maui couple's dream home",
          "Flash flood destroys Maui couple's dream home",
          "Flash flood destroys Maui couple's dream home",
          "Flash flood destroys Maui couple's dream home",
          "Flash flood destroys Maui couple's dream home",
          "Flash flood destroys Maui couple's dream home",
          "Flash flood destroys Maui couple's dream home",
          "Flash flood destroys Maui couple's dream home",
          "Flash flood destroys Maui couple's dream home",
          "Flash flood destroys Maui couple's dream home",
          "Flash flood destroys Maui couple's dream home",
          "Flash flood destroys Maui couple's dream home",
          "Flash flood destroys Maui couple's dream home",
          "Flash flood destroys Maui couple's dream home",
          "Flash flood destroys Maui couple's dream home",
          "Flash flood destroys Maui couple's dream home",
          "Flash flood destroys Maui couple's dream home",
          "Flash flood destroys Maui couple's dream home",
          "Flash flood destroys Maui couple's dream home",
          "Flash flood destroys Maui couple's dream home",
          "Flash flood destroys Maui couple's dream home",
          "Flash flood destroys Maui couple's dream home",
          "Flash flood destroys Maui couple's dream home",
          "Flash flood destroys Maui couple's dream home",
          "Flash flood destroys Maui couple's dream home",
          "Flash flood destroys Maui couple's dream home",
          "Flash flood destroys Maui couple's dream home",
          "Flash flood destroys Maui couple's dream home",
          "Flash flood destroys Maui couple's dream home",
          "Flash flood destroys Maui couple's dream home",
          "Flash flood destroys Maui couple's dream home",
          "Flash flood destroys Maui couple's dream home",
          "Flash flood destroys Maui couple's dream home",
          "Flash flood destroys Maui couple's dream home",
          "Flash flood destroys Maui couple's dream home",
          "Flash flood destroys Maui couple's dream home",
          "Flash flood destroys Maui couple's dream home",
          "Flash flood destroys Maui couple's dream home",
          "Flash flood destroys Maui couple's dream home",
          "Flash flood destroys Maui couple's dream home",
          "Flash flood destroys Maui couple's dream home",
          "Flash flood destroys Maui couple's dream home",
          "Flash flood destroys Maui couple's dream home",
          "Flash flood destroys Maui couple's dream home",
          "Flash flood destroys Maui couple's dream home",
          "Flash flood destroys Maui couple's dream home",
          "Flash flood destroys Maui couple's dream home",
          "Flash flood destroys Maui couple's dream home",
          "Flash flood destroys Maui couple's dream home",
          "Flash flood destroys Maui couple's dream home",
          "Flash flood destroys Maui couple's dream home",
          "Flash flood destroys Maui couple's dream home",
          "Flash flood destroys Maui couple's dream home",
          "Flash flood destroys Maui couple's dream home",
          "Flash flood destroys Maui couple's dream home",
          "Flash flood destroys Maui couple's dream home",
          "Flash flood destroys Maui couple's dream home",
          "Flash flood destroys Maui couple's dream home",
          "Flash flood warning extended for Maui; Flood advisory covers Oahu",
          "Flash flood warning posted for Maui as heavy rain intensifies",
          "Storm updates: Flash flood warnings issued for Maui, flood watches for Big Island",
          "Flash flood warning issued for east Maui as storm hits state",
          "Flash flood warning issued for east Maui as storm hits state",
          "Powerful kona storm brings warning level winds and flash flood risks; Flood Watch continues for Maui County",
          "NWS issues flash flood warning for Maui County",
          "NWS extends Flash Flood Warning for Big Island, Maui County, Molokai",
          "Flood Warning issued for flood-prone areas of Maui County",
          "Flood Advisory issued for flood-prone areas of Maui County",
          "Monday Weather Forecast | Flood advisory issued as heavy showers hit Maui County",
          "Monday Weather Forecast | Flood advisory issued as heavy showers hit Maui County",
          "NWS extends Flash Flood Warning for Big Island, Maui County, Molokai",
          "Flood advisory in effect for Molokai, state under flood watch"
        ]
      }
    },
    {
      "type": "Feature",
      "geometry": {
        "type": "Point",
        "coordinates": [
          -156.469,
          20.8949
        ]
      },
      "properties": {
        "source": "NOAA",
        "site_id": "1615680",
        "site_name": "Kahului, Kahului Harbor",
        "lat": "20.8949",
        "lon": "-156.469",
        "stage_ft": 1.676,
        "stage_datetime": "2026-06-29 21:54",
        "tier": "normal",
        "action_stage": 5.66,
        "flood_stage": 6.66,
        "major_stage": 8.66,
        "url": "https://tidesandcurrents.noaa.gov/stationhome.html?id=1615680",
        "city_lat": 20.8029568,
        "city_lon": -156.3106833,
        "fetched_at": "2026-06-29T22:01:32.713254+00:00",
        "flood_event_count": 92,
        "nearest_flood_miles": 12.04,
        "nearest_flood_title": "Powerful kona storm brings warning level winds and flash flood risks; Flood Warning issued for Maui until 2 p.m.",
        "color": "#2d6a4f",
        "nearby_flood_titles": [
          "Powerful kona storm brings warning level winds and flash flood risks; Flood Warning issued for Maui until 2 p.m.",
          "Flash flood destroys Maui couple's dream home",
          "Flash flood destroys Maui couple's dream home",
          "Flash flood destroys Maui couple's dream home",
          "Flash flood destroys Maui couple's dream home",
          "Flash flood destroys Maui couple's dream home",
          "Flash flood destroys Maui couple's dream home",
          "Flash flood destroys Maui couple's dream home",
          "Flash flood destroys Maui couple's dream home",
          "Flash flood destroys Maui couple's dream home",
          "Flash flood destroys Maui couple's dream home",
          "Flash flood destroys Maui couple's dream home",
          "Flash flood destroys Maui couple's dream home",
          "Flash flood destroys Maui couple's dream home",
          "Flash flood destroys Maui couple's dream home",
          "Flash flood destroys Maui couple's dream home",
          "Flash flood destroys Maui couple's dream home",
          "Flash flood destroys Maui couple's dream home",
          "Flash flood destroys Maui couple's dream home",
          "Flash flood destroys Maui couple's dream home",
          "Flash flood destroys Maui couple's dream home",
          "Flash flood destroys Maui couple's dream home",
          "Flash flood destroys Maui couple's dream home",
          "Flash flood destroys Maui couple's dream home",
          "Flash flood destroys Maui couple's dream home",
          "Flash flood destroys Maui couple's dream home",
          "Flash flood destroys Maui couple's dream home",
          "Flash flood destroys Maui couple's dream home",
          "Flash flood destroys Maui couple's dream home",
          "Flash flood destroys Maui couple's dream home",
          "Flash flood destroys Maui couple's dream home",
          "Flash flood destroys Maui couple's dream home",
          "Flash flood destroys Maui couple's dream home",
          "Flash flood destroys Maui couple's dream home",
          "Flash flood destroys Maui couple's dream home",
          "Flash flood destroys Maui couple's dream home",
          "Flash flood destroys Maui couple's dream home",
          "Flash flood destroys Maui couple's dream home",
          "Flash flood destroys Maui couple's dream home",
          "Flash flood destroys Maui couple's dream home",
          "Flash flood destroys Maui couple's dream home",
          "Flash flood destroys Maui couple's dream home",
          "Flash flood destroys Maui couple's dream home",
          "Flash flood destroys Maui couple's dream home",
          "Flash flood destroys Maui couple's dream home",
          "Flash flood destroys Maui couple's dream home",
          "Flash flood destroys Maui couple's dream home",
          "Flash flood destroys Maui couple's dream home",
          "Flash flood destroys Maui couple's dream home",
          "Flash flood destroys Maui couple's dream home",
          "Flash flood destroys Maui couple's dream home",
          "Flash flood destroys Maui couple's dream home",
          "Flash flood destroys Maui couple's dream home",
          "Flash flood destroys Maui couple's dream home",
          "Flash flood destroys Maui couple's dream home",
          "Flash flood destroys Maui couple's dream home",
          "Flash flood destroys Maui couple's dream home",
          "Flash flood destroys Maui couple's dream home",
          "Flash flood destroys Maui couple's dream home",
          "Flash flood destroys Maui couple's dream home",
          "Flash flood destroys Maui couple's dream home",
          "Flash flood destroys Maui couple's dream home",
          "Flash flood destroys Maui couple's dream home",
          "Flash flood destroys Maui couple's dream home",
          "Flash flood destroys Maui couple's dream home",
          "Flash flood destroys Maui couple's dream home",
          "Flash flood destroys Maui couple's dream home",
          "Flash flood destroys Maui couple's dream home",
          "Flash flood destroys Maui couple's dream home",
          "Flash flood destroys Maui couple's dream home",
          "Flash flood destroys Maui couple's dream home",
          "Flash flood destroys Maui couple's dream home",
          "Flash flood destroys Maui couple's dream home",
          "Flash flood destroys Maui couple's dream home",
          "Flash flood destroys Maui couple's dream home",
          "Flash flood destroys Maui couple's dream home",
          "Flash flood destroys Maui couple's dream home",
          "Flash flood destroys Maui couple's dream home",
          "Flash flood warning extended for Maui; Flood advisory covers Oahu",
          "Flash flood warning posted for Maui as heavy rain intensifies",
          "Storm updates: Flash flood warnings issued for Maui, flood watches for Big Island",
          "Flash flood warning issued for east Maui as storm hits state",
          "Flash flood warning issued for east Maui as storm hits state",
          "Powerful kona storm brings warning level winds and flash flood risks; Flood Watch continues for Maui County",
          "NWS issues flash flood warning for Maui County",
          "NWS extends Flash Flood Warning for Big Island, Maui County, Molokai",
          "Flood Warning issued for flood-prone areas of Maui County",
          "Flood Advisory issued for flood-prone areas of Maui County",
          "Monday Weather Forecast | Flood advisory issued as heavy showers hit Maui County",
          "Monday Weather Forecast | Flood advisory issued as heavy showers hit Maui County",
          "NWS extends Flash Flood Warning for Big Island, Maui County, Molokai",
          "Flood advisory in effect for Molokai, state under flood watch"
        ]
      }
    },
    {
      "type": "Feature",
      "geometry": {
        "type": "Point",
        "coordinates": [
          -156.469,
          20.8949
        ]
      },
      "properties": {
        "source": "NOAA",
        "site_id": "1615680",
        "site_name": "Kahului, Kahului Harbor",
        "lat": "20.8949",
        "lon": "-156.469",
        "stage_ft": 1.676,
        "stage_datetime": "2026-06-29 21:54",
        "tier": "normal",
        "action_stage": 5.66,
        "flood_stage": 6.66,
        "major_stage": 8.66,
        "url": "https://tidesandcurrents.noaa.gov/stationhome.html?id=1615680",
        "city_lat": 20.8029568,
        "city_lon": -156.3106833,
        "fetched_at": "2026-06-29T22:01:32.713254+00:00",
        "flood_event_count": 92,
        "nearest_flood_miles": 12.04,
        "nearest_flood_title": "Powerful kona storm brings warning level winds and flash flood risks; Flood Warning issued for Maui until 2 p.m.",
        "color": "#2d6a4f",
        "nearby_flood_titles": [
          "Powerful kona storm brings warning level winds and flash flood risks; Flood Warning issued for Maui until 2 p.m.",
          "Flash flood destroys Maui couple's dream home",
          "Flash flood destroys Maui couple's dream home",
          "Flash flood destroys Maui couple's dream home",
          "Flash flood destroys Maui couple's dream home",
          "Flash flood destroys Maui couple's dream home",
          "Flash flood destroys Maui couple's dream home",
          "Flash flood destroys Maui couple's dream home",
          "Flash flood destroys Maui couple's dream home",
          "Flash flood destroys Maui couple's dream home",
          "Flash flood destroys Maui couple's dream home",
          "Flash flood destroys Maui couple's dream home",
          "Flash flood destroys Maui couple's dream home",
          "Flash flood destroys Maui couple's dream home",
          "Flash flood destroys Maui couple's dream home",
          "Flash flood destroys Maui couple's dream home",
          "Flash flood destroys Maui couple's dream home",
          "Flash flood destroys Maui couple's dream home",
          "Flash flood destroys Maui couple's dream home",
          "Flash flood destroys Maui couple's dream home",
          "Flash flood destroys Maui couple's dream home",
          "Flash flood destroys Maui couple's dream home",
          "Flash flood destroys Maui couple's dream home",
          "Flash flood destroys Maui couple's dream home",
          "Flash flood destroys Maui couple's dream home",
          "Flash flood destroys Maui couple's dream home",
          "Flash flood destroys Maui couple's dream home",
          "Flash flood destroys Maui couple's dream home",
          "Flash flood destroys Maui couple's dream home",
          "Flash flood destroys Maui couple's dream home",
          "Flash flood destroys Maui couple's dream home",
          "Flash flood destroys Maui couple's dream home",
          "Flash flood destroys Maui couple's dream home",
          "Flash flood destroys Maui couple's dream home",
          "Flash flood destroys Maui couple's dream home",
          "Flash flood destroys Maui couple's dream home",
          "Flash flood destroys Maui couple's dream home",
          "Flash flood destroys Maui couple's dream home",
          "Flash flood destroys Maui couple's dream home",
          "Flash flood destroys Maui couple's dream home",
          "Flash flood destroys Maui couple's dream home",
          "Flash flood destroys Maui couple's dream home",
          "Flash flood destroys Maui couple's dream home",
          "Flash flood destroys Maui couple's dream home",
          "Flash flood destroys Maui couple's dream home",
          "Flash flood destroys Maui couple's dream home",
          "Flash flood destroys Maui couple's dream home",
          "Flash flood destroys Maui couple's dream home",
          "Flash flood destroys Maui couple's dream home",
          "Flash flood destroys Maui couple's dream home",
          "Flash flood destroys Maui couple's dream home",
          "Flash flood destroys Maui couple's dream home",
          "Flash flood destroys Maui couple's dream home",
          "Flash flood destroys Maui couple's dream home",
          "Flash flood destroys Maui couple's dream home",
          "Flash flood destroys Maui couple's dream home",
          "Flash flood destroys Maui couple's dream home",
          "Flash flood destroys Maui couple's dream home",
          "Flash flood destroys Maui couple's dream home",
          "Flash flood destroys Maui couple's dream home",
          "Flash flood destroys Maui couple's dream home",
          "Flash flood destroys Maui couple's dream home",
          "Flash flood destroys Maui couple's dream home",
          "Flash flood destroys Maui couple's dream home",
          "Flash flood destroys Maui couple's dream home",
          "Flash flood destroys Maui couple's dream home",
          "Flash flood destroys Maui couple's dream home",
          "Flash flood destroys Maui couple's dream home",
          "Flash flood destroys Maui couple's dream home",
          "Flash flood destroys Maui couple's dream home",
          "Flash flood destroys Maui couple's dream home",
          "Flash flood destroys Maui couple's dream home",
          "Flash flood destroys Maui couple's dream home",
          "Flash flood destroys Maui couple's dream home",
          "Flash flood destroys Maui couple's dream home",
          "Flash flood destroys Maui couple's dream home",
          "Flash flood destroys Maui couple's dream home",
          "Flash flood destroys Maui couple's dream home",
          "Flash flood warning extended for Maui; Flood advisory covers Oahu",
          "Flash flood warning posted for Maui as heavy rain intensifies",
          "Storm updates: Flash flood warnings issued for Maui, flood watches for Big Island",
          "Flash flood warning issued for east Maui as storm hits state",
          "Flash flood warning issued for east Maui as storm hits state",
          "Powerful kona storm brings warning level winds and flash flood risks; Flood Watch continues for Maui County",
          "NWS issues flash flood warning for Maui County",
          "NWS extends Flash Flood Warning for Big Island, Maui County, Molokai",
          "Flood Warning issued for flood-prone areas of Maui County",
          "Flood Advisory issued for flood-prone areas of Maui County",
          "Monday Weather Forecast | Flood advisory issued as heavy showers hit Maui County",
          "Monday Weather Forecast | Flood advisory issued as heavy showers hit Maui County",
          "NWS extends Flash Flood Warning for Big Island, Maui County, Molokai",
          "Flood advisory in effect for Molokai, state under flood watch"
        ]
      }
    },
    {
      "type": "Feature",
      "geometry": {
        "type": "Point",
        "coordinates": [
          -156.469,
          20.8949
        ]
      },
      "properties": {
        "source": "NOAA",
        "site_id": "1615680",
        "site_name": "Kahului, Kahului Harbor",
        "lat": "20.8949",
        "lon": "-156.469",
        "stage_ft": 1.676,
        "stage_datetime": "2026-06-29 21:54",
        "tier": "normal",
        "action_stage": 5.66,
        "flood_stage": 6.66,
        "major_stage": 8.66,
        "url": "https://tidesandcurrents.noaa.gov/stationhome.html?id=1615680",
        "city_lat": 20.8029568,
        "city_lon": -156.3106833,
        "fetched_at": "2026-06-29T22:01:32.713254+00:00",
        "flood_event_count": 92,
        "nearest_flood_miles": 12.04,
        "nearest_flood_title": "Powerful kona storm brings warning level winds and flash flood risks; Flood Warning issued for Maui until 2 p.m.",
        "color": "#2d6a4f",
        "nearby_flood_titles": [
          "Powerful kona storm brings warning level winds and flash flood risks; Flood Warning issued for Maui until 2 p.m.",
          "Flash flood destroys Maui couple's dream home",
          "Flash flood destroys Maui couple's dream home",
          "Flash flood destroys Maui couple's dream home",
          "Flash flood destroys Maui couple's dream home",
          "Flash flood destroys Maui couple's dream home",
          "Flash flood destroys Maui couple's dream home",
          "Flash flood destroys Maui couple's dream home",
          "Flash flood destroys Maui couple's dream home",
          "Flash flood destroys Maui couple's dream home",
          "Flash flood destroys Maui couple's dream home",
          "Flash flood destroys Maui couple's dream home",
          "Flash flood destroys Maui couple's dream home",
          "Flash flood destroys Maui couple's dream home",
          "Flash flood destroys Maui couple's dream home",
          "Flash flood destroys Maui couple's dream home",
          "Flash flood destroys Maui couple's dream home",
          "Flash flood destroys Maui couple's dream home",
          "Flash flood destroys Maui couple's dream home",
          "Flash flood destroys Maui couple's dream home",
          "Flash flood destroys Maui couple's dream home",
          "Flash flood destroys Maui couple's dream home",
          "Flash flood destroys Maui couple's dream home",
          "Flash flood destroys Maui couple's dream home",
          "Flash flood destroys Maui couple's dream home",
          "Flash flood destroys Maui couple's dream home",
          "Flash flood destroys Maui couple's dream home",
          "Flash flood destroys Maui couple's dream home",
          "Flash flood destroys Maui couple's dream home",
          "Flash flood destroys Maui couple's dream home",
          "Flash flood destroys Maui couple's dream home",
          "Flash flood destroys Maui couple's dream home",
          "Flash flood destroys Maui couple's dream home",
          "Flash flood destroys Maui couple's dream home",
          "Flash flood destroys Maui couple's dream home",
          "Flash flood destroys Maui couple's dream home",
          "Flash flood destroys Maui couple's dream home",
          "Flash flood destroys Maui couple's dream home",
          "Flash flood destroys Maui couple's dream home",
          "Flash flood destroys Maui couple's dream home",
          "Flash flood destroys Maui couple's dream home",
          "Flash flood destroys Maui couple's dream home",
          "Flash flood destroys Maui couple's dream home",
          "Flash flood destroys Maui couple's dream home",
          "Flash flood destroys Maui couple's dream home",
          "Flash flood destroys Maui couple's dream home",
          "Flash flood destroys Maui couple's dream home",
          "Flash flood destroys Maui couple's dream home",
          "Flash flood destroys Maui couple's dream home",
          "Flash flood destroys Maui couple's dream home",
          "Flash flood destroys Maui couple's dream home",
          "Flash flood destroys Maui couple's dream home",
          "Flash flood destroys Maui couple's dream home",
          "Flash flood destroys Maui couple's dream home",
          "Flash flood destroys Maui couple's dream home",
          "Flash flood destroys Maui couple's dream home",
          "Flash flood destroys Maui couple's dream home",
          "Flash flood destroys Maui couple's dream home",
          "Flash flood destroys Maui couple's dream home",
          "Flash flood destroys Maui couple's dream home",
          "Flash flood destroys Maui couple's dream home",
          "Flash flood destroys Maui couple's dream home",
          "Flash flood destroys Maui couple's dream home",
          "Flash flood destroys Maui couple's dream home",
          "Flash flood destroys Maui couple's dream home",
          "Flash flood destroys Maui couple's dream home",
          "Flash flood destroys Maui couple's dream home",
          "Flash flood destroys Maui couple's dream home",
          "Flash flood destroys Maui couple's dream home",
          "Flash flood destroys Maui couple's dream home",
          "Flash flood destroys Maui couple's dream home",
          "Flash flood destroys Maui couple's dream home",
          "Flash flood destroys Maui couple's dream home",
          "Flash flood destroys Maui couple's dream home",
          "Flash flood destroys Maui couple's dream home",
          "Flash flood destroys Maui couple's dream home",
          "Flash flood destroys Maui couple's dream home",
          "Flash flood destroys Maui couple's dream home",
          "Flash flood warning extended for Maui; Flood advisory covers Oahu",
          "Flash flood warning posted for Maui as heavy rain intensifies",
          "Storm updates: Flash flood warnings issued for Maui, flood watches for Big Island",
          "Flash flood warning issued for east Maui as storm hits state",
          "Flash flood warning issued for east Maui as storm hits state",
          "Powerful kona storm brings warning level winds and flash flood risks; Flood Watch continues for Maui County",
          "NWS issues flash flood warning for Maui County",
          "NWS extends Flash Flood Warning for Big Island, Maui County, Molokai",
          "Flood Warning issued for flood-prone areas of Maui County",
          "Flood Advisory issued for flood-prone areas of Maui County",
          "Monday Weather Forecast | Flood advisory issued as heavy showers hit Maui County",
          "Monday Weather Forecast | Flood advisory issued as heavy showers hit Maui County",
          "NWS extends Flash Flood Warning for Big Island, Maui County, Molokai",
          "Flood advisory in effect for Molokai, state under flood watch"
        ]
      }
    },
    {
      "type": "Feature",
      "geometry": {
        "type": "Point",
        "coordinates": [
          -156.469,
          20.8949
        ]
      },
      "properties": {
        "source": "NOAA",
        "site_id": "1615680",
        "site_name": "Kahului, Kahului Harbor",
        "lat": "20.8949",
        "lon": "-156.469",
        "stage_ft": 1.676,
        "stage_datetime": "2026-06-29 21:54",
        "tier": "normal",
        "action_stage": 5.66,
        "flood_stage": 6.66,
        "major_stage": 8.66,
        "url": "https://tidesandcurrents.noaa.gov/stationhome.html?id=1615680",
        "city_lat": 20.8029568,
        "city_lon": -156.3106833,
        "fetched_at": "2026-06-29T22:01:32.713254+00:00",
        "flood_event_count": 92,
        "nearest_flood_miles": 12.04,
        "nearest_flood_title": "Powerful kona storm brings warning level winds and flash flood risks; Flood Warning issued for Maui until 2 p.m.",
        "color": "#2d6a4f",
        "nearby_flood_titles": [
          "Powerful kona storm brings warning level winds and flash flood risks; Flood Warning issued for Maui until 2 p.m.",
          "Flash flood destroys Maui couple's dream home",
          "Flash flood destroys Maui couple's dream home",
          "Flash flood destroys Maui couple's dream home",
          "Flash flood destroys Maui couple's dream home",
          "Flash flood destroys Maui couple's dream home",
          "Flash flood destroys Maui couple's dream home",
          "Flash flood destroys Maui couple's dream home",
          "Flash flood destroys Maui couple's dream home",
          "Flash flood destroys Maui couple's dream home",
          "Flash flood destroys Maui couple's dream home",
          "Flash flood destroys Maui couple's dream home",
          "Flash flood destroys Maui couple's dream home",
          "Flash flood destroys Maui couple's dream home",
          "Flash flood destroys Maui couple's dream home",
          "Flash flood destroys Maui couple's dream home",
          "Flash flood destroys Maui couple's dream home",
          "Flash flood destroys Maui couple's dream home",
          "Flash flood destroys Maui couple's dream home",
          "Flash flood destroys Maui couple's dream home",
          "Flash flood destroys Maui couple's dream home",
          "Flash flood destroys Maui couple's dream home",
          "Flash flood destroys Maui couple's dream home",
          "Flash flood destroys Maui couple's dream home",
          "Flash flood destroys Maui couple's dream home",
          "Flash flood destroys Maui couple's dream home",
          "Flash flood destroys Maui couple's dream home",
          "Flash flood destroys Maui couple's dream home",
          "Flash flood destroys Maui couple's dream home",
          "Flash flood destroys Maui couple's dream home",
          "Flash flood destroys Maui couple's dream home",
          "Flash flood destroys Maui couple's dream home",
          "Flash flood destroys Maui couple's dream home",
          "Flash flood destroys Maui couple's dream home",
          "Flash flood destroys Maui couple's dream home",
          "Flash flood destroys Maui couple's dream home",
          "Flash flood destroys Maui couple's dream home",
          "Flash flood destroys Maui couple's dream home",
          "Flash flood destroys Maui couple's dream home",
          "Flash flood destroys Maui couple's dream home",
          "Flash flood destroys Maui couple's dream home",
          "Flash flood destroys Maui couple's dream home",
          "Flash flood destroys Maui couple's dream home",
          "Flash flood destroys Maui couple's dream home",
          "Flash flood destroys Maui couple's dream home",
          "Flash flood destroys Maui couple's dream home",
          "Flash flood destroys Maui couple's dream home",
          "Flash flood destroys Maui couple's dream home",
          "Flash flood destroys Maui couple's dream home",
          "Flash flood destroys Maui couple's dream home",
          "Flash flood destroys Maui couple's dream home",
          "Flash flood destroys Maui couple's dream home",
          "Flash flood destroys Maui couple's dream home",
          "Flash flood destroys Maui couple's dream home",
          "Flash flood destroys Maui couple's dream home",
          "Flash flood destroys Maui couple's dream home",
          "Flash flood destroys Maui couple's dream home",
          "Flash flood destroys Maui couple's dream home",
          "Flash flood destroys Maui couple's dream home",
          "Flash flood destroys Maui couple's dream home",
          "Flash flood destroys Maui couple's dream home",
          "Flash flood destroys Maui couple's dream home",
          "Flash flood destroys Maui couple's dream home",
          "Flash flood destroys Maui couple's dream home",
          "Flash flood destroys Maui couple's dream home",
          "Flash flood destroys Maui couple's dream home",
          "Flash flood destroys Maui couple's dream home",
          "Flash flood destroys Maui couple's dream home",
          "Flash flood destroys Maui couple's dream home",
          "Flash flood destroys Maui couple's dream home",
          "Flash flood destroys Maui couple's dream home",
          "Flash flood destroys Maui couple's dream home",
          "Flash flood destroys Maui couple's dream home",
          "Flash flood destroys Maui couple's dream home",
          "Flash flood destroys Maui couple's dream home",
          "Flash flood destroys Maui couple's dream home",
          "Flash flood destroys Maui couple's dream home",
          "Flash flood destroys Maui couple's dream home",
          "Flash flood warning extended for Maui; Flood advisory covers Oahu",
          "Flash flood warning posted for Maui as heavy rain intensifies",
          "Storm updates: Flash flood warnings issued for Maui, flood watches for Big Island",
          "Flash flood warning issued for east Maui as storm hits state",
          "Flash flood warning issued for east Maui as storm hits state",
          "Powerful kona storm brings warning level winds and flash flood risks; Flood Watch continues for Maui County",
          "NWS issues flash flood warning for Maui County",
          "NWS extends Flash Flood Warning for Big Island, Maui County, Molokai",
          "Flood Warning issued for flood-prone areas of Maui County",
          "Flood Advisory issued for flood-prone areas of Maui County",
          "Monday Weather Forecast | Flood advisory issued as heavy showers hit Maui County",
          "Monday Weather Forecast | Flood advisory issued as heavy showers hit Maui County",
          "NWS extends Flash Flood Warning for Big Island, Maui County, Molokai",
          "Flood advisory in effect for Molokai, state under flood watch"
        ]
      }
    },
    {
      "type": "Feature",
      "geometry": {
        "type": "Point",
        "coordinates": [
          -156.469,
          20.8949
        ]
      },
      "properties": {
        "source": "NOAA",
        "site_id": "1615680",
        "site_name": "Kahului, Kahului Harbor",
        "lat": "20.8949",
        "lon": "-156.469",
        "stage_ft": 1.676,
        "stage_datetime": "2026-06-29 21:54",
        "tier": "normal",
        "action_stage": 5.66,
        "flood_stage": 6.66,
        "major_stage": 8.66,
        "url": "https://tidesandcurrents.noaa.gov/stationhome.html?id=1615680",
        "city_lat": 20.8029568,
        "city_lon": -156.3106833,
        "fetched_at": "2026-06-29T22:01:32.713254+00:00",
        "flood_event_count": 92,
        "nearest_flood_miles": 12.04,
        "nearest_flood_title": "Powerful kona storm brings warning level winds and flash flood risks; Flood Warning issued for Maui until 2 p.m.",
        "color": "#2d6a4f",
        "nearby_flood_titles": [
          "Powerful kona storm brings warning level winds and flash flood risks; Flood Warning issued for Maui until 2 p.m.",
          "Flash flood destroys Maui couple's dream home",
          "Flash flood destroys Maui couple's dream home",
          "Flash flood destroys Maui couple's dream home",
          "Flash flood destroys Maui couple's dream home",
          "Flash flood destroys Maui couple's dream home",
          "Flash flood destroys Maui couple's dream home",
          "Flash flood destroys Maui couple's dream home",
          "Flash flood destroys Maui couple's dream home",
          "Flash flood destroys Maui couple's dream home",
          "Flash flood destroys Maui couple's dream home",
          "Flash flood destroys Maui couple's dream home",
          "Flash flood destroys Maui couple's dream home",
          "Flash flood destroys Maui couple's dream home",
          "Flash flood destroys Maui couple's dream home",
          "Flash flood destroys Maui couple's dream home",
          "Flash flood destroys Maui couple's dream home",
          "Flash flood destroys Maui couple's dream home",
          "Flash flood destroys Maui couple's dream home",
          "Flash flood destroys Maui couple's dream home",
          "Flash flood destroys Maui couple's dream home",
          "Flash flood destroys Maui couple's dream home",
          "Flash flood destroys Maui couple's dream home",
          "Flash flood destroys Maui couple's dream home",
          "Flash flood destroys Maui couple's dream home",
          "Flash flood destroys Maui couple's dream home",
          "Flash flood destroys Maui couple's dream home",
          "Flash flood destroys Maui couple's dream home",
          "Flash flood destroys Maui couple's dream home",
          "Flash flood destroys Maui couple's dream home",
          "Flash flood destroys Maui couple's dream home",
          "Flash flood destroys Maui couple's dream home",
          "Flash flood destroys Maui couple's dream home",
          "Flash flood destroys Maui couple's dream home",
          "Flash flood destroys Maui couple's dream home",
          "Flash flood destroys Maui couple's dream home",
          "Flash flood destroys Maui couple's dream home",
          "Flash flood destroys Maui couple's dream home",
          "Flash flood destroys Maui couple's dream home",
          "Flash flood destroys Maui couple's dream home",
          "Flash flood destroys Maui couple's dream home",
          "Flash flood destroys Maui couple's dream home",
          "Flash flood destroys Maui couple's dream home",
          "Flash flood destroys Maui couple's dream home",
          "Flash flood destroys Maui couple's dream home",
          "Flash flood destroys Maui couple's dream home",
          "Flash flood destroys Maui couple's dream home",
          "Flash flood destroys Maui couple's dream home",
          "Flash flood destroys Maui couple's dream home",
          "Flash flood destroys Maui couple's dream home",
          "Flash flood destroys Maui couple's dream home",
          "Flash flood destroys Maui couple's dream home",
          "Flash flood destroys Maui couple's dream home",
          "Flash flood destroys Maui couple's dream home",
          "Flash flood destroys Maui couple's dream home",
          "Flash flood destroys Maui couple's dream home",
          "Flash flood destroys Maui couple's dream home",
          "Flash flood destroys Maui couple's dream home",
          "Flash flood destroys Maui couple's dream home",
          "Flash flood destroys Maui couple's dream home",
          "Flash flood destroys Maui couple's dream home",
          "Flash flood destroys Maui couple's dream home",
          "Flash flood destroys Maui couple's dream home",
          "Flash flood destroys Maui couple's dream home",
          "Flash flood destroys Maui couple's dream home",
          "Flash flood destroys Maui couple's dream home",
          "Flash flood destroys Maui couple's dream home",
          "Flash flood destroys Maui couple's dream home",
          "Flash flood destroys Maui couple's dream home",
          "Flash flood destroys Maui couple's dream home",
          "Flash flood destroys Maui couple's dream home",
          "Flash flood destroys Maui couple's dream home",
          "Flash flood destroys Maui couple's dream home",
          "Flash flood destroys Maui couple's dream home",
          "Flash flood destroys Maui couple's dream home",
          "Flash flood destroys Maui couple's dream home",
          "Flash flood destroys Maui couple's dream home",
          "Flash flood destroys Maui couple's dream home",
          "Flash flood warning extended for Maui; Flood advisory covers Oahu",
          "Flash flood warning posted for Maui as heavy rain intensifies",
          "Storm updates: Flash flood warnings issued for Maui, flood watches for Big Island",
          "Flash flood warning issued for east Maui as storm hits state",
          "Flash flood warning issued for east Maui as storm hits state",
          "Powerful kona storm brings warning level winds and flash flood risks; Flood Watch continues for Maui County",
          "NWS issues flash flood warning for Maui County",
          "NWS extends Flash Flood Warning for Big Island, Maui County, Molokai",
          "Flood Warning issued for flood-prone areas of Maui County",
          "Flood Advisory issued for flood-prone areas of Maui County",
          "Monday Weather Forecast | Flood advisory issued as heavy showers hit Maui County",
          "Monday Weather Forecast | Flood advisory issued as heavy showers hit Maui County",
          "NWS extends Flash Flood Warning for Big Island, Maui County, Molokai",
          "Flood advisory in effect for Molokai, state under flood watch"
        ]
      }
    },
    {
      "type": "Feature",
      "geometry": {
        "type": "Point",
        "coordinates": [
          -156.469,
          20.8949
        ]
      },
      "properties": {
        "source": "NOAA",
        "site_id": "1615680",
        "site_name": "Kahului, Kahului Harbor",
        "lat": "20.8949",
        "lon": "-156.469",
        "stage_ft": 1.676,
        "stage_datetime": "2026-06-29 21:54",
        "tier": "normal",
        "action_stage": 5.66,
        "flood_stage": 6.66,
        "major_stage": 8.66,
        "url": "https://tidesandcurrents.noaa.gov/stationhome.html?id=1615680",
        "city_lat": 20.8029568,
        "city_lon": -156.3106833,
        "fetched_at": "2026-06-29T22:01:32.713254+00:00",
        "flood_event_count": 92,
        "nearest_flood_miles": 12.04,
        "nearest_flood_title": "Powerful kona storm brings warning level winds and flash flood risks; Flood Warning issued for Maui until 2 p.m.",
        "color": "#2d6a4f",
        "nearby_flood_titles": [
          "Powerful kona storm brings warning level winds and flash flood risks; Flood Warning issued for Maui until 2 p.m.",
          "Flash flood destroys Maui couple's dream home",
          "Flash flood destroys Maui couple's dream home",
          "Flash flood destroys Maui couple's dream home",
          "Flash flood destroys Maui couple's dream home",
          "Flash flood destroys Maui couple's dream home",
          "Flash flood destroys Maui couple's dream home",
          "Flash flood destroys Maui couple's dream home",
          "Flash flood destroys Maui couple's dream home",
          "Flash flood destroys Maui couple's dream home",
          "Flash flood destroys Maui couple's dream home",
          "Flash flood destroys Maui couple's dream home",
          "Flash flood destroys Maui couple's dream home",
          "Flash flood destroys Maui couple's dream home",
          "Flash flood destroys Maui couple's dream home",
          "Flash flood destroys Maui couple's dream home",
          "Flash flood destroys Maui couple's dream home",
          "Flash flood destroys Maui couple's dream home",
          "Flash flood destroys Maui couple's dream home",
          "Flash flood destroys Maui couple's dream home",
          "Flash flood destroys Maui couple's dream home",
          "Flash flood destroys Maui couple's dream home",
          "Flash flood destroys Maui couple's dream home",
          "Flash flood destroys Maui couple's dream home",
          "Flash flood destroys Maui couple's dream home",
          "Flash flood destroys Maui couple's dream home",
          "Flash flood destroys Maui couple's dream home",
          "Flash flood destroys Maui couple's dream home",
          "Flash flood destroys Maui couple's dream home",
          "Flash flood destroys Maui couple's dream home",
          "Flash flood destroys Maui couple's dream home",
          "Flash flood destroys Maui couple's dream home",
          "Flash flood destroys Maui couple's dream home",
          "Flash flood destroys Maui couple's dream home",
          "Flash flood destroys Maui couple's dream home",
          "Flash flood destroys Maui couple's dream home",
          "Flash flood destroys Maui couple's dream home",
          "Flash flood destroys Maui couple's dream home",
          "Flash flood destroys Maui couple's dream home",
          "Flash flood destroys Maui couple's dream home",
          "Flash flood destroys Maui couple's dream home",
          "Flash flood destroys Maui couple's dream home",
          "Flash flood destroys Maui couple's dream home",
          "Flash flood destroys Maui couple's dream home",
          "Flash flood destroys Maui couple's dream home",
          "Flash flood destroys Maui couple's dream home",
          "Flash flood destroys Maui couple's dream home",
          "Flash flood destroys Maui couple's dream home",
          "Flash flood destroys Maui couple's dream home",
          "Flash flood destroys Maui couple's dream home",
          "Flash flood destroys Maui couple's dream home",
          "Flash flood destroys Maui couple's dream home",
          "Flash flood destroys Maui couple's dream home",
          "Flash flood destroys Maui couple's dream home",
          "Flash flood destroys Maui couple's dream home",
          "Flash flood destroys Maui couple's dream home",
          "Flash flood destroys Maui couple's dream home",
          "Flash flood destroys Maui couple's dream home",
          "Flash flood destroys Maui couple's dream home",
          "Flash flood destroys Maui couple's dream home",
          "Flash flood destroys Maui couple's dream home",
          "Flash flood destroys Maui couple's dream home",
          "Flash flood destroys Maui couple's dream home",
          "Flash flood destroys Maui couple's dream home",
          "Flash flood destroys Maui couple's dream home",
          "Flash flood destroys Maui couple's dream home",
          "Flash flood destroys Maui couple's dream home",
          "Flash flood destroys Maui couple's dream home",
          "Flash flood destroys Maui couple's dream home",
          "Flash flood destroys Maui couple's dream home",
          "Flash flood destroys Maui couple's dream home",
          "Flash flood destroys Maui couple's dream home",
          "Flash flood destroys Maui couple's dream home",
          "Flash flood destroys Maui couple's dream home",
          "Flash flood destroys Maui couple's dream home",
          "Flash flood destroys Maui couple's dream home",
          "Flash flood destroys Maui couple's dream home",
          "Flash flood destroys Maui couple's dream home",
          "Flash flood warning extended for Maui; Flood advisory covers Oahu",
          "Flash flood warning posted for Maui as heavy rain intensifies",
          "Storm updates: Flash flood warnings issued for Maui, flood watches for Big Island",
          "Flash flood warning issued for east Maui as storm hits state",
          "Flash flood warning issued for east Maui as storm hits state",
          "Powerful kona storm brings warning level winds and flash flood risks; Flood Watch continues for Maui County",
          "NWS issues flash flood warning for Maui County",
          "NWS extends Flash Flood Warning for Big Island, Maui County, Molokai",
          "Flood Warning issued for flood-prone areas of Maui County",
          "Flood Advisory issued for flood-prone areas of Maui County",
          "Monday Weather Forecast | Flood advisory issued as heavy showers hit Maui County",
          "Monday Weather Forecast | Flood advisory issued as heavy showers hit Maui County",
          "NWS extends Flash Flood Warning for Big Island, Maui County, Molokai",
          "Flood advisory in effect for Molokai, state under flood watch"
        ]
      }
    },
    {
      "type": "Feature",
      "geometry": {
        "type": "Point",
        "coordinates": [
          -156.469,
          20.8949
        ]
      },
      "properties": {
        "source": "NOAA",
        "site_id": "1615680",
        "site_name": "Kahului, Kahului Harbor",
        "lat": "20.8949",
        "lon": "-156.469",
        "stage_ft": 1.676,
        "stage_datetime": "2026-06-29 21:54",
        "tier": "normal",
        "action_stage": 5.66,
        "flood_stage": 6.66,
        "major_stage": 8.66,
        "url": "https://tidesandcurrents.noaa.gov/stationhome.html?id=1615680",
        "city_lat": 20.8029568,
        "city_lon": -156.3106833,
        "fetched_at": "2026-06-29T22:01:32.713254+00:00",
        "flood_event_count": 92,
        "nearest_flood_miles": 12.04,
        "nearest_flood_title": "Powerful kona storm brings warning level winds and flash flood risks; Flood Warning issued for Maui until 2 p.m.",
        "color": "#2d6a4f",
        "nearby_flood_titles": [
          "Powerful kona storm brings warning level winds and flash flood risks; Flood Warning issued for Maui until 2 p.m.",
          "Flash flood destroys Maui couple's dream home",
          "Flash flood destroys Maui couple's dream home",
          "Flash flood destroys Maui couple's dream home",
          "Flash flood destroys Maui couple's dream home",
          "Flash flood destroys Maui couple's dream home",
          "Flash flood destroys Maui couple's dream home",
          "Flash flood destroys Maui couple's dream home",
          "Flash flood destroys Maui couple's dream home",
          "Flash flood destroys Maui couple's dream home",
          "Flash flood destroys Maui couple's dream home",
          "Flash flood destroys Maui couple's dream home",
          "Flash flood destroys Maui couple's dream home",
          "Flash flood destroys Maui couple's dream home",
          "Flash flood destroys Maui couple's dream home",
          "Flash flood destroys Maui couple's dream home",
          "Flash flood destroys Maui couple's dream home",
          "Flash flood destroys Maui couple's dream home",
          "Flash flood destroys Maui couple's dream home",
          "Flash flood destroys Maui couple's dream home",
          "Flash flood destroys Maui couple's dream home",
          "Flash flood destroys Maui couple's dream home",
          "Flash flood destroys Maui couple's dream home",
          "Flash flood destroys Maui couple's dream home",
          "Flash flood destroys Maui couple's dream home",
          "Flash flood destroys Maui couple's dream home",
          "Flash flood destroys Maui couple's dream home",
          "Flash flood destroys Maui couple's dream home",
          "Flash flood destroys Maui couple's dream home",
          "Flash flood destroys Maui couple's dream home",
          "Flash flood destroys Maui couple's dream home",
          "Flash flood destroys Maui couple's dream home",
          "Flash flood destroys Maui couple's dream home",
          "Flash flood destroys Maui couple's dream home",
          "Flash flood destroys Maui couple's dream home",
          "Flash flood destroys Maui couple's dream home",
          "Flash flood destroys Maui couple's dream home",
          "Flash flood destroys Maui couple's dream home",
          "Flash flood destroys Maui couple's dream home",
          "Flash flood destroys Maui couple's dream home",
          "Flash flood destroys Maui couple's dream home",
          "Flash flood destroys Maui couple's dream home",
          "Flash flood destroys Maui couple's dream home",
          "Flash flood destroys Maui couple's dream home",
          "Flash flood destroys Maui couple's dream home",
          "Flash flood destroys Maui couple's dream home",
          "Flash flood destroys Maui couple's dream home",
          "Flash flood destroys Maui couple's dream home",
          "Flash flood destroys Maui couple's dream home",
          "Flash flood destroys Maui couple's dream home",
          "Flash flood destroys Maui couple's dream home",
          "Flash flood destroys Maui couple's dream home",
          "Flash flood destroys Maui couple's dream home",
          "Flash flood destroys Maui couple's dream home",
          "Flash flood destroys Maui couple's dream home",
          "Flash flood destroys Maui couple's dream home",
          "Flash flood destroys Maui couple's dream home",
          "Flash flood destroys Maui couple's dream home",
          "Flash flood destroys Maui couple's dream home",
          "Flash flood destroys Maui couple's dream home",
          "Flash flood destroys Maui couple's dream home",
          "Flash flood destroys Maui couple's dream home",
          "Flash flood destroys Maui couple's dream home",
          "Flash flood destroys Maui couple's dream home",
          "Flash flood destroys Maui couple's dream home",
          "Flash flood destroys Maui couple's dream home",
          "Flash flood destroys Maui couple's dream home",
          "Flash flood destroys Maui couple's dream home",
          "Flash flood destroys Maui couple's dream home",
          "Flash flood destroys Maui couple's dream home",
          "Flash flood destroys Maui couple's dream home",
          "Flash flood destroys Maui couple's dream home",
          "Flash flood destroys Maui couple's dream home",
          "Flash flood destroys Maui couple's dream home",
          "Flash flood destroys Maui couple's dream home",
          "Flash flood destroys Maui couple's dream home",
          "Flash flood destroys Maui couple's dream home",
          "Flash flood destroys Maui couple's dream home",
          "Flash flood warning extended for Maui; Flood advisory covers Oahu",
          "Flash flood warning posted for Maui as heavy rain intensifies",
          "Storm updates: Flash flood warnings issued for Maui, flood watches for Big Island",
          "Flash flood warning issued for east Maui as storm hits state",
          "Flash flood warning issued for east Maui as storm hits state",
          "Powerful kona storm brings warning level winds and flash flood risks; Flood Watch continues for Maui County",
          "NWS issues flash flood warning for Maui County",
          "NWS extends Flash Flood Warning for Big Island, Maui County, Molokai",
          "Flood Warning issued for flood-prone areas of Maui County",
          "Flood Advisory issued for flood-prone areas of Maui County",
          "Monday Weather Forecast | Flood advisory issued as heavy showers hit Maui County",
          "Monday Weather Forecast | Flood advisory issued as heavy showers hit Maui County",
          "NWS extends Flash Flood Warning for Big Island, Maui County, Molokai",
          "Flood advisory in effect for Molokai, state under flood watch"
        ]
      }
    },
    {
      "type": "Feature",
      "geometry": {
        "type": "Point",
        "coordinates": [
          -156.469,
          20.8949
        ]
      },
      "properties": {
        "source": "NOAA",
        "site_id": "1615680",
        "site_name": "Kahului, Kahului Harbor",
        "lat": "20.8949",
        "lon": "-156.469",
        "stage_ft": 1.676,
        "stage_datetime": "2026-06-29 21:54",
        "tier": "normal",
        "action_stage": 5.66,
        "flood_stage": 6.66,
        "major_stage": 8.66,
        "url": "https://tidesandcurrents.noaa.gov/stationhome.html?id=1615680",
        "city_lat": 20.8029568,
        "city_lon": -156.3106833,
        "fetched_at": "2026-06-29T22:01:32.713254+00:00",
        "flood_event_count": 92,
        "nearest_flood_miles": 12.04,
        "nearest_flood_title": "Powerful kona storm brings warning level winds and flash flood risks; Flood Warning issued for Maui until 2 p.m.",
        "color": "#2d6a4f",
        "nearby_flood_titles": [
          "Powerful kona storm brings warning level winds and flash flood risks; Flood Warning issued for Maui until 2 p.m.",
          "Flash flood destroys Maui couple's dream home",
          "Flash flood destroys Maui couple's dream home",
          "Flash flood destroys Maui couple's dream home",
          "Flash flood destroys Maui couple's dream home",
          "Flash flood destroys Maui couple's dream home",
          "Flash flood destroys Maui couple's dream home",
          "Flash flood destroys Maui couple's dream home",
          "Flash flood destroys Maui couple's dream home",
          "Flash flood destroys Maui couple's dream home",
          "Flash flood destroys Maui couple's dream home",
          "Flash flood destroys Maui couple's dream home",
          "Flash flood destroys Maui couple's dream home",
          "Flash flood destroys Maui couple's dream home",
          "Flash flood destroys Maui couple's dream home",
          "Flash flood destroys Maui couple's dream home",
          "Flash flood destroys Maui couple's dream home",
          "Flash flood destroys Maui couple's dream home",
          "Flash flood destroys Maui couple's dream home",
          "Flash flood destroys Maui couple's dream home",
          "Flash flood destroys Maui couple's dream home",
          "Flash flood destroys Maui couple's dream home",
          "Flash flood destroys Maui couple's dream home",
          "Flash flood destroys Maui couple's dream home",
          "Flash flood destroys Maui couple's dream home",
          "Flash flood destroys Maui couple's dream home",
          "Flash flood destroys Maui couple's dream home",
          "Flash flood destroys Maui couple's dream home",
          "Flash flood destroys Maui couple's dream home",
          "Flash flood destroys Maui couple's dream home",
          "Flash flood destroys Maui couple's dream home",
          "Flash flood destroys Maui couple's dream home",
          "Flash flood destroys Maui couple's dream home",
          "Flash flood destroys Maui couple's dream home",
          "Flash flood destroys Maui couple's dream home",
          "Flash flood destroys Maui couple's dream home",
          "Flash flood destroys Maui couple's dream home",
          "Flash flood destroys Maui couple's dream home",
          "Flash flood destroys Maui couple's dream home",
          "Flash flood destroys Maui couple's dream home",
          "Flash flood destroys Maui couple's dream home",
          "Flash flood destroys Maui couple's dream home",
          "Flash flood destroys Maui couple's dream home",
          "Flash flood destroys Maui couple's dream home",
          "Flash flood destroys Maui couple's dream home",
          "Flash flood destroys Maui couple's dream home",
          "Flash flood destroys Maui couple's dream home",
          "Flash flood destroys Maui couple's dream home",
          "Flash flood destroys Maui couple's dream home",
          "Flash flood destroys Maui couple's dream home",
          "Flash flood destroys Maui couple's dream home",
          "Flash flood destroys Maui couple's dream home",
          "Flash flood destroys Maui couple's dream home",
          "Flash flood destroys Maui couple's dream home",
          "Flash flood destroys Maui couple's dream home",
          "Flash flood destroys Maui couple's dream home",
          "Flash flood destroys Maui couple's dream home",
          "Flash flood destroys Maui couple's dream home",
          "Flash flood destroys Maui couple's dream home",
          "Flash flood destroys Maui couple's dream home",
          "Flash flood destroys Maui couple's dream home",
          "Flash flood destroys Maui couple's dream home",
          "Flash flood destroys Maui couple's dream home",
          "Flash flood destroys Maui couple's dream home",
          "Flash flood destroys Maui couple's dream home",
          "Flash flood destroys Maui couple's dream home",
          "Flash flood destroys Maui couple's dream home",
          "Flash flood destroys Maui couple's dream home",
          "Flash flood destroys Maui couple's dream home",
          "Flash flood destroys Maui couple's dream home",
          "Flash flood destroys Maui couple's dream home",
          "Flash flood destroys Maui couple's dream home",
          "Flash flood destroys Maui couple's dream home",
          "Flash flood destroys Maui couple's dream home",
          "Flash flood destroys Maui couple's dream home",
          "Flash flood destroys Maui couple's dream home",
          "Flash flood destroys Maui couple's dream home",
          "Flash flood destroys Maui couple's dream home",
          "Flash flood warning extended for Maui; Flood advisory covers Oahu",
          "Flash flood warning posted for Maui as heavy rain intensifies",
          "Storm updates: Flash flood warnings issued for Maui, flood watches for Big Island",
          "Flash flood warning issued for east Maui as storm hits state",
          "Flash flood warning issued for east Maui as storm hits state",
          "Powerful kona storm brings warning level winds and flash flood risks; Flood Watch continues for Maui County",
          "NWS issues flash flood warning for Maui County",
          "NWS extends Flash Flood Warning for Big Island, Maui County, Molokai",
          "Flood Warning issued for flood-prone areas of Maui County",
          "Flood Advisory issued for flood-prone areas of Maui County",
          "Monday Weather Forecast | Flood advisory issued as heavy showers hit Maui County",
          "Monday Weather Forecast | Flood advisory issued as heavy showers hit Maui County",
          "NWS extends Flash Flood Warning for Big Island, Maui County, Molokai",
          "Flood advisory in effect for Molokai, state under flood watch"
        ]
      }
    },
    {
      "type": "Feature",
      "geometry": {
        "type": "Point",
        "coordinates": [
          -156.469,
          20.8949
        ]
      },
      "properties": {
        "source": "NOAA",
        "site_id": "1615680",
        "site_name": "Kahului, Kahului Harbor",
        "lat": "20.8949",
        "lon": "-156.469",
        "stage_ft": 1.676,
        "stage_datetime": "2026-06-29 21:54",
        "tier": "normal",
        "action_stage": 5.66,
        "flood_stage": 6.66,
        "major_stage": 8.66,
        "url": "https://tidesandcurrents.noaa.gov/stationhome.html?id=1615680",
        "city_lat": 20.8029568,
        "city_lon": -156.3106833,
        "fetched_at": "2026-06-29T22:01:32.713254+00:00",
        "flood_event_count": 92,
        "nearest_flood_miles": 12.04,
        "nearest_flood_title": "Powerful kona storm brings warning level winds and flash flood risks; Flood Warning issued for Maui until 2 p.m.",
        "color": "#2d6a4f",
        "nearby_flood_titles": [
          "Powerful kona storm brings warning level winds and flash flood risks; Flood Warning issued for Maui until 2 p.m.",
          "Flash flood destroys Maui couple's dream home",
          "Flash flood destroys Maui couple's dream home",
          "Flash flood destroys Maui couple's dream home",
          "Flash flood destroys Maui couple's dream home",
          "Flash flood destroys Maui couple's dream home",
          "Flash flood destroys Maui couple's dream home",
          "Flash flood destroys Maui couple's dream home",
          "Flash flood destroys Maui couple's dream home",
          "Flash flood destroys Maui couple's dream home",
          "Flash flood destroys Maui couple's dream home",
          "Flash flood destroys Maui couple's dream home",
          "Flash flood destroys Maui couple's dream home",
          "Flash flood destroys Maui couple's dream home",
          "Flash flood destroys Maui couple's dream home",
          "Flash flood destroys Maui couple's dream home",
          "Flash flood destroys Maui couple's dream home",
          "Flash flood destroys Maui couple's dream home",
          "Flash flood destroys Maui couple's dream home",
          "Flash flood destroys Maui couple's dream home",
          "Flash flood destroys Maui couple's dream home",
          "Flash flood destroys Maui couple's dream home",
          "Flash flood destroys Maui couple's dream home",
          "Flash flood destroys Maui couple's dream home",
          "Flash flood destroys Maui couple's dream home",
          "Flash flood destroys Maui couple's dream home",
          "Flash flood destroys Maui couple's dream home",
          "Flash flood destroys Maui couple's dream home",
          "Flash flood destroys Maui couple's dream home",
          "Flash flood destroys Maui couple's dream home",
          "Flash flood destroys Maui couple's dream home",
          "Flash flood destroys Maui couple's dream home",
          "Flash flood destroys Maui couple's dream home",
          "Flash flood destroys Maui couple's dream home",
          "Flash flood destroys Maui couple's dream home",
          "Flash flood destroys Maui couple's dream home",
          "Flash flood destroys Maui couple's dream home",
          "Flash flood destroys Maui couple's dream home",
          "Flash flood destroys Maui couple's dream home",
          "Flash flood destroys Maui couple's dream home",
          "Flash flood destroys Maui couple's dream home",
          "Flash flood destroys Maui couple's dream home",
          "Flash flood destroys Maui couple's dream home",
          "Flash flood destroys Maui couple's dream home",
          "Flash flood destroys Maui couple's dream home",
          "Flash flood destroys Maui couple's dream home",
          "Flash flood destroys Maui couple's dream home",
          "Flash flood destroys Maui couple's dream home",
          "Flash flood destroys Maui couple's dream home",
          "Flash flood destroys Maui couple's dream home",
          "Flash flood destroys Maui couple's dream home",
          "Flash flood destroys Maui couple's dream home",
          "Flash flood destroys Maui couple's dream home",
          "Flash flood destroys Maui couple's dream home",
          "Flash flood destroys Maui couple's dream home",
          "Flash flood destroys Maui couple's dream home",
          "Flash flood destroys Maui couple's dream home",
          "Flash flood destroys Maui couple's dream home",
          "Flash flood destroys Maui couple's dream home",
          "Flash flood destroys Maui couple's dream home",
          "Flash flood destroys Maui couple's dream home",
          "Flash flood destroys Maui couple's dream home",
          "Flash flood destroys Maui couple's dream home",
          "Flash flood destroys Maui couple's dream home",
          "Flash flood destroys Maui couple's dream home",
          "Flash flood destroys Maui couple's dream home",
          "Flash flood destroys Maui couple's dream home",
          "Flash flood destroys Maui couple's dream home",
          "Flash flood destroys Maui couple's dream home",
          "Flash flood destroys Maui couple's dream home",
          "Flash flood destroys Maui couple's dream home",
          "Flash flood destroys Maui couple's dream home",
          "Flash flood destroys Maui couple's dream home",
          "Flash flood destroys Maui couple's dream home",
          "Flash flood destroys Maui couple's dream home",
          "Flash flood destroys Maui couple's dream home",
          "Flash flood destroys Maui couple's dream home",
          "Flash flood destroys Maui couple's dream home",
          "Flash flood warning extended for Maui; Flood advisory covers Oahu",
          "Flash flood warning posted for Maui as heavy rain intensifies",
          "Storm updates: Flash flood warnings issued for Maui, flood watches for Big Island",
          "Flash flood warning issued for east Maui as storm hits state",
          "Flash flood warning issued for east Maui as storm hits state",
          "Powerful kona storm brings warning level winds and flash flood risks; Flood Watch continues for Maui County",
          "NWS issues flash flood warning for Maui County",
          "NWS extends Flash Flood Warning for Big Island, Maui County, Molokai",
          "Flood Warning issued for flood-prone areas of Maui County",
          "Flood Advisory issued for flood-prone areas of Maui County",
          "Monday Weather Forecast | Flood advisory issued as heavy showers hit Maui County",
          "Monday Weather Forecast | Flood advisory issued as heavy showers hit Maui County",
          "NWS extends Flash Flood Warning for Big Island, Maui County, Molokai",
          "Flood advisory in effect for Molokai, state under flood watch"
        ]
      }
    },
    {
      "type": "Feature",
      "geometry": {
        "type": "Point",
        "coordinates": [
          -156.469,
          20.8949
        ]
      },
      "properties": {
        "source": "NOAA",
        "site_id": "1615680",
        "site_name": "Kahului, Kahului Harbor",
        "lat": "20.8949",
        "lon": "-156.469",
        "stage_ft": 1.676,
        "stage_datetime": "2026-06-29 21:54",
        "tier": "normal",
        "action_stage": 5.66,
        "flood_stage": 6.66,
        "major_stage": 8.66,
        "url": "https://tidesandcurrents.noaa.gov/stationhome.html?id=1615680",
        "city_lat": 20.8029568,
        "city_lon": -156.3106833,
        "fetched_at": "2026-06-29T22:01:32.713254+00:00",
        "flood_event_count": 92,
        "nearest_flood_miles": 12.04,
        "nearest_flood_title": "Powerful kona storm brings warning level winds and flash flood risks; Flood Warning issued for Maui until 2 p.m.",
        "color": "#2d6a4f",
        "nearby_flood_titles": [
          "Powerful kona storm brings warning level winds and flash flood risks; Flood Warning issued for Maui until 2 p.m.",
          "Flash flood destroys Maui couple's dream home",
          "Flash flood destroys Maui couple's dream home",
          "Flash flood destroys Maui couple's dream home",
          "Flash flood destroys Maui couple's dream home",
          "Flash flood destroys Maui couple's dream home",
          "Flash flood destroys Maui couple's dream home",
          "Flash flood destroys Maui couple's dream home",
          "Flash flood destroys Maui couple's dream home",
          "Flash flood destroys Maui couple's dream home",
          "Flash flood destroys Maui couple's dream home",
          "Flash flood destroys Maui couple's dream home",
          "Flash flood destroys Maui couple's dream home",
          "Flash flood destroys Maui couple's dream home",
          "Flash flood destroys Maui couple's dream home",
          "Flash flood destroys Maui couple's dream home",
          "Flash flood destroys Maui couple's dream home",
          "Flash flood destroys Maui couple's dream home",
          "Flash flood destroys Maui couple's dream home",
          "Flash flood destroys Maui couple's dream home",
          "Flash flood destroys Maui couple's dream home",
          "Flash flood destroys Maui couple's dream home",
          "Flash flood destroys Maui couple's dream home",
          "Flash flood destroys Maui couple's dream home",
          "Flash flood destroys Maui couple's dream home",
          "Flash flood destroys Maui couple's dream home",
          "Flash flood destroys Maui couple's dream home",
          "Flash flood destroys Maui couple's dream home",
          "Flash flood destroys Maui couple's dream home",
          "Flash flood destroys Maui couple's dream home",
          "Flash flood destroys Maui couple's dream home",
          "Flash flood destroys Maui couple's dream home",
          "Flash flood destroys Maui couple's dream home",
          "Flash flood destroys Maui couple's dream home",
          "Flash flood destroys Maui couple's dream home",
          "Flash flood destroys Maui couple's dream home",
          "Flash flood destroys Maui couple's dream home",
          "Flash flood destroys Maui couple's dream home",
          "Flash flood destroys Maui couple's dream home",
          "Flash flood destroys Maui couple's dream home",
          "Flash flood destroys Maui couple's dream home",
          "Flash flood destroys Maui couple's dream home",
          "Flash flood destroys Maui couple's dream home",
          "Flash flood destroys Maui couple's dream home",
          "Flash flood destroys Maui couple's dream home",
          "Flash flood destroys Maui couple's dream home",
          "Flash flood destroys Maui couple's dream home",
          "Flash flood destroys Maui couple's dream home",
          "Flash flood destroys Maui couple's dream home",
          "Flash flood destroys Maui couple's dream home",
          "Flash flood destroys Maui couple's dream home",
          "Flash flood destroys Maui couple's dream home",
          "Flash flood destroys Maui couple's dream home",
          "Flash flood destroys Maui couple's dream home",
          "Flash flood destroys Maui couple's dream home",
          "Flash flood destroys Maui couple's dream home",
          "Flash flood destroys Maui couple's dream home",
          "Flash flood destroys Maui couple's dream home",
          "Flash flood destroys Maui couple's dream home",
          "Flash flood destroys Maui couple's dream home",
          "Flash flood destroys Maui couple's dream home",
          "Flash flood destroys Maui couple's dream home",
          "Flash flood destroys Maui couple's dream home",
          "Flash flood destroys Maui couple's dream home",
          "Flash flood destroys Maui couple's dream home",
          "Flash flood destroys Maui couple's dream home",
          "Flash flood destroys Maui couple's dream home",
          "Flash flood destroys Maui couple's dream home",
          "Flash flood destroys Maui couple's dream home",
          "Flash flood destroys Maui couple's dream home",
          "Flash flood destroys Maui couple's dream home",
          "Flash flood destroys Maui couple's dream home",
          "Flash flood destroys Maui couple's dream home",
          "Flash flood destroys Maui couple's dream home",
          "Flash flood destroys Maui couple's dream home",
          "Flash flood destroys Maui couple's dream home",
          "Flash flood destroys Maui couple's dream home",
          "Flash flood destroys Maui couple's dream home",
          "Flash flood warning extended for Maui; Flood advisory covers Oahu",
          "Flash flood warning posted for Maui as heavy rain intensifies",
          "Storm updates: Flash flood warnings issued for Maui, flood watches for Big Island",
          "Flash flood warning issued for east Maui as storm hits state",
          "Flash flood warning issued for east Maui as storm hits state",
          "Powerful kona storm brings warning level winds and flash flood risks; Flood Watch continues for Maui County",
          "NWS issues flash flood warning for Maui County",
          "NWS extends Flash Flood Warning for Big Island, Maui County, Molokai",
          "Flood Warning issued for flood-prone areas of Maui County",
          "Flood Advisory issued for flood-prone areas of Maui County",
          "Monday Weather Forecast | Flood advisory issued as heavy showers hit Maui County",
          "Monday Weather Forecast | Flood advisory issued as heavy showers hit Maui County",
          "NWS extends Flash Flood Warning for Big Island, Maui County, Molokai",
          "Flood advisory in effect for Molokai, state under flood watch"
        ]
      }
    },
    {
      "type": "Feature",
      "geometry": {
        "type": "Point",
        "coordinates": [
          -156.469,
          20.8949
        ]
      },
      "properties": {
        "source": "NOAA",
        "site_id": "1615680",
        "site_name": "Kahului, Kahului Harbor",
        "lat": "20.8949",
        "lon": "-156.469",
        "stage_ft": 1.676,
        "stage_datetime": "2026-06-29 21:54",
        "tier": "normal",
        "action_stage": 5.66,
        "flood_stage": 6.66,
        "major_stage": 8.66,
        "url": "https://tidesandcurrents.noaa.gov/stationhome.html?id=1615680",
        "city_lat": 20.8029568,
        "city_lon": -156.3106833,
        "fetched_at": "2026-06-29T22:01:32.713254+00:00",
        "flood_event_count": 92,
        "nearest_flood_miles": 12.04,
        "nearest_flood_title": "Powerful kona storm brings warning level winds and flash flood risks; Flood Warning issued for Maui until 2 p.m.",
        "color": "#2d6a4f",
        "nearby_flood_titles": [
          "Powerful kona storm brings warning level winds and flash flood risks; Flood Warning issued for Maui until 2 p.m.",
          "Flash flood destroys Maui couple's dream home",
          "Flash flood destroys Maui couple's dream home",
          "Flash flood destroys Maui couple's dream home",
          "Flash flood destroys Maui couple's dream home",
          "Flash flood destroys Maui couple's dream home",
          "Flash flood destroys Maui couple's dream home",
          "Flash flood destroys Maui couple's dream home",
          "Flash flood destroys Maui couple's dream home",
          "Flash flood destroys Maui couple's dream home",
          "Flash flood destroys Maui couple's dream home",
          "Flash flood destroys Maui couple's dream home",
          "Flash flood destroys Maui couple's dream home",
          "Flash flood destroys Maui couple's dream home",
          "Flash flood destroys Maui couple's dream home",
          "Flash flood destroys Maui couple's dream home",
          "Flash flood destroys Maui couple's dream home",
          "Flash flood destroys Maui couple's dream home",
          "Flash flood destroys Maui couple's dream home",
          "Flash flood destroys Maui couple's dream home",
          "Flash flood destroys Maui couple's dream home",
          "Flash flood destroys Maui couple's dream home",
          "Flash flood destroys Maui couple's dream home",
          "Flash flood destroys Maui couple's dream home",
          "Flash flood destroys Maui couple's dream home",
          "Flash flood destroys Maui couple's dream home",
          "Flash flood destroys Maui couple's dream home",
          "Flash flood destroys Maui couple's dream home",
          "Flash flood destroys Maui couple's dream home",
          "Flash flood destroys Maui couple's dream home",
          "Flash flood destroys Maui couple's dream home",
          "Flash flood destroys Maui couple's dream home",
          "Flash flood destroys Maui couple's dream home",
          "Flash flood destroys Maui couple's dream home",
          "Flash flood destroys Maui couple's dream home",
          "Flash flood destroys Maui couple's dream home",
          "Flash flood destroys Maui couple's dream home",
          "Flash flood destroys Maui couple's dream home",
          "Flash flood destroys Maui couple's dream home",
          "Flash flood destroys Maui couple's dream home",
          "Flash flood destroys Maui couple's dream home",
          "Flash flood destroys Maui couple's dream home",
          "Flash flood destroys Maui couple's dream home",
          "Flash flood destroys Maui couple's dream home",
          "Flash flood destroys Maui couple's dream home",
          "Flash flood destroys Maui couple's dream home",
          "Flash flood destroys Maui couple's dream home",
          "Flash flood destroys Maui couple's dream home",
          "Flash flood destroys Maui couple's dream home",
          "Flash flood destroys Maui couple's dream home",
          "Flash flood destroys Maui couple's dream home",
          "Flash flood destroys Maui couple's dream home",
          "Flash flood destroys Maui couple's dream home",
          "Flash flood destroys Maui couple's dream home",
          "Flash flood destroys Maui couple's dream home",
          "Flash flood destroys Maui couple's dream home",
          "Flash flood destroys Maui couple's dream home",
          "Flash flood destroys Maui couple's dream home",
          "Flash flood destroys Maui couple's dream home",
          "Flash flood destroys Maui couple's dream home",
          "Flash flood destroys Maui couple's dream home",
          "Flash flood destroys Maui couple's dream home",
          "Flash flood destroys Maui couple's dream home",
          "Flash flood destroys Maui couple's dream home",
          "Flash flood destroys Maui couple's dream home",
          "Flash flood destroys Maui couple's dream home",
          "Flash flood destroys Maui couple's dream home",
          "Flash flood destroys Maui couple's dream home",
          "Flash flood destroys Maui couple's dream home",
          "Flash flood destroys Maui couple's dream home",
          "Flash flood destroys Maui couple's dream home",
          "Flash flood destroys Maui couple's dream home",
          "Flash flood destroys Maui couple's dream home",
          "Flash flood destroys Maui couple's dream home",
          "Flash flood destroys Maui couple's dream home",
          "Flash flood destroys Maui couple's dream home",
          "Flash flood destroys Maui couple's dream home",
          "Flash flood destroys Maui couple's dream home",
          "Flash flood warning extended for Maui; Flood advisory covers Oahu",
          "Flash flood warning posted for Maui as heavy rain intensifies",
          "Storm updates: Flash flood warnings issued for Maui, flood watches for Big Island",
          "Flash flood warning issued for east Maui as storm hits state",
          "Flash flood warning issued for east Maui as storm hits state",
          "Powerful kona storm brings warning level winds and flash flood risks; Flood Watch continues for Maui County",
          "NWS issues flash flood warning for Maui County",
          "NWS extends Flash Flood Warning for Big Island, Maui County, Molokai",
          "Flood Warning issued for flood-prone areas of Maui County",
          "Flood Advisory issued for flood-prone areas of Maui County",
          "Monday Weather Forecast | Flood advisory issued as heavy showers hit Maui County",
          "Monday Weather Forecast | Flood advisory issued as heavy showers hit Maui County",
          "NWS extends Flash Flood Warning for Big Island, Maui County, Molokai",
          "Flood advisory in effect for Molokai, state under flood watch"
        ]
      }
    },
    {
      "type": "Feature",
      "geometry": {
        "type": "Point",
        "coordinates": [
          -156.469,
          20.8949
        ]
      },
      "properties": {
        "source": "NOAA",
        "site_id": "1615680",
        "site_name": "Kahului, Kahului Harbor",
        "lat": "20.8949",
        "lon": "-156.469",
        "stage_ft": 1.676,
        "stage_datetime": "2026-06-29 21:54",
        "tier": "normal",
        "action_stage": 5.66,
        "flood_stage": 6.66,
        "major_stage": 8.66,
        "url": "https://tidesandcurrents.noaa.gov/stationhome.html?id=1615680",
        "city_lat": 20.8029568,
        "city_lon": -156.3106833,
        "fetched_at": "2026-06-29T22:01:32.713254+00:00",
        "flood_event_count": 92,
        "nearest_flood_miles": 12.04,
        "nearest_flood_title": "Powerful kona storm brings warning level winds and flash flood risks; Flood Warning issued for Maui until 2 p.m.",
        "color": "#2d6a4f",
        "nearby_flood_titles": [
          "Powerful kona storm brings warning level winds and flash flood risks; Flood Warning issued for Maui until 2 p.m.",
          "Flash flood destroys Maui couple's dream home",
          "Flash flood destroys Maui couple's dream home",
          "Flash flood destroys Maui couple's dream home",
          "Flash flood destroys Maui couple's dream home",
          "Flash flood destroys Maui couple's dream home",
          "Flash flood destroys Maui couple's dream home",
          "Flash flood destroys Maui couple's dream home",
          "Flash flood destroys Maui couple's dream home",
          "Flash flood destroys Maui couple's dream home",
          "Flash flood destroys Maui couple's dream home",
          "Flash flood destroys Maui couple's dream home",
          "Flash flood destroys Maui couple's dream home",
          "Flash flood destroys Maui couple's dream home",
          "Flash flood destroys Maui couple's dream home",
          "Flash flood destroys Maui couple's dream home",
          "Flash flood destroys Maui couple's dream home",
          "Flash flood destroys Maui couple's dream home",
          "Flash flood destroys Maui couple's dream home",
          "Flash flood destroys Maui couple's dream home",
          "Flash flood destroys Maui couple's dream home",
          "Flash flood destroys Maui couple's dream home",
          "Flash flood destroys Maui couple's dream home",
          "Flash flood destroys Maui couple's dream home",
          "Flash flood destroys Maui couple's dream home",
          "Flash flood destroys Maui couple's dream home",
          "Flash flood destroys Maui couple's dream home",
          "Flash flood destroys Maui couple's dream home",
          "Flash flood destroys Maui couple's dream home",
          "Flash flood destroys Maui couple's dream home",
          "Flash flood destroys Maui couple's dream home",
          "Flash flood destroys Maui couple's dream home",
          "Flash flood destroys Maui couple's dream home",
          "Flash flood destroys Maui couple's dream home",
          "Flash flood destroys Maui couple's dream home",
          "Flash flood destroys Maui couple's dream home",
          "Flash flood destroys Maui couple's dream home",
          "Flash flood destroys Maui couple's dream home",
          "Flash flood destroys Maui couple's dream home",
          "Flash flood destroys Maui couple's dream home",
          "Flash flood destroys Maui couple's dream home",
          "Flash flood destroys Maui couple's dream home",
          "Flash flood destroys Maui couple's dream home",
          "Flash flood destroys Maui couple's dream home",
          "Flash flood destroys Maui couple's dream home",
          "Flash flood destroys Maui couple's dream home",
          "Flash flood destroys Maui couple's dream home",
          "Flash flood destroys Maui couple's dream home",
          "Flash flood destroys Maui couple's dream home",
          "Flash flood destroys Maui couple's dream home",
          "Flash flood destroys Maui couple's dream home",
          "Flash flood destroys Maui couple's dream home",
          "Flash flood destroys Maui couple's dream home",
          "Flash flood destroys Maui couple's dream home",
          "Flash flood destroys Maui couple's dream home",
          "Flash flood destroys Maui couple's dream home",
          "Flash flood destroys Maui couple's dream home",
          "Flash flood destroys Maui couple's dream home",
          "Flash flood destroys Maui couple's dream home",
          "Flash flood destroys Maui couple's dream home",
          "Flash flood destroys Maui couple's dream home",
          "Flash flood destroys Maui couple's dream home",
          "Flash flood destroys Maui couple's dream home",
          "Flash flood destroys Maui couple's dream home",
          "Flash flood destroys Maui couple's dream home",
          "Flash flood destroys Maui couple's dream home",
          "Flash flood destroys Maui couple's dream home",
          "Flash flood destroys Maui couple's dream home",
          "Flash flood destroys Maui couple's dream home",
          "Flash flood destroys Maui couple's dream home",
          "Flash flood destroys Maui couple's dream home",
          "Flash flood destroys Maui couple's dream home",
          "Flash flood destroys Maui couple's dream home",
          "Flash flood destroys Maui couple's dream home",
          "Flash flood destroys Maui couple's dream home",
          "Flash flood destroys Maui couple's dream home",
          "Flash flood destroys Maui couple's dream home",
          "Flash flood destroys Maui couple's dream home",
          "Flash flood warning extended for Maui; Flood advisory covers Oahu",
          "Flash flood warning posted for Maui as heavy rain intensifies",
          "Storm updates: Flash flood warnings issued for Maui, flood watches for Big Island",
          "Flash flood warning issued for east Maui as storm hits state",
          "Flash flood warning issued for east Maui as storm hits state",
          "Powerful kona storm brings warning level winds and flash flood risks; Flood Watch continues for Maui County",
          "NWS issues flash flood warning for Maui County",
          "NWS extends Flash Flood Warning for Big Island, Maui County, Molokai",
          "Flood Warning issued for flood-prone areas of Maui County",
          "Flood Advisory issued for flood-prone areas of Maui County",
          "Monday Weather Forecast | Flood advisory issued as heavy showers hit Maui County",
          "Monday Weather Forecast | Flood advisory issued as heavy showers hit Maui County",
          "NWS extends Flash Flood Warning for Big Island, Maui County, Molokai",
          "Flood advisory in effect for Molokai, state under flood watch"
        ]
      }
    },
    {
      "type": "Feature",
      "geometry": {
        "type": "Point",
        "coordinates": [
          -156.469,
          20.8949
        ]
      },
      "properties": {
        "source": "NOAA",
        "site_id": "1615680",
        "site_name": "Kahului, Kahului Harbor",
        "lat": "20.8949",
        "lon": "-156.469",
        "stage_ft": 1.676,
        "stage_datetime": "2026-06-29 21:54",
        "tier": "normal",
        "action_stage": 5.66,
        "flood_stage": 6.66,
        "major_stage": 8.66,
        "url": "https://tidesandcurrents.noaa.gov/stationhome.html?id=1615680",
        "city_lat": 20.8029568,
        "city_lon": -156.3106833,
        "fetched_at": "2026-06-29T22:01:32.713254+00:00",
        "flood_event_count": 92,
        "nearest_flood_miles": 12.04,
        "nearest_flood_title": "Powerful kona storm brings warning level winds and flash flood risks; Flood Warning issued for Maui until 2 p.m.",
        "color": "#2d6a4f",
        "nearby_flood_titles": [
          "Powerful kona storm brings warning level winds and flash flood risks; Flood Warning issued for Maui until 2 p.m.",
          "Flash flood destroys Maui couple's dream home",
          "Flash flood destroys Maui couple's dream home",
          "Flash flood destroys Maui couple's dream home",
          "Flash flood destroys Maui couple's dream home",
          "Flash flood destroys Maui couple's dream home",
          "Flash flood destroys Maui couple's dream home",
          "Flash flood destroys Maui couple's dream home",
          "Flash flood destroys Maui couple's dream home",
          "Flash flood destroys Maui couple's dream home",
          "Flash flood destroys Maui couple's dream home",
          "Flash flood destroys Maui couple's dream home",
          "Flash flood destroys Maui couple's dream home",
          "Flash flood destroys Maui couple's dream home",
          "Flash flood destroys Maui couple's dream home",
          "Flash flood destroys Maui couple's dream home",
          "Flash flood destroys Maui couple's dream home",
          "Flash flood destroys Maui couple's dream home",
          "Flash flood destroys Maui couple's dream home",
          "Flash flood destroys Maui couple's dream home",
          "Flash flood destroys Maui couple's dream home",
          "Flash flood destroys Maui couple's dream home",
          "Flash flood destroys Maui couple's dream home",
          "Flash flood destroys Maui couple's dream home",
          "Flash flood destroys Maui couple's dream home",
          "Flash flood destroys Maui couple's dream home",
          "Flash flood destroys Maui couple's dream home",
          "Flash flood destroys Maui couple's dream home",
          "Flash flood destroys Maui couple's dream home",
          "Flash flood destroys Maui couple's dream home",
          "Flash flood destroys Maui couple's dream home",
          "Flash flood destroys Maui couple's dream home",
          "Flash flood destroys Maui couple's dream home",
          "Flash flood destroys Maui couple's dream home",
          "Flash flood destroys Maui couple's dream home",
          "Flash flood destroys Maui couple's dream home",
          "Flash flood destroys Maui couple's dream home",
          "Flash flood destroys Maui couple's dream home",
          "Flash flood destroys Maui couple's dream home",
          "Flash flood destroys Maui couple's dream home",
          "Flash flood destroys Maui couple's dream home",
          "Flash flood destroys Maui couple's dream home",
          "Flash flood destroys Maui couple's dream home",
          "Flash flood destroys Maui couple's dream home",
          "Flash flood destroys Maui couple's dream home",
          "Flash flood destroys Maui couple's dream home",
          "Flash flood destroys Maui couple's dream home",
          "Flash flood destroys Maui couple's dream home",
          "Flash flood destroys Maui couple's dream home",
          "Flash flood destroys Maui couple's dream home",
          "Flash flood destroys Maui couple's dream home",
          "Flash flood destroys Maui couple's dream home",
          "Flash flood destroys Maui couple's dream home",
          "Flash flood destroys Maui couple's dream home",
          "Flash flood destroys Maui couple's dream home",
          "Flash flood destroys Maui couple's dream home",
          "Flash flood destroys Maui couple's dream home",
          "Flash flood destroys Maui couple's dream home",
          "Flash flood destroys Maui couple's dream home",
          "Flash flood destroys Maui couple's dream home",
          "Flash flood destroys Maui couple's dream home",
          "Flash flood destroys Maui couple's dream home",
          "Flash flood destroys Maui couple's dream home",
          "Flash flood destroys Maui couple's dream home",
          "Flash flood destroys Maui couple's dream home",
          "Flash flood destroys Maui couple's dream home",
          "Flash flood destroys Maui couple's dream home",
          "Flash flood destroys Maui couple's dream home",
          "Flash flood destroys Maui couple's dream home",
          "Flash flood destroys Maui couple's dream home",
          "Flash flood destroys Maui couple's dream home",
          "Flash flood destroys Maui couple's dream home",
          "Flash flood destroys Maui couple's dream home",
          "Flash flood destroys Maui couple's dream home",
          "Flash flood destroys Maui couple's dream home",
          "Flash flood destroys Maui couple's dream home",
          "Flash flood destroys Maui couple's dream home",
          "Flash flood destroys Maui couple's dream home",
          "Flash flood warning extended for Maui; Flood advisory covers Oahu",
          "Flash flood warning posted for Maui as heavy rain intensifies",
          "Storm updates: Flash flood warnings issued for Maui, flood watches for Big Island",
          "Flash flood warning issued for east Maui as storm hits state",
          "Flash flood warning issued for east Maui as storm hits state",
          "Powerful kona storm brings warning level winds and flash flood risks; Flood Watch continues for Maui County",
          "NWS issues flash flood warning for Maui County",
          "NWS extends Flash Flood Warning for Big Island, Maui County, Molokai",
          "Flood Warning issued for flood-prone areas of Maui County",
          "Flood Advisory issued for flood-prone areas of Maui County",
          "Monday Weather Forecast | Flood advisory issued as heavy showers hit Maui County",
          "Monday Weather Forecast | Flood advisory issued as heavy showers hit Maui County",
          "NWS extends Flash Flood Warning for Big Island, Maui County, Molokai",
          "Flood advisory in effect for Molokai, state under flood watch"
        ]
      }
    },
    {
      "type": "Feature",
      "geometry": {
        "type": "Point",
        "coordinates": [
          -156.469,
          20.8949
        ]
      },
      "properties": {
        "source": "NOAA",
        "site_id": "1615680",
        "site_name": "Kahului, Kahului Harbor",
        "lat": "20.8949",
        "lon": "-156.469",
        "stage_ft": 1.676,
        "stage_datetime": "2026-06-29 21:54",
        "tier": "normal",
        "action_stage": 5.66,
        "flood_stage": 6.66,
        "major_stage": 8.66,
        "url": "https://tidesandcurrents.noaa.gov/stationhome.html?id=1615680",
        "city_lat": 20.8029568,
        "city_lon": -156.3106833,
        "fetched_at": "2026-06-29T22:01:32.713254+00:00",
        "flood_event_count": 92,
        "nearest_flood_miles": 12.04,
        "nearest_flood_title": "Powerful kona storm brings warning level winds and flash flood risks; Flood Warning issued for Maui until 2 p.m.",
        "color": "#2d6a4f",
        "nearby_flood_titles": [
          "Powerful kona storm brings warning level winds and flash flood risks; Flood Warning issued for Maui until 2 p.m.",
          "Flash flood destroys Maui couple's dream home",
          "Flash flood destroys Maui couple's dream home",
          "Flash flood destroys Maui couple's dream home",
          "Flash flood destroys Maui couple's dream home",
          "Flash flood destroys Maui couple's dream home",
          "Flash flood destroys Maui couple's dream home",
          "Flash flood destroys Maui couple's dream home",
          "Flash flood destroys Maui couple's dream home",
          "Flash flood destroys Maui couple's dream home",
          "Flash flood destroys Maui couple's dream home",
          "Flash flood destroys Maui couple's dream home",
          "Flash flood destroys Maui couple's dream home",
          "Flash flood destroys Maui couple's dream home",
          "Flash flood destroys Maui couple's dream home",
          "Flash flood destroys Maui couple's dream home",
          "Flash flood destroys Maui couple's dream home",
          "Flash flood destroys Maui couple's dream home",
          "Flash flood destroys Maui couple's dream home",
          "Flash flood destroys Maui couple's dream home",
          "Flash flood destroys Maui couple's dream home",
          "Flash flood destroys Maui couple's dream home",
          "Flash flood destroys Maui couple's dream home",
          "Flash flood destroys Maui couple's dream home",
          "Flash flood destroys Maui couple's dream home",
          "Flash flood destroys Maui couple's dream home",
          "Flash flood destroys Maui couple's dream home",
          "Flash flood destroys Maui couple's dream home",
          "Flash flood destroys Maui couple's dream home",
          "Flash flood destroys Maui couple's dream home",
          "Flash flood destroys Maui couple's dream home",
          "Flash flood destroys Maui couple's dream home",
          "Flash flood destroys Maui couple's dream home",
          "Flash flood destroys Maui couple's dream home",
          "Flash flood destroys Maui couple's dream home",
          "Flash flood destroys Maui couple's dream home",
          "Flash flood destroys Maui couple's dream home",
          "Flash flood destroys Maui couple's dream home",
          "Flash flood destroys Maui couple's dream home",
          "Flash flood destroys Maui couple's dream home",
          "Flash flood destroys Maui couple's dream home",
          "Flash flood destroys Maui couple's dream home",
          "Flash flood destroys Maui couple's dream home",
          "Flash flood destroys Maui couple's dream home",
          "Flash flood destroys Maui couple's dream home",
          "Flash flood destroys Maui couple's dream home",
          "Flash flood destroys Maui couple's dream home",
          "Flash flood destroys Maui couple's dream home",
          "Flash flood destroys Maui couple's dream home",
          "Flash flood destroys Maui couple's dream home",
          "Flash flood destroys Maui couple's dream home",
          "Flash flood destroys Maui couple's dream home",
          "Flash flood destroys Maui couple's dream home",
          "Flash flood destroys Maui couple's dream home",
          "Flash flood destroys Maui couple's dream home",
          "Flash flood destroys Maui couple's dream home",
          "Flash flood destroys Maui couple's dream home",
          "Flash flood destroys Maui couple's dream home",
          "Flash flood destroys Maui couple's dream home",
          "Flash flood destroys Maui couple's dream home",
          "Flash flood destroys Maui couple's dream home",
          "Flash flood destroys Maui couple's dream home",
          "Flash flood destroys Maui couple's dream home",
          "Flash flood destroys Maui couple's dream home",
          "Flash flood destroys Maui couple's dream home",
          "Flash flood destroys Maui couple's dream home",
          "Flash flood destroys Maui couple's dream home",
          "Flash flood destroys Maui couple's dream home",
          "Flash flood destroys Maui couple's dream home",
          "Flash flood destroys Maui couple's dream home",
          "Flash flood destroys Maui couple's dream home",
          "Flash flood destroys Maui couple's dream home",
          "Flash flood destroys Maui couple's dream home",
          "Flash flood destroys Maui couple's dream home",
          "Flash flood destroys Maui couple's dream home",
          "Flash flood destroys Maui couple's dream home",
          "Flash flood destroys Maui couple's dream home",
          "Flash flood destroys Maui couple's dream home",
          "Flash flood warning extended for Maui; Flood advisory covers Oahu",
          "Flash flood warning posted for Maui as heavy rain intensifies",
          "Storm updates: Flash flood warnings issued for Maui, flood watches for Big Island",
          "Flash flood warning issued for east Maui as storm hits state",
          "Flash flood warning issued for east Maui as storm hits state",
          "Powerful kona storm brings warning level winds and flash flood risks; Flood Watch continues for Maui County",
          "NWS issues flash flood warning for Maui County",
          "NWS extends Flash Flood Warning for Big Island, Maui County, Molokai",
          "Flood Warning issued for flood-prone areas of Maui County",
          "Flood Advisory issued for flood-prone areas of Maui County",
          "Monday Weather Forecast | Flood advisory issued as heavy showers hit Maui County",
          "Monday Weather Forecast | Flood advisory issued as heavy showers hit Maui County",
          "NWS extends Flash Flood Warning for Big Island, Maui County, Molokai",
          "Flood advisory in effect for Molokai, state under flood watch"
        ]
      }
    },
    {
      "type": "Feature",
      "geometry": {
        "type": "Point",
        "coordinates": [
          -156.469,
          20.8949
        ]
      },
      "properties": {
        "source": "NOAA",
        "site_id": "1615680",
        "site_name": "Kahului, Kahului Harbor",
        "lat": "20.8949",
        "lon": "-156.469",
        "stage_ft": 1.676,
        "stage_datetime": "2026-06-29 21:54",
        "tier": "normal",
        "action_stage": 5.66,
        "flood_stage": 6.66,
        "major_stage": 8.66,
        "url": "https://tidesandcurrents.noaa.gov/stationhome.html?id=1615680",
        "city_lat": 20.8029568,
        "city_lon": -156.3106833,
        "fetched_at": "2026-06-29T22:01:32.713254+00:00",
        "flood_event_count": 92,
        "nearest_flood_miles": 12.04,
        "nearest_flood_title": "Powerful kona storm brings warning level winds and flash flood risks; Flood Warning issued for Maui until 2 p.m.",
        "color": "#2d6a4f",
        "nearby_flood_titles": [
          "Powerful kona storm brings warning level winds and flash flood risks; Flood Warning issued for Maui until 2 p.m.",
          "Flash flood destroys Maui couple's dream home",
          "Flash flood destroys Maui couple's dream home",
          "Flash flood destroys Maui couple's dream home",
          "Flash flood destroys Maui couple's dream home",
          "Flash flood destroys Maui couple's dream home",
          "Flash flood destroys Maui couple's dream home",
          "Flash flood destroys Maui couple's dream home",
          "Flash flood destroys Maui couple's dream home",
          "Flash flood destroys Maui couple's dream home",
          "Flash flood destroys Maui couple's dream home",
          "Flash flood destroys Maui couple's dream home",
          "Flash flood destroys Maui couple's dream home",
          "Flash flood destroys Maui couple's dream home",
          "Flash flood destroys Maui couple's dream home",
          "Flash flood destroys Maui couple's dream home",
          "Flash flood destroys Maui couple's dream home",
          "Flash flood destroys Maui couple's dream home",
          "Flash flood destroys Maui couple's dream home",
          "Flash flood destroys Maui couple's dream home",
          "Flash flood destroys Maui couple's dream home",
          "Flash flood destroys Maui couple's dream home",
          "Flash flood destroys Maui couple's dream home",
          "Flash flood destroys Maui couple's dream home",
          "Flash flood destroys Maui couple's dream home",
          "Flash flood destroys Maui couple's dream home",
          "Flash flood destroys Maui couple's dream home",
          "Flash flood destroys Maui couple's dream home",
          "Flash flood destroys Maui couple's dream home",
          "Flash flood destroys Maui couple's dream home",
          "Flash flood destroys Maui couple's dream home",
          "Flash flood destroys Maui couple's dream home",
          "Flash flood destroys Maui couple's dream home",
          "Flash flood destroys Maui couple's dream home",
          "Flash flood destroys Maui couple's dream home",
          "Flash flood destroys Maui couple's dream home",
          "Flash flood destroys Maui couple's dream home",
          "Flash flood destroys Maui couple's dream home",
          "Flash flood destroys Maui couple's dream home",
          "Flash flood destroys Maui couple's dream home",
          "Flash flood destroys Maui couple's dream home",
          "Flash flood destroys Maui couple's dream home",
          "Flash flood destroys Maui couple's dream home",
          "Flash flood destroys Maui couple's dream home",
          "Flash flood destroys Maui couple's dream home",
          "Flash flood destroys Maui couple's dream home",
          "Flash flood destroys Maui couple's dream home",
          "Flash flood destroys Maui couple's dream home",
          "Flash flood destroys Maui couple's dream home",
          "Flash flood destroys Maui couple's dream home",
          "Flash flood destroys Maui couple's dream home",
          "Flash flood destroys Maui couple's dream home",
          "Flash flood destroys Maui couple's dream home",
          "Flash flood destroys Maui couple's dream home",
          "Flash flood destroys Maui couple's dream home",
          "Flash flood destroys Maui couple's dream home",
          "Flash flood destroys Maui couple's dream home",
          "Flash flood destroys Maui couple's dream home",
          "Flash flood destroys Maui couple's dream home",
          "Flash flood destroys Maui couple's dream home",
          "Flash flood destroys Maui couple's dream home",
          "Flash flood destroys Maui couple's dream home",
          "Flash flood destroys Maui couple's dream home",
          "Flash flood destroys Maui couple's dream home",
          "Flash flood destroys Maui couple's dream home",
          "Flash flood destroys Maui couple's dream home",
          "Flash flood destroys Maui couple's dream home",
          "Flash flood destroys Maui couple's dream home",
          "Flash flood destroys Maui couple's dream home",
          "Flash flood destroys Maui couple's dream home",
          "Flash flood destroys Maui couple's dream home",
          "Flash flood destroys Maui couple's dream home",
          "Flash flood destroys Maui couple's dream home",
          "Flash flood destroys Maui couple's dream home",
          "Flash flood destroys Maui couple's dream home",
          "Flash flood destroys Maui couple's dream home",
          "Flash flood destroys Maui couple's dream home",
          "Flash flood destroys Maui couple's dream home",
          "Flash flood warning extended for Maui; Flood advisory covers Oahu",
          "Flash flood warning posted for Maui as heavy rain intensifies",
          "Storm updates: Flash flood warnings issued for Maui, flood watches for Big Island",
          "Flash flood warning issued for east Maui as storm hits state",
          "Flash flood warning issued for east Maui as storm hits state",
          "Powerful kona storm brings warning level winds and flash flood risks; Flood Watch continues for Maui County",
          "NWS issues flash flood warning for Maui County",
          "NWS extends Flash Flood Warning for Big Island, Maui County, Molokai",
          "Flood Warning issued for flood-prone areas of Maui County",
          "Flood Advisory issued for flood-prone areas of Maui County",
          "Monday Weather Forecast | Flood advisory issued as heavy showers hit Maui County",
          "Monday Weather Forecast | Flood advisory issued as heavy showers hit Maui County",
          "NWS extends Flash Flood Warning for Big Island, Maui County, Molokai",
          "Flood advisory in effect for Molokai, state under flood watch"
        ]
      }
    },
    {
      "type": "Feature",
      "geometry": {
        "type": "Point",
        "coordinates": [
          -156.469,
          20.8949
        ]
      },
      "properties": {
        "source": "NOAA",
        "site_id": "1615680",
        "site_name": "Kahului, Kahului Harbor",
        "lat": "20.8949",
        "lon": "-156.469",
        "stage_ft": 1.676,
        "stage_datetime": "2026-06-29 21:54",
        "tier": "normal",
        "action_stage": 5.66,
        "flood_stage": 6.66,
        "major_stage": 8.66,
        "url": "https://tidesandcurrents.noaa.gov/stationhome.html?id=1615680",
        "city_lat": 20.8029568,
        "city_lon": -156.3106833,
        "fetched_at": "2026-06-29T22:01:32.713254+00:00",
        "flood_event_count": 92,
        "nearest_flood_miles": 12.04,
        "nearest_flood_title": "Powerful kona storm brings warning level winds and flash flood risks; Flood Warning issued for Maui until 2 p.m.",
        "color": "#2d6a4f",
        "nearby_flood_titles": [
          "Powerful kona storm brings warning level winds and flash flood risks; Flood Warning issued for Maui until 2 p.m.",
          "Flash flood destroys Maui couple's dream home",
          "Flash flood destroys Maui couple's dream home",
          "Flash flood destroys Maui couple's dream home",
          "Flash flood destroys Maui couple's dream home",
          "Flash flood destroys Maui couple's dream home",
          "Flash flood destroys Maui couple's dream home",
          "Flash flood destroys Maui couple's dream home",
          "Flash flood destroys Maui couple's dream home",
          "Flash flood destroys Maui couple's dream home",
          "Flash flood destroys Maui couple's dream home",
          "Flash flood destroys Maui couple's dream home",
          "Flash flood destroys Maui couple's dream home",
          "Flash flood destroys Maui couple's dream home",
          "Flash flood destroys Maui couple's dream home",
          "Flash flood destroys Maui couple's dream home",
          "Flash flood destroys Maui couple's dream home",
          "Flash flood destroys Maui couple's dream home",
          "Flash flood destroys Maui couple's dream home",
          "Flash flood destroys Maui couple's dream home",
          "Flash flood destroys Maui couple's dream home",
          "Flash flood destroys Maui couple's dream home",
          "Flash flood destroys Maui couple's dream home",
          "Flash flood destroys Maui couple's dream home",
          "Flash flood destroys Maui couple's dream home",
          "Flash flood destroys Maui couple's dream home",
          "Flash flood destroys Maui couple's dream home",
          "Flash flood destroys Maui couple's dream home",
          "Flash flood destroys Maui couple's dream home",
          "Flash flood destroys Maui couple's dream home",
          "Flash flood destroys Maui couple's dream home",
          "Flash flood destroys Maui couple's dream home",
          "Flash flood destroys Maui couple's dream home",
          "Flash flood destroys Maui couple's dream home",
          "Flash flood destroys Maui couple's dream home",
          "Flash flood destroys Maui couple's dream home",
          "Flash flood destroys Maui couple's dream home",
          "Flash flood destroys Maui couple's dream home",
          "Flash flood destroys Maui couple's dream home",
          "Flash flood destroys Maui couple's dream home",
          "Flash flood destroys Maui couple's dream home",
          "Flash flood destroys Maui couple's dream home",
          "Flash flood destroys Maui couple's dream home",
          "Flash flood destroys Maui couple's dream home",
          "Flash flood destroys Maui couple's dream home",
          "Flash flood destroys Maui couple's dream home",
          "Flash flood destroys Maui couple's dream home",
          "Flash flood destroys Maui couple's dream home",
          "Flash flood destroys Maui couple's dream home",
          "Flash flood destroys Maui couple's dream home",
          "Flash flood destroys Maui couple's dream home",
          "Flash flood destroys Maui couple's dream home",
          "Flash flood destroys Maui couple's dream home",
          "Flash flood destroys Maui couple's dream home",
          "Flash flood destroys Maui couple's dream home",
          "Flash flood destroys Maui couple's dream home",
          "Flash flood destroys Maui couple's dream home",
          "Flash flood destroys Maui couple's dream home",
          "Flash flood destroys Maui couple's dream home",
          "Flash flood destroys Maui couple's dream home",
          "Flash flood destroys Maui couple's dream home",
          "Flash flood destroys Maui couple's dream home",
          "Flash flood destroys Maui couple's dream home",
          "Flash flood destroys Maui couple's dream home",
          "Flash flood destroys Maui couple's dream home",
          "Flash flood destroys Maui couple's dream home",
          "Flash flood destroys Maui couple's dream home",
          "Flash flood destroys Maui couple's dream home",
          "Flash flood destroys Maui couple's dream home",
          "Flash flood destroys Maui couple's dream home",
          "Flash flood destroys Maui couple's dream home",
          "Flash flood destroys Maui couple's dream home",
          "Flash flood destroys Maui couple's dream home",
          "Flash flood destroys Maui couple's dream home",
          "Flash flood destroys Maui couple's dream home",
          "Flash flood destroys Maui couple's dream home",
          "Flash flood destroys Maui couple's dream home",
          "Flash flood destroys Maui couple's dream home",
          "Flash flood warning extended for Maui; Flood advisory covers Oahu",
          "Flash flood warning posted for Maui as heavy rain intensifies",
          "Storm updates: Flash flood warnings issued for Maui, flood watches for Big Island",
          "Flash flood warning issued for east Maui as storm hits state",
          "Flash flood warning issued for east Maui as storm hits state",
          "Powerful kona storm brings warning level winds and flash flood risks; Flood Watch continues for Maui County",
          "NWS issues flash flood warning for Maui County",
          "NWS extends Flash Flood Warning for Big Island, Maui County, Molokai",
          "Flood Warning issued for flood-prone areas of Maui County",
          "Flood Advisory issued for flood-prone areas of Maui County",
          "Monday Weather Forecast | Flood advisory issued as heavy showers hit Maui County",
          "Monday Weather Forecast | Flood advisory issued as heavy showers hit Maui County",
          "NWS extends Flash Flood Warning for Big Island, Maui County, Molokai",
          "Flood advisory in effect for Molokai, state under flood watch"
        ]
      }
    },
    {
      "type": "Feature",
      "geometry": {
        "type": "Point",
        "coordinates": [
          -156.469,
          20.8949
        ]
      },
      "properties": {
        "source": "NOAA",
        "site_id": "1615680",
        "site_name": "Kahului, Kahului Harbor",
        "lat": "20.8949",
        "lon": "-156.469",
        "stage_ft": 1.676,
        "stage_datetime": "2026-06-29 21:54",
        "tier": "normal",
        "action_stage": 5.66,
        "flood_stage": 6.66,
        "major_stage": 8.66,
        "url": "https://tidesandcurrents.noaa.gov/stationhome.html?id=1615680",
        "city_lat": 20.8029568,
        "city_lon": -156.3106833,
        "fetched_at": "2026-06-29T22:01:32.713254+00:00",
        "flood_event_count": 92,
        "nearest_flood_miles": 12.04,
        "nearest_flood_title": "Powerful kona storm brings warning level winds and flash flood risks; Flood Warning issued for Maui until 2 p.m.",
        "color": "#2d6a4f",
        "nearby_flood_titles": [
          "Powerful kona storm brings warning level winds and flash flood risks; Flood Warning issued for Maui until 2 p.m.",
          "Flash flood destroys Maui couple's dream home",
          "Flash flood destroys Maui couple's dream home",
          "Flash flood destroys Maui couple's dream home",
          "Flash flood destroys Maui couple's dream home",
          "Flash flood destroys Maui couple's dream home",
          "Flash flood destroys Maui couple's dream home",
          "Flash flood destroys Maui couple's dream home",
          "Flash flood destroys Maui couple's dream home",
          "Flash flood destroys Maui couple's dream home",
          "Flash flood destroys Maui couple's dream home",
          "Flash flood destroys Maui couple's dream home",
          "Flash flood destroys Maui couple's dream home",
          "Flash flood destroys Maui couple's dream home",
          "Flash flood destroys Maui couple's dream home",
          "Flash flood destroys Maui couple's dream home",
          "Flash flood destroys Maui couple's dream home",
          "Flash flood destroys Maui couple's dream home",
          "Flash flood destroys Maui couple's dream home",
          "Flash flood destroys Maui couple's dream home",
          "Flash flood destroys Maui couple's dream home",
          "Flash flood destroys Maui couple's dream home",
          "Flash flood destroys Maui couple's dream home",
          "Flash flood destroys Maui couple's dream home",
          "Flash flood destroys Maui couple's dream home",
          "Flash flood destroys Maui couple's dream home",
          "Flash flood destroys Maui couple's dream home",
          "Flash flood destroys Maui couple's dream home",
          "Flash flood destroys Maui couple's dream home",
          "Flash flood destroys Maui couple's dream home",
          "Flash flood destroys Maui couple's dream home",
          "Flash flood destroys Maui couple's dream home",
          "Flash flood destroys Maui couple's dream home",
          "Flash flood destroys Maui couple's dream home",
          "Flash flood destroys Maui couple's dream home",
          "Flash flood destroys Maui couple's dream home",
          "Flash flood destroys Maui couple's dream home",
          "Flash flood destroys Maui couple's dream home",
          "Flash flood destroys Maui couple's dream home",
          "Flash flood destroys Maui couple's dream home",
          "Flash flood destroys Maui couple's dream home",
          "Flash flood destroys Maui couple's dream home",
          "Flash flood destroys Maui couple's dream home",
          "Flash flood destroys Maui couple's dream home",
          "Flash flood destroys Maui couple's dream home",
          "Flash flood destroys Maui couple's dream home",
          "Flash flood destroys Maui couple's dream home",
          "Flash flood destroys Maui couple's dream home",
          "Flash flood destroys Maui couple's dream home",
          "Flash flood destroys Maui couple's dream home",
          "Flash flood destroys Maui couple's dream home",
          "Flash flood destroys Maui couple's dream home",
          "Flash flood destroys Maui couple's dream home",
          "Flash flood destroys Maui couple's dream home",
          "Flash flood destroys Maui couple's dream home",
          "Flash flood destroys Maui couple's dream home",
          "Flash flood destroys Maui couple's dream home",
          "Flash flood destroys Maui couple's dream home",
          "Flash flood destroys Maui couple's dream home",
          "Flash flood destroys Maui couple's dream home",
          "Flash flood destroys Maui couple's dream home",
          "Flash flood destroys Maui couple's dream home",
          "Flash flood destroys Maui couple's dream home",
          "Flash flood destroys Maui couple's dream home",
          "Flash flood destroys Maui couple's dream home",
          "Flash flood destroys Maui couple's dream home",
          "Flash flood destroys Maui couple's dream home",
          "Flash flood destroys Maui couple's dream home",
          "Flash flood destroys Maui couple's dream home",
          "Flash flood destroys Maui couple's dream home",
          "Flash flood destroys Maui couple's dream home",
          "Flash flood destroys Maui couple's dream home",
          "Flash flood destroys Maui couple's dream home",
          "Flash flood destroys Maui couple's dream home",
          "Flash flood destroys Maui couple's dream home",
          "Flash flood destroys Maui couple's dream home",
          "Flash flood destroys Maui couple's dream home",
          "Flash flood destroys Maui couple's dream home",
          "Flash flood warning extended for Maui; Flood advisory covers Oahu",
          "Flash flood warning posted for Maui as heavy rain intensifies",
          "Storm updates: Flash flood warnings issued for Maui, flood watches for Big Island",
          "Flash flood warning issued for east Maui as storm hits state",
          "Flash flood warning issued for east Maui as storm hits state",
          "Powerful kona storm brings warning level winds and flash flood risks; Flood Watch continues for Maui County",
          "NWS issues flash flood warning for Maui County",
          "NWS extends Flash Flood Warning for Big Island, Maui County, Molokai",
          "Flood Warning issued for flood-prone areas of Maui County",
          "Flood Advisory issued for flood-prone areas of Maui County",
          "Monday Weather Forecast | Flood advisory issued as heavy showers hit Maui County",
          "Monday Weather Forecast | Flood advisory issued as heavy showers hit Maui County",
          "NWS extends Flash Flood Warning for Big Island, Maui County, Molokai",
          "Flood advisory in effect for Molokai, state under flood watch"
        ]
      }
    },
    {
      "type": "Feature",
      "geometry": {
        "type": "Point",
        "coordinates": [
          -156.469,
          20.8949
        ]
      },
      "properties": {
        "source": "NOAA",
        "site_id": "1615680",
        "site_name": "Kahului, Kahului Harbor",
        "lat": "20.8949",
        "lon": "-156.469",
        "stage_ft": 1.676,
        "stage_datetime": "2026-06-29 21:54",
        "tier": "normal",
        "action_stage": 5.66,
        "flood_stage": 6.66,
        "major_stage": 8.66,
        "url": "https://tidesandcurrents.noaa.gov/stationhome.html?id=1615680",
        "city_lat": 20.8029568,
        "city_lon": -156.3106833,
        "fetched_at": "2026-06-29T22:01:32.713254+00:00",
        "flood_event_count": 92,
        "nearest_flood_miles": 12.04,
        "nearest_flood_title": "Powerful kona storm brings warning level winds and flash flood risks; Flood Warning issued for Maui until 2 p.m.",
        "color": "#2d6a4f",
        "nearby_flood_titles": [
          "Powerful kona storm brings warning level winds and flash flood risks; Flood Warning issued for Maui until 2 p.m.",
          "Flash flood destroys Maui couple's dream home",
          "Flash flood destroys Maui couple's dream home",
          "Flash flood destroys Maui couple's dream home",
          "Flash flood destroys Maui couple's dream home",
          "Flash flood destroys Maui couple's dream home",
          "Flash flood destroys Maui couple's dream home",
          "Flash flood destroys Maui couple's dream home",
          "Flash flood destroys Maui couple's dream home",
          "Flash flood destroys Maui couple's dream home",
          "Flash flood destroys Maui couple's dream home",
          "Flash flood destroys Maui couple's dream home",
          "Flash flood destroys Maui couple's dream home",
          "Flash flood destroys Maui couple's dream home",
          "Flash flood destroys Maui couple's dream home",
          "Flash flood destroys Maui couple's dream home",
          "Flash flood destroys Maui couple's dream home",
          "Flash flood destroys Maui couple's dream home",
          "Flash flood destroys Maui couple's dream home",
          "Flash flood destroys Maui couple's dream home",
          "Flash flood destroys Maui couple's dream home",
          "Flash flood destroys Maui couple's dream home",
          "Flash flood destroys Maui couple's dream home",
          "Flash flood destroys Maui couple's dream home",
          "Flash flood destroys Maui couple's dream home",
          "Flash flood destroys Maui couple's dream home",
          "Flash flood destroys Maui couple's dream home",
          "Flash flood destroys Maui couple's dream home",
          "Flash flood destroys Maui couple's dream home",
          "Flash flood destroys Maui couple's dream home",
          "Flash flood destroys Maui couple's dream home",
          "Flash flood destroys Maui couple's dream home",
          "Flash flood destroys Maui couple's dream home",
          "Flash flood destroys Maui couple's dream home",
          "Flash flood destroys Maui couple's dream home",
          "Flash flood destroys Maui couple's dream home",
          "Flash flood destroys Maui couple's dream home",
          "Flash flood destroys Maui couple's dream home",
          "Flash flood destroys Maui couple's dream home",
          "Flash flood destroys Maui couple's dream home",
          "Flash flood destroys Maui couple's dream home",
          "Flash flood destroys Maui couple's dream home",
          "Flash flood destroys Maui couple's dream home",
          "Flash flood destroys Maui couple's dream home",
          "Flash flood destroys Maui couple's dream home",
          "Flash flood destroys Maui couple's dream home",
          "Flash flood destroys Maui couple's dream home",
          "Flash flood destroys Maui couple's dream home",
          "Flash flood destroys Maui couple's dream home",
          "Flash flood destroys Maui couple's dream home",
          "Flash flood destroys Maui couple's dream home",
          "Flash flood destroys Maui couple's dream home",
          "Flash flood destroys Maui couple's dream home",
          "Flash flood destroys Maui couple's dream home",
          "Flash flood destroys Maui couple's dream home",
          "Flash flood destroys Maui couple's dream home",
          "Flash flood destroys Maui couple's dream home",
          "Flash flood destroys Maui couple's dream home",
          "Flash flood destroys Maui couple's dream home",
          "Flash flood destroys Maui couple's dream home",
          "Flash flood destroys Maui couple's dream home",
          "Flash flood destroys Maui couple's dream home",
          "Flash flood destroys Maui couple's dream home",
          "Flash flood destroys Maui couple's dream home",
          "Flash flood destroys Maui couple's dream home",
          "Flash flood destroys Maui couple's dream home",
          "Flash flood destroys Maui couple's dream home",
          "Flash flood destroys Maui couple's dream home",
          "Flash flood destroys Maui couple's dream home",
          "Flash flood destroys Maui couple's dream home",
          "Flash flood destroys Maui couple's dream home",
          "Flash flood destroys Maui couple's dream home",
          "Flash flood destroys Maui couple's dream home",
          "Flash flood destroys Maui couple's dream home",
          "Flash flood destroys Maui couple's dream home",
          "Flash flood destroys Maui couple's dream home",
          "Flash flood destroys Maui couple's dream home",
          "Flash flood destroys Maui couple's dream home",
          "Flash flood warning extended for Maui; Flood advisory covers Oahu",
          "Flash flood warning posted for Maui as heavy rain intensifies",
          "Storm updates: Flash flood warnings issued for Maui, flood watches for Big Island",
          "Flash flood warning issued for east Maui as storm hits state",
          "Flash flood warning issued for east Maui as storm hits state",
          "Powerful kona storm brings warning level winds and flash flood risks; Flood Watch continues for Maui County",
          "NWS issues flash flood warning for Maui County",
          "NWS extends Flash Flood Warning for Big Island, Maui County, Molokai",
          "Flood Warning issued for flood-prone areas of Maui County",
          "Flood Advisory issued for flood-prone areas of Maui County",
          "Monday Weather Forecast | Flood advisory issued as heavy showers hit Maui County",
          "Monday Weather Forecast | Flood advisory issued as heavy showers hit Maui County",
          "NWS extends Flash Flood Warning for Big Island, Maui County, Molokai",
          "Flood advisory in effect for Molokai, state under flood watch"
        ]
      }
    },
    {
      "type": "Feature",
      "geometry": {
        "type": "Point",
        "coordinates": [
          -156.469,
          20.8949
        ]
      },
      "properties": {
        "source": "NOAA",
        "site_id": "1615680",
        "site_name": "Kahului, Kahului Harbor",
        "lat": "20.8949",
        "lon": "-156.469",
        "stage_ft": 1.676,
        "stage_datetime": "2026-06-29 21:54",
        "tier": "normal",
        "action_stage": 5.66,
        "flood_stage": 6.66,
        "major_stage": 8.66,
        "url": "https://tidesandcurrents.noaa.gov/stationhome.html?id=1615680",
        "city_lat": 20.8029568,
        "city_lon": -156.3106833,
        "fetched_at": "2026-06-29T22:01:32.713254+00:00",
        "flood_event_count": 92,
        "nearest_flood_miles": 12.04,
        "nearest_flood_title": "Powerful kona storm brings warning level winds and flash flood risks; Flood Warning issued for Maui until 2 p.m.",
        "color": "#2d6a4f",
        "nearby_flood_titles": [
          "Powerful kona storm brings warning level winds and flash flood risks; Flood Warning issued for Maui until 2 p.m.",
          "Flash flood destroys Maui couple's dream home",
          "Flash flood destroys Maui couple's dream home",
          "Flash flood destroys Maui couple's dream home",
          "Flash flood destroys Maui couple's dream home",
          "Flash flood destroys Maui couple's dream home",
          "Flash flood destroys Maui couple's dream home",
          "Flash flood destroys Maui couple's dream home",
          "Flash flood destroys Maui couple's dream home",
          "Flash flood destroys Maui couple's dream home",
          "Flash flood destroys Maui couple's dream home",
          "Flash flood destroys Maui couple's dream home",
          "Flash flood destroys Maui couple's dream home",
          "Flash flood destroys Maui couple's dream home",
          "Flash flood destroys Maui couple's dream home",
          "Flash flood destroys Maui couple's dream home",
          "Flash flood destroys Maui couple's dream home",
          "Flash flood destroys Maui couple's dream home",
          "Flash flood destroys Maui couple's dream home",
          "Flash flood destroys Maui couple's dream home",
          "Flash flood destroys Maui couple's dream home",
          "Flash flood destroys Maui couple's dream home",
          "Flash flood destroys Maui couple's dream home",
          "Flash flood destroys Maui couple's dream home",
          "Flash flood destroys Maui couple's dream home",
          "Flash flood destroys Maui couple's dream home",
          "Flash flood destroys Maui couple's dream home",
          "Flash flood destroys Maui couple's dream home",
          "Flash flood destroys Maui couple's dream home",
          "Flash flood destroys Maui couple's dream home",
          "Flash flood destroys Maui couple's dream home",
          "Flash flood destroys Maui couple's dream home",
          "Flash flood destroys Maui couple's dream home",
          "Flash flood destroys Maui couple's dream home",
          "Flash flood destroys Maui couple's dream home",
          "Flash flood destroys Maui couple's dream home",
          "Flash flood destroys Maui couple's dream home",
          "Flash flood destroys Maui couple's dream home",
          "Flash flood destroys Maui couple's dream home",
          "Flash flood destroys Maui couple's dream home",
          "Flash flood destroys Maui couple's dream home",
          "Flash flood destroys Maui couple's dream home",
          "Flash flood destroys Maui couple's dream home",
          "Flash flood destroys Maui couple's dream home",
          "Flash flood destroys Maui couple's dream home",
          "Flash flood destroys Maui couple's dream home",
          "Flash flood destroys Maui couple's dream home",
          "Flash flood destroys Maui couple's dream home",
          "Flash flood destroys Maui couple's dream home",
          "Flash flood destroys Maui couple's dream home",
          "Flash flood destroys Maui couple's dream home",
          "Flash flood destroys Maui couple's dream home",
          "Flash flood destroys Maui couple's dream home",
          "Flash flood destroys Maui couple's dream home",
          "Flash flood destroys Maui couple's dream home",
          "Flash flood destroys Maui couple's dream home",
          "Flash flood destroys Maui couple's dream home",
          "Flash flood destroys Maui couple's dream home",
          "Flash flood destroys Maui couple's dream home",
          "Flash flood destroys Maui couple's dream home",
          "Flash flood destroys Maui couple's dream home",
          "Flash flood destroys Maui couple's dream home",
          "Flash flood destroys Maui couple's dream home",
          "Flash flood destroys Maui couple's dream home",
          "Flash flood destroys Maui couple's dream home",
          "Flash flood destroys Maui couple's dream home",
          "Flash flood destroys Maui couple's dream home",
          "Flash flood destroys Maui couple's dream home",
          "Flash flood destroys Maui couple's dream home",
          "Flash flood destroys Maui couple's dream home",
          "Flash flood destroys Maui couple's dream home",
          "Flash flood destroys Maui couple's dream home",
          "Flash flood destroys Maui couple's dream home",
          "Flash flood destroys Maui couple's dream home",
          "Flash flood destroys Maui couple's dream home",
          "Flash flood destroys Maui couple's dream home",
          "Flash flood destroys Maui couple's dream home",
          "Flash flood destroys Maui couple's dream home",
          "Flash flood warning extended for Maui; Flood advisory covers Oahu",
          "Flash flood warning posted for Maui as heavy rain intensifies",
          "Storm updates: Flash flood warnings issued for Maui, flood watches for Big Island",
          "Flash flood warning issued for east Maui as storm hits state",
          "Flash flood warning issued for east Maui as storm hits state",
          "Powerful kona storm brings warning level winds and flash flood risks; Flood Watch continues for Maui County",
          "NWS issues flash flood warning for Maui County",
          "NWS extends Flash Flood Warning for Big Island, Maui County, Molokai",
          "Flood Warning issued for flood-prone areas of Maui County",
          "Flood Advisory issued for flood-prone areas of Maui County",
          "Monday Weather Forecast | Flood advisory issued as heavy showers hit Maui County",
          "Monday Weather Forecast | Flood advisory issued as heavy showers hit Maui County",
          "NWS extends Flash Flood Warning for Big Island, Maui County, Molokai",
          "Flood advisory in effect for Molokai, state under flood watch"
        ]
      }
    },
    {
      "type": "Feature",
      "geometry": {
        "type": "Point",
        "coordinates": [
          -156.469,
          20.8949
        ]
      },
      "properties": {
        "source": "NOAA",
        "site_id": "1615680",
        "site_name": "Kahului, Kahului Harbor",
        "lat": "20.8949",
        "lon": "-156.469",
        "stage_ft": 1.676,
        "stage_datetime": "2026-06-29 21:54",
        "tier": "normal",
        "action_stage": 5.66,
        "flood_stage": 6.66,
        "major_stage": 8.66,
        "url": "https://tidesandcurrents.noaa.gov/stationhome.html?id=1615680",
        "city_lat": 20.8029568,
        "city_lon": -156.3106833,
        "fetched_at": "2026-06-29T22:01:32.713254+00:00",
        "flood_event_count": 92,
        "nearest_flood_miles": 12.04,
        "nearest_flood_title": "Powerful kona storm brings warning level winds and flash flood risks; Flood Warning issued for Maui until 2 p.m.",
        "color": "#2d6a4f",
        "nearby_flood_titles": [
          "Powerful kona storm brings warning level winds and flash flood risks; Flood Warning issued for Maui until 2 p.m.",
          "Flash flood destroys Maui couple's dream home",
          "Flash flood destroys Maui couple's dream home",
          "Flash flood destroys Maui couple's dream home",
          "Flash flood destroys Maui couple's dream home",
          "Flash flood destroys Maui couple's dream home",
          "Flash flood destroys Maui couple's dream home",
          "Flash flood destroys Maui couple's dream home",
          "Flash flood destroys Maui couple's dream home",
          "Flash flood destroys Maui couple's dream home",
          "Flash flood destroys Maui couple's dream home",
          "Flash flood destroys Maui couple's dream home",
          "Flash flood destroys Maui couple's dream home",
          "Flash flood destroys Maui couple's dream home",
          "Flash flood destroys Maui couple's dream home",
          "Flash flood destroys Maui couple's dream home",
          "Flash flood destroys Maui couple's dream home",
          "Flash flood destroys Maui couple's dream home",
          "Flash flood destroys Maui couple's dream home",
          "Flash flood destroys Maui couple's dream home",
          "Flash flood destroys Maui couple's dream home",
          "Flash flood destroys Maui couple's dream home",
          "Flash flood destroys Maui couple's dream home",
          "Flash flood destroys Maui couple's dream home",
          "Flash flood destroys Maui couple's dream home",
          "Flash flood destroys Maui couple's dream home",
          "Flash flood destroys Maui couple's dream home",
          "Flash flood destroys Maui couple's dream home",
          "Flash flood destroys Maui couple's dream home",
          "Flash flood destroys Maui couple's dream home",
          "Flash flood destroys Maui couple's dream home",
          "Flash flood destroys Maui couple's dream home",
          "Flash flood destroys Maui couple's dream home",
          "Flash flood destroys Maui couple's dream home",
          "Flash flood destroys Maui couple's dream home",
          "Flash flood destroys Maui couple's dream home",
          "Flash flood destroys Maui couple's dream home",
          "Flash flood destroys Maui couple's dream home",
          "Flash flood destroys Maui couple's dream home",
          "Flash flood destroys Maui couple's dream home",
          "Flash flood destroys Maui couple's dream home",
          "Flash flood destroys Maui couple's dream home",
          "Flash flood destroys Maui couple's dream home",
          "Flash flood destroys Maui couple's dream home",
          "Flash flood destroys Maui couple's dream home",
          "Flash flood destroys Maui couple's dream home",
          "Flash flood destroys Maui couple's dream home",
          "Flash flood destroys Maui couple's dream home",
          "Flash flood destroys Maui couple's dream home",
          "Flash flood destroys Maui couple's dream home",
          "Flash flood destroys Maui couple's dream home",
          "Flash flood destroys Maui couple's dream home",
          "Flash flood destroys Maui couple's dream home",
          "Flash flood destroys Maui couple's dream home",
          "Flash flood destroys Maui couple's dream home",
          "Flash flood destroys Maui couple's dream home",
          "Flash flood destroys Maui couple's dream home",
          "Flash flood destroys Maui couple's dream home",
          "Flash flood destroys Maui couple's dream home",
          "Flash flood destroys Maui couple's dream home",
          "Flash flood destroys Maui couple's dream home",
          "Flash flood destroys Maui couple's dream home",
          "Flash flood destroys Maui couple's dream home",
          "Flash flood destroys Maui couple's dream home",
          "Flash flood destroys Maui couple's dream home",
          "Flash flood destroys Maui couple's dream home",
          "Flash flood destroys Maui couple's dream home",
          "Flash flood destroys Maui couple's dream home",
          "Flash flood destroys Maui couple's dream home",
          "Flash flood destroys Maui couple's dream home",
          "Flash flood destroys Maui couple's dream home",
          "Flash flood destroys Maui couple's dream home",
          "Flash flood destroys Maui couple's dream home",
          "Flash flood destroys Maui couple's dream home",
          "Flash flood destroys Maui couple's dream home",
          "Flash flood destroys Maui couple's dream home",
          "Flash flood destroys Maui couple's dream home",
          "Flash flood destroys Maui couple's dream home",
          "Flash flood warning extended for Maui; Flood advisory covers Oahu",
          "Flash flood warning posted for Maui as heavy rain intensifies",
          "Storm updates: Flash flood warnings issued for Maui, flood watches for Big Island",
          "Flash flood warning issued for east Maui as storm hits state",
          "Flash flood warning issued for east Maui as storm hits state",
          "Powerful kona storm brings warning level winds and flash flood risks; Flood Watch continues for Maui County",
          "NWS issues flash flood warning for Maui County",
          "NWS extends Flash Flood Warning for Big Island, Maui County, Molokai",
          "Flood Warning issued for flood-prone areas of Maui County",
          "Flood Advisory issued for flood-prone areas of Maui County",
          "Monday Weather Forecast | Flood advisory issued as heavy showers hit Maui County",
          "Monday Weather Forecast | Flood advisory issued as heavy showers hit Maui County",
          "NWS extends Flash Flood Warning for Big Island, Maui County, Molokai",
          "Flood advisory in effect for Molokai, state under flood watch"
        ]
      }
    },
    {
      "type": "Feature",
      "geometry": {
        "type": "Point",
        "coordinates": [
          -156.469,
          20.8949
        ]
      },
      "properties": {
        "source": "NOAA",
        "site_id": "1615680",
        "site_name": "Kahului, Kahului Harbor",
        "lat": "20.8949",
        "lon": "-156.469",
        "stage_ft": 1.676,
        "stage_datetime": "2026-06-29 21:54",
        "tier": "normal",
        "action_stage": 5.66,
        "flood_stage": 6.66,
        "major_stage": 8.66,
        "url": "https://tidesandcurrents.noaa.gov/stationhome.html?id=1615680",
        "city_lat": 20.8029568,
        "city_lon": -156.3106833,
        "fetched_at": "2026-06-29T22:01:32.713254+00:00",
        "flood_event_count": 92,
        "nearest_flood_miles": 12.04,
        "nearest_flood_title": "Powerful kona storm brings warning level winds and flash flood risks; Flood Warning issued for Maui until 2 p.m.",
        "color": "#2d6a4f",
        "nearby_flood_titles": [
          "Powerful kona storm brings warning level winds and flash flood risks; Flood Warning issued for Maui until 2 p.m.",
          "Flash flood destroys Maui couple's dream home",
          "Flash flood destroys Maui couple's dream home",
          "Flash flood destroys Maui couple's dream home",
          "Flash flood destroys Maui couple's dream home",
          "Flash flood destroys Maui couple's dream home",
          "Flash flood destroys Maui couple's dream home",
          "Flash flood destroys Maui couple's dream home",
          "Flash flood destroys Maui couple's dream home",
          "Flash flood destroys Maui couple's dream home",
          "Flash flood destroys Maui couple's dream home",
          "Flash flood destroys Maui couple's dream home",
          "Flash flood destroys Maui couple's dream home",
          "Flash flood destroys Maui couple's dream home",
          "Flash flood destroys Maui couple's dream home",
          "Flash flood destroys Maui couple's dream home",
          "Flash flood destroys Maui couple's dream home",
          "Flash flood destroys Maui couple's dream home",
          "Flash flood destroys Maui couple's dream home",
          "Flash flood destroys Maui couple's dream home",
          "Flash flood destroys Maui couple's dream home",
          "Flash flood destroys Maui couple's dream home",
          "Flash flood destroys Maui couple's dream home",
          "Flash flood destroys Maui couple's dream home",
          "Flash flood destroys Maui couple's dream home",
          "Flash flood destroys Maui couple's dream home",
          "Flash flood destroys Maui couple's dream home",
          "Flash flood destroys Maui couple's dream home",
          "Flash flood destroys Maui couple's dream home",
          "Flash flood destroys Maui couple's dream home",
          "Flash flood destroys Maui couple's dream home",
          "Flash flood destroys Maui couple's dream home",
          "Flash flood destroys Maui couple's dream home",
          "Flash flood destroys Maui couple's dream home",
          "Flash flood destroys Maui couple's dream home",
          "Flash flood destroys Maui couple's dream home",
          "Flash flood destroys Maui couple's dream home",
          "Flash flood destroys Maui couple's dream home",
          "Flash flood destroys Maui couple's dream home",
          "Flash flood destroys Maui couple's dream home",
          "Flash flood destroys Maui couple's dream home",
          "Flash flood destroys Maui couple's dream home",
          "Flash flood destroys Maui couple's dream home",
          "Flash flood destroys Maui couple's dream home",
          "Flash flood destroys Maui couple's dream home",
          "Flash flood destroys Maui couple's dream home",
          "Flash flood destroys Maui couple's dream home",
          "Flash flood destroys Maui couple's dream home",
          "Flash flood destroys Maui couple's dream home",
          "Flash flood destroys Maui couple's dream home",
          "Flash flood destroys Maui couple's dream home",
          "Flash flood destroys Maui couple's dream home",
          "Flash flood destroys Maui couple's dream home",
          "Flash flood destroys Maui couple's dream home",
          "Flash flood destroys Maui couple's dream home",
          "Flash flood destroys Maui couple's dream home",
          "Flash flood destroys Maui couple's dream home",
          "Flash flood destroys Maui couple's dream home",
          "Flash flood destroys Maui couple's dream home",
          "Flash flood destroys Maui couple's dream home",
          "Flash flood destroys Maui couple's dream home",
          "Flash flood destroys Maui couple's dream home",
          "Flash flood destroys Maui couple's dream home",
          "Flash flood destroys Maui couple's dream home",
          "Flash flood destroys Maui couple's dream home",
          "Flash flood destroys Maui couple's dream home",
          "Flash flood destroys Maui couple's dream home",
          "Flash flood destroys Maui couple's dream home",
          "Flash flood destroys Maui couple's dream home",
          "Flash flood destroys Maui couple's dream home",
          "Flash flood destroys Maui couple's dream home",
          "Flash flood destroys Maui couple's dream home",
          "Flash flood destroys Maui couple's dream home",
          "Flash flood destroys Maui couple's dream home",
          "Flash flood destroys Maui couple's dream home",
          "Flash flood destroys Maui couple's dream home",
          "Flash flood destroys Maui couple's dream home",
          "Flash flood destroys Maui couple's dream home",
          "Flash flood warning extended for Maui; Flood advisory covers Oahu",
          "Flash flood warning posted for Maui as heavy rain intensifies",
          "Storm updates: Flash flood warnings issued for Maui, flood watches for Big Island",
          "Flash flood warning issued for east Maui as storm hits state",
          "Flash flood warning issued for east Maui as storm hits state",
          "Powerful kona storm brings warning level winds and flash flood risks; Flood Watch continues for Maui County",
          "NWS issues flash flood warning for Maui County",
          "NWS extends Flash Flood Warning for Big Island, Maui County, Molokai",
          "Flood Warning issued for flood-prone areas of Maui County",
          "Flood Advisory issued for flood-prone areas of Maui County",
          "Monday Weather Forecast | Flood advisory issued as heavy showers hit Maui County",
          "Monday Weather Forecast | Flood advisory issued as heavy showers hit Maui County",
          "NWS extends Flash Flood Warning for Big Island, Maui County, Molokai",
          "Flood advisory in effect for Molokai, state under flood watch"
        ]
      }
    },
    {
      "type": "Feature",
      "geometry": {
        "type": "Point",
        "coordinates": [
          -156.469,
          20.8949
        ]
      },
      "properties": {
        "source": "NOAA",
        "site_id": "1615680",
        "site_name": "Kahului, Kahului Harbor",
        "lat": "20.8949",
        "lon": "-156.469",
        "stage_ft": 1.676,
        "stage_datetime": "2026-06-29 21:54",
        "tier": "normal",
        "action_stage": 5.66,
        "flood_stage": 6.66,
        "major_stage": 8.66,
        "url": "https://tidesandcurrents.noaa.gov/stationhome.html?id=1615680",
        "city_lat": 20.8029568,
        "city_lon": -156.3106833,
        "fetched_at": "2026-06-29T22:01:32.713254+00:00",
        "flood_event_count": 92,
        "nearest_flood_miles": 12.04,
        "nearest_flood_title": "Powerful kona storm brings warning level winds and flash flood risks; Flood Warning issued for Maui until 2 p.m.",
        "color": "#2d6a4f",
        "nearby_flood_titles": [
          "Powerful kona storm brings warning level winds and flash flood risks; Flood Warning issued for Maui until 2 p.m.",
          "Flash flood destroys Maui couple's dream home",
          "Flash flood destroys Maui couple's dream home",
          "Flash flood destroys Maui couple's dream home",
          "Flash flood destroys Maui couple's dream home",
          "Flash flood destroys Maui couple's dream home",
          "Flash flood destroys Maui couple's dream home",
          "Flash flood destroys Maui couple's dream home",
          "Flash flood destroys Maui couple's dream home",
          "Flash flood destroys Maui couple's dream home",
          "Flash flood destroys Maui couple's dream home",
          "Flash flood destroys Maui couple's dream home",
          "Flash flood destroys Maui couple's dream home",
          "Flash flood destroys Maui couple's dream home",
          "Flash flood destroys Maui couple's dream home",
          "Flash flood destroys Maui couple's dream home",
          "Flash flood destroys Maui couple's dream home",
          "Flash flood destroys Maui couple's dream home",
          "Flash flood destroys Maui couple's dream home",
          "Flash flood destroys Maui couple's dream home",
          "Flash flood destroys Maui couple's dream home",
          "Flash flood destroys Maui couple's dream home",
          "Flash flood destroys Maui couple's dream home",
          "Flash flood destroys Maui couple's dream home",
          "Flash flood destroys Maui couple's dream home",
          "Flash flood destroys Maui couple's dream home",
          "Flash flood destroys Maui couple's dream home",
          "Flash flood destroys Maui couple's dream home",
          "Flash flood destroys Maui couple's dream home",
          "Flash flood destroys Maui couple's dream home",
          "Flash flood destroys Maui couple's dream home",
          "Flash flood destroys Maui couple's dream home",
          "Flash flood destroys Maui couple's dream home",
          "Flash flood destroys Maui couple's dream home",
          "Flash flood destroys Maui couple's dream home",
          "Flash flood destroys Maui couple's dream home",
          "Flash flood destroys Maui couple's dream home",
          "Flash flood destroys Maui couple's dream home",
          "Flash flood destroys Maui couple's dream home",
          "Flash flood destroys Maui couple's dream home",
          "Flash flood destroys Maui couple's dream home",
          "Flash flood destroys Maui couple's dream home",
          "Flash flood destroys Maui couple's dream home",
          "Flash flood destroys Maui couple's dream home",
          "Flash flood destroys Maui couple's dream home",
          "Flash flood destroys Maui couple's dream home",
          "Flash flood destroys Maui couple's dream home",
          "Flash flood destroys Maui couple's dream home",
          "Flash flood destroys Maui couple's dream home",
          "Flash flood destroys Maui couple's dream home",
          "Flash flood destroys Maui couple's dream home",
          "Flash flood destroys Maui couple's dream home",
          "Flash flood destroys Maui couple's dream home",
          "Flash flood destroys Maui couple's dream home",
          "Flash flood destroys Maui couple's dream home",
          "Flash flood destroys Maui couple's dream home",
          "Flash flood destroys Maui couple's dream home",
          "Flash flood destroys Maui couple's dream home",
          "Flash flood destroys Maui couple's dream home",
          "Flash flood destroys Maui couple's dream home",
          "Flash flood destroys Maui couple's dream home",
          "Flash flood destroys Maui couple's dream home",
          "Flash flood destroys Maui couple's dream home",
          "Flash flood destroys Maui couple's dream home",
          "Flash flood destroys Maui couple's dream home",
          "Flash flood destroys Maui couple's dream home",
          "Flash flood destroys Maui couple's dream home",
          "Flash flood destroys Maui couple's dream home",
          "Flash flood destroys Maui couple's dream home",
          "Flash flood destroys Maui couple's dream home",
          "Flash flood destroys Maui couple's dream home",
          "Flash flood destroys Maui couple's dream home",
          "Flash flood destroys Maui couple's dream home",
          "Flash flood destroys Maui couple's dream home",
          "Flash flood destroys Maui couple's dream home",
          "Flash flood destroys Maui couple's dream home",
          "Flash flood destroys Maui couple's dream home",
          "Flash flood destroys Maui couple's dream home",
          "Flash flood warning extended for Maui; Flood advisory covers Oahu",
          "Flash flood warning posted for Maui as heavy rain intensifies",
          "Storm updates: Flash flood warnings issued for Maui, flood watches for Big Island",
          "Flash flood warning issued for east Maui as storm hits state",
          "Flash flood warning issued for east Maui as storm hits state",
          "Powerful kona storm brings warning level winds and flash flood risks; Flood Watch continues for Maui County",
          "NWS issues flash flood warning for Maui County",
          "NWS extends Flash Flood Warning for Big Island, Maui County, Molokai",
          "Flood Warning issued for flood-prone areas of Maui County",
          "Flood Advisory issued for flood-prone areas of Maui County",
          "Monday Weather Forecast | Flood advisory issued as heavy showers hit Maui County",
          "Monday Weather Forecast | Flood advisory issued as heavy showers hit Maui County",
          "NWS extends Flash Flood Warning for Big Island, Maui County, Molokai",
          "Flood advisory in effect for Molokai, state under flood watch"
        ]
      }
    },
    {
      "type": "Feature",
      "geometry": {
        "type": "Point",
        "coordinates": [
          -156.469,
          20.8949
        ]
      },
      "properties": {
        "source": "NOAA",
        "site_id": "1615680",
        "site_name": "Kahului, Kahului Harbor",
        "lat": "20.8949",
        "lon": "-156.469",
        "stage_ft": 1.676,
        "stage_datetime": "2026-06-29 21:54",
        "tier": "normal",
        "action_stage": 5.66,
        "flood_stage": 6.66,
        "major_stage": 8.66,
        "url": "https://tidesandcurrents.noaa.gov/stationhome.html?id=1615680",
        "city_lat": 20.8029568,
        "city_lon": -156.3106833,
        "fetched_at": "2026-06-29T22:01:32.713254+00:00",
        "flood_event_count": 92,
        "nearest_flood_miles": 12.04,
        "nearest_flood_title": "Powerful kona storm brings warning level winds and flash flood risks; Flood Warning issued for Maui until 2 p.m.",
        "color": "#2d6a4f",
        "nearby_flood_titles": [
          "Powerful kona storm brings warning level winds and flash flood risks; Flood Warning issued for Maui until 2 p.m.",
          "Flash flood destroys Maui couple's dream home",
          "Flash flood destroys Maui couple's dream home",
          "Flash flood destroys Maui couple's dream home",
          "Flash flood destroys Maui couple's dream home",
          "Flash flood destroys Maui couple's dream home",
          "Flash flood destroys Maui couple's dream home",
          "Flash flood destroys Maui couple's dream home",
          "Flash flood destroys Maui couple's dream home",
          "Flash flood destroys Maui couple's dream home",
          "Flash flood destroys Maui couple's dream home",
          "Flash flood destroys Maui couple's dream home",
          "Flash flood destroys Maui couple's dream home",
          "Flash flood destroys Maui couple's dream home",
          "Flash flood destroys Maui couple's dream home",
          "Flash flood destroys Maui couple's dream home",
          "Flash flood destroys Maui couple's dream home",
          "Flash flood destroys Maui couple's dream home",
          "Flash flood destroys Maui couple's dream home",
          "Flash flood destroys Maui couple's dream home",
          "Flash flood destroys Maui couple's dream home",
          "Flash flood destroys Maui couple's dream home",
          "Flash flood destroys Maui couple's dream home",
          "Flash flood destroys Maui couple's dream home",
          "Flash flood destroys Maui couple's dream home",
          "Flash flood destroys Maui couple's dream home",
          "Flash flood destroys Maui couple's dream home",
          "Flash flood destroys Maui couple's dream home",
          "Flash flood destroys Maui couple's dream home",
          "Flash flood destroys Maui couple's dream home",
          "Flash flood destroys Maui couple's dream home",
          "Flash flood destroys Maui couple's dream home",
          "Flash flood destroys Maui couple's dream home",
          "Flash flood destroys Maui couple's dream home",
          "Flash flood destroys Maui couple's dream home",
          "Flash flood destroys Maui couple's dream home",
          "Flash flood destroys Maui couple's dream home",
          "Flash flood destroys Maui couple's dream home",
          "Flash flood destroys Maui couple's dream home",
          "Flash flood destroys Maui couple's dream home",
          "Flash flood destroys Maui couple's dream home",
          "Flash flood destroys Maui couple's dream home",
          "Flash flood destroys Maui couple's dream home",
          "Flash flood destroys Maui couple's dream home",
          "Flash flood destroys Maui couple's dream home",
          "Flash flood destroys Maui couple's dream home",
          "Flash flood destroys Maui couple's dream home",
          "Flash flood destroys Maui couple's dream home",
          "Flash flood destroys Maui couple's dream home",
          "Flash flood destroys Maui couple's dream home",
          "Flash flood destroys Maui couple's dream home",
          "Flash flood destroys Maui couple's dream home",
          "Flash flood destroys Maui couple's dream home",
          "Flash flood destroys Maui couple's dream home",
          "Flash flood destroys Maui couple's dream home",
          "Flash flood destroys Maui couple's dream home",
          "Flash flood destroys Maui couple's dream home",
          "Flash flood destroys Maui couple's dream home",
          "Flash flood destroys Maui couple's dream home",
          "Flash flood destroys Maui couple's dream home",
          "Flash flood destroys Maui couple's dream home",
          "Flash flood destroys Maui couple's dream home",
          "Flash flood destroys Maui couple's dream home",
          "Flash flood destroys Maui couple's dream home",
          "Flash flood destroys Maui couple's dream home",
          "Flash flood destroys Maui couple's dream home",
          "Flash flood destroys Maui couple's dream home",
          "Flash flood destroys Maui couple's dream home",
          "Flash flood destroys Maui couple's dream home",
          "Flash flood destroys Maui couple's dream home",
          "Flash flood destroys Maui couple's dream home",
          "Flash flood destroys Maui couple's dream home",
          "Flash flood destroys Maui couple's dream home",
          "Flash flood destroys Maui couple's dream home",
          "Flash flood destroys Maui couple's dream home",
          "Flash flood destroys Maui couple's dream home",
          "Flash flood destroys Maui couple's dream home",
          "Flash flood destroys Maui couple's dream home",
          "Flash flood warning extended for Maui; Flood advisory covers Oahu",
          "Flash flood warning posted for Maui as heavy rain intensifies",
          "Storm updates: Flash flood warnings issued for Maui, flood watches for Big Island",
          "Flash flood warning issued for east Maui as storm hits state",
          "Flash flood warning issued for east Maui as storm hits state",
          "Powerful kona storm brings warning level winds and flash flood risks; Flood Watch continues for Maui County",
          "NWS issues flash flood warning for Maui County",
          "NWS extends Flash Flood Warning for Big Island, Maui County, Molokai",
          "Flood Warning issued for flood-prone areas of Maui County",
          "Flood Advisory issued for flood-prone areas of Maui County",
          "Monday Weather Forecast | Flood advisory issued as heavy showers hit Maui County",
          "Monday Weather Forecast | Flood advisory issued as heavy showers hit Maui County",
          "NWS extends Flash Flood Warning for Big Island, Maui County, Molokai",
          "Flood advisory in effect for Molokai, state under flood watch"
        ]
      }
    },
    {
      "type": "Feature",
      "geometry": {
        "type": "Point",
        "coordinates": [
          -156.469,
          20.8949
        ]
      },
      "properties": {
        "source": "NOAA",
        "site_id": "1615680",
        "site_name": "Kahului, Kahului Harbor",
        "lat": "20.8949",
        "lon": "-156.469",
        "stage_ft": 1.676,
        "stage_datetime": "2026-06-29 21:54",
        "tier": "normal",
        "action_stage": 5.66,
        "flood_stage": 6.66,
        "major_stage": 8.66,
        "url": "https://tidesandcurrents.noaa.gov/stationhome.html?id=1615680",
        "city_lat": 20.8029568,
        "city_lon": -156.3106833,
        "fetched_at": "2026-06-29T22:01:32.713254+00:00",
        "flood_event_count": 92,
        "nearest_flood_miles": 12.04,
        "nearest_flood_title": "Powerful kona storm brings warning level winds and flash flood risks; Flood Warning issued for Maui until 2 p.m.",
        "color": "#2d6a4f",
        "nearby_flood_titles": [
          "Powerful kona storm brings warning level winds and flash flood risks; Flood Warning issued for Maui until 2 p.m.",
          "Flash flood destroys Maui couple's dream home",
          "Flash flood destroys Maui couple's dream home",
          "Flash flood destroys Maui couple's dream home",
          "Flash flood destroys Maui couple's dream home",
          "Flash flood destroys Maui couple's dream home",
          "Flash flood destroys Maui couple's dream home",
          "Flash flood destroys Maui couple's dream home",
          "Flash flood destroys Maui couple's dream home",
          "Flash flood destroys Maui couple's dream home",
          "Flash flood destroys Maui couple's dream home",
          "Flash flood destroys Maui couple's dream home",
          "Flash flood destroys Maui couple's dream home",
          "Flash flood destroys Maui couple's dream home",
          "Flash flood destroys Maui couple's dream home",
          "Flash flood destroys Maui couple's dream home",
          "Flash flood destroys Maui couple's dream home",
          "Flash flood destroys Maui couple's dream home",
          "Flash flood destroys Maui couple's dream home",
          "Flash flood destroys Maui couple's dream home",
          "Flash flood destroys Maui couple's dream home",
          "Flash flood destroys Maui couple's dream home",
          "Flash flood destroys Maui couple's dream home",
          "Flash flood destroys Maui couple's dream home",
          "Flash flood destroys Maui couple's dream home",
          "Flash flood destroys Maui couple's dream home",
          "Flash flood destroys Maui couple's dream home",
          "Flash flood destroys Maui couple's dream home",
          "Flash flood destroys Maui couple's dream home",
          "Flash flood destroys Maui couple's dream home",
          "Flash flood destroys Maui couple's dream home",
          "Flash flood destroys Maui couple's dream home",
          "Flash flood destroys Maui couple's dream home",
          "Flash flood destroys Maui couple's dream home",
          "Flash flood destroys Maui couple's dream home",
          "Flash flood destroys Maui couple's dream home",
          "Flash flood destroys Maui couple's dream home",
          "Flash flood destroys Maui couple's dream home",
          "Flash flood destroys Maui couple's dream home",
          "Flash flood destroys Maui couple's dream home",
          "Flash flood destroys Maui couple's dream home",
          "Flash flood destroys Maui couple's dream home",
          "Flash flood destroys Maui couple's dream home",
          "Flash flood destroys Maui couple's dream home",
          "Flash flood destroys Maui couple's dream home",
          "Flash flood destroys Maui couple's dream home",
          "Flash flood destroys Maui couple's dream home",
          "Flash flood destroys Maui couple's dream home",
          "Flash flood destroys Maui couple's dream home",
          "Flash flood destroys Maui couple's dream home",
          "Flash flood destroys Maui couple's dream home",
          "Flash flood destroys Maui couple's dream home",
          "Flash flood destroys Maui couple's dream home",
          "Flash flood destroys Maui couple's dream home",
          "Flash flood destroys Maui couple's dream home",
          "Flash flood destroys Maui couple's dream home",
          "Flash flood destroys Maui couple's dream home",
          "Flash flood destroys Maui couple's dream home",
          "Flash flood destroys Maui couple's dream home",
          "Flash flood destroys Maui couple's dream home",
          "Flash flood destroys Maui couple's dream home",
          "Flash flood destroys Maui couple's dream home",
          "Flash flood destroys Maui couple's dream home",
          "Flash flood destroys Maui couple's dream home",
          "Flash flood destroys Maui couple's dream home",
          "Flash flood destroys Maui couple's dream home",
          "Flash flood destroys Maui couple's dream home",
          "Flash flood destroys Maui couple's dream home",
          "Flash flood destroys Maui couple's dream home",
          "Flash flood destroys Maui couple's dream home",
          "Flash flood destroys Maui couple's dream home",
          "Flash flood destroys Maui couple's dream home",
          "Flash flood destroys Maui couple's dream home",
          "Flash flood destroys Maui couple's dream home",
          "Flash flood destroys Maui couple's dream home",
          "Flash flood destroys Maui couple's dream home",
          "Flash flood destroys Maui couple's dream home",
          "Flash flood destroys Maui couple's dream home",
          "Flash flood warning extended for Maui; Flood advisory covers Oahu",
          "Flash flood warning posted for Maui as heavy rain intensifies",
          "Storm updates: Flash flood warnings issued for Maui, flood watches for Big Island",
          "Flash flood warning issued for east Maui as storm hits state",
          "Flash flood warning issued for east Maui as storm hits state",
          "Powerful kona storm brings warning level winds and flash flood risks; Flood Watch continues for Maui County",
          "NWS issues flash flood warning for Maui County",
          "NWS extends Flash Flood Warning for Big Island, Maui County, Molokai",
          "Flood Warning issued for flood-prone areas of Maui County",
          "Flood Advisory issued for flood-prone areas of Maui County",
          "Monday Weather Forecast | Flood advisory issued as heavy showers hit Maui County",
          "Monday Weather Forecast | Flood advisory issued as heavy showers hit Maui County",
          "NWS extends Flash Flood Warning for Big Island, Maui County, Molokai",
          "Flood advisory in effect for Molokai, state under flood watch"
        ]
      }
    },
    {
      "type": "Feature",
      "geometry": {
        "type": "Point",
        "coordinates": [
          -156.469,
          20.8949
        ]
      },
      "properties": {
        "source": "NOAA",
        "site_id": "1615680",
        "site_name": "Kahului, Kahului Harbor",
        "lat": "20.8949",
        "lon": "-156.469",
        "stage_ft": 1.676,
        "stage_datetime": "2026-06-29 21:54",
        "tier": "normal",
        "action_stage": 5.66,
        "flood_stage": 6.66,
        "major_stage": 8.66,
        "url": "https://tidesandcurrents.noaa.gov/stationhome.html?id=1615680",
        "city_lat": 20.8029568,
        "city_lon": -156.3106833,
        "fetched_at": "2026-06-29T22:01:32.713254+00:00",
        "flood_event_count": 92,
        "nearest_flood_miles": 12.04,
        "nearest_flood_title": "Powerful kona storm brings warning level winds and flash flood risks; Flood Warning issued for Maui until 2 p.m.",
        "color": "#2d6a4f",
        "nearby_flood_titles": [
          "Powerful kona storm brings warning level winds and flash flood risks; Flood Warning issued for Maui until 2 p.m.",
          "Flash flood destroys Maui couple's dream home",
          "Flash flood destroys Maui couple's dream home",
          "Flash flood destroys Maui couple's dream home",
          "Flash flood destroys Maui couple's dream home",
          "Flash flood destroys Maui couple's dream home",
          "Flash flood destroys Maui couple's dream home",
          "Flash flood destroys Maui couple's dream home",
          "Flash flood destroys Maui couple's dream home",
          "Flash flood destroys Maui couple's dream home",
          "Flash flood destroys Maui couple's dream home",
          "Flash flood destroys Maui couple's dream home",
          "Flash flood destroys Maui couple's dream home",
          "Flash flood destroys Maui couple's dream home",
          "Flash flood destroys Maui couple's dream home",
          "Flash flood destroys Maui couple's dream home",
          "Flash flood destroys Maui couple's dream home",
          "Flash flood destroys Maui couple's dream home",
          "Flash flood destroys Maui couple's dream home",
          "Flash flood destroys Maui couple's dream home",
          "Flash flood destroys Maui couple's dream home",
          "Flash flood destroys Maui couple's dream home",
          "Flash flood destroys Maui couple's dream home",
          "Flash flood destroys Maui couple's dream home",
          "Flash flood destroys Maui couple's dream home",
          "Flash flood destroys Maui couple's dream home",
          "Flash flood destroys Maui couple's dream home",
          "Flash flood destroys Maui couple's dream home",
          "Flash flood destroys Maui couple's dream home",
          "Flash flood destroys Maui couple's dream home",
          "Flash flood destroys Maui couple's dream home",
          "Flash flood destroys Maui couple's dream home",
          "Flash flood destroys Maui couple's dream home",
          "Flash flood destroys Maui couple's dream home",
          "Flash flood destroys Maui couple's dream home",
          "Flash flood destroys Maui couple's dream home",
          "Flash flood destroys Maui couple's dream home",
          "Flash flood destroys Maui couple's dream home",
          "Flash flood destroys Maui couple's dream home",
          "Flash flood destroys Maui couple's dream home",
          "Flash flood destroys Maui couple's dream home",
          "Flash flood destroys Maui couple's dream home",
          "Flash flood destroys Maui couple's dream home",
          "Flash flood destroys Maui couple's dream home",
          "Flash flood destroys Maui couple's dream home",
          "Flash flood destroys Maui couple's dream home",
          "Flash flood destroys Maui couple's dream home",
          "Flash flood destroys Maui couple's dream home",
          "Flash flood destroys Maui couple's dream home",
          "Flash flood destroys Maui couple's dream home",
          "Flash flood destroys Maui couple's dream home",
          "Flash flood destroys Maui couple's dream home",
          "Flash flood destroys Maui couple's dream home",
          "Flash flood destroys Maui couple's dream home",
          "Flash flood destroys Maui couple's dream home",
          "Flash flood destroys Maui couple's dream home",
          "Flash flood destroys Maui couple's dream home",
          "Flash flood destroys Maui couple's dream home",
          "Flash flood destroys Maui couple's dream home",
          "Flash flood destroys Maui couple's dream home",
          "Flash flood destroys Maui couple's dream home",
          "Flash flood destroys Maui couple's dream home",
          "Flash flood destroys Maui couple's dream home",
          "Flash flood destroys Maui couple's dream home",
          "Flash flood destroys Maui couple's dream home",
          "Flash flood destroys Maui couple's dream home",
          "Flash flood destroys Maui couple's dream home",
          "Flash flood destroys Maui couple's dream home",
          "Flash flood destroys Maui couple's dream home",
          "Flash flood destroys Maui couple's dream home",
          "Flash flood destroys Maui couple's dream home",
          "Flash flood destroys Maui couple's dream home",
          "Flash flood destroys Maui couple's dream home",
          "Flash flood destroys Maui couple's dream home",
          "Flash flood destroys Maui couple's dream home",
          "Flash flood destroys Maui couple's dream home",
          "Flash flood destroys Maui couple's dream home",
          "Flash flood destroys Maui couple's dream home",
          "Flash flood warning extended for Maui; Flood advisory covers Oahu",
          "Flash flood warning posted for Maui as heavy rain intensifies",
          "Storm updates: Flash flood warnings issued for Maui, flood watches for Big Island",
          "Flash flood warning issued for east Maui as storm hits state",
          "Flash flood warning issued for east Maui as storm hits state",
          "Powerful kona storm brings warning level winds and flash flood risks; Flood Watch continues for Maui County",
          "NWS issues flash flood warning for Maui County",
          "NWS extends Flash Flood Warning for Big Island, Maui County, Molokai",
          "Flood Warning issued for flood-prone areas of Maui County",
          "Flood Advisory issued for flood-prone areas of Maui County",
          "Monday Weather Forecast | Flood advisory issued as heavy showers hit Maui County",
          "Monday Weather Forecast | Flood advisory issued as heavy showers hit Maui County",
          "NWS extends Flash Flood Warning for Big Island, Maui County, Molokai",
          "Flood advisory in effect for Molokai, state under flood watch"
        ]
      }
    },
    {
      "type": "Feature",
      "geometry": {
        "type": "Point",
        "coordinates": [
          -156.469,
          20.8949
        ]
      },
      "properties": {
        "source": "NOAA",
        "site_id": "1615680",
        "site_name": "Kahului, Kahului Harbor",
        "lat": "20.8949",
        "lon": "-156.469",
        "stage_ft": 1.676,
        "stage_datetime": "2026-06-29 21:54",
        "tier": "normal",
        "action_stage": 5.66,
        "flood_stage": 6.66,
        "major_stage": 8.66,
        "url": "https://tidesandcurrents.noaa.gov/stationhome.html?id=1615680",
        "city_lat": 20.8029568,
        "city_lon": -156.3106833,
        "fetched_at": "2026-06-29T22:01:32.713254+00:00",
        "flood_event_count": 92,
        "nearest_flood_miles": 12.04,
        "nearest_flood_title": "Powerful kona storm brings warning level winds and flash flood risks; Flood Warning issued for Maui until 2 p.m.",
        "color": "#2d6a4f",
        "nearby_flood_titles": [
          "Powerful kona storm brings warning level winds and flash flood risks; Flood Warning issued for Maui until 2 p.m.",
          "Flash flood destroys Maui couple's dream home",
          "Flash flood destroys Maui couple's dream home",
          "Flash flood destroys Maui couple's dream home",
          "Flash flood destroys Maui couple's dream home",
          "Flash flood destroys Maui couple's dream home",
          "Flash flood destroys Maui couple's dream home",
          "Flash flood destroys Maui couple's dream home",
          "Flash flood destroys Maui couple's dream home",
          "Flash flood destroys Maui couple's dream home",
          "Flash flood destroys Maui couple's dream home",
          "Flash flood destroys Maui couple's dream home",
          "Flash flood destroys Maui couple's dream home",
          "Flash flood destroys Maui couple's dream home",
          "Flash flood destroys Maui couple's dream home",
          "Flash flood destroys Maui couple's dream home",
          "Flash flood destroys Maui couple's dream home",
          "Flash flood destroys Maui couple's dream home",
          "Flash flood destroys Maui couple's dream home",
          "Flash flood destroys Maui couple's dream home",
          "Flash flood destroys Maui couple's dream home",
          "Flash flood destroys Maui couple's dream home",
          "Flash flood destroys Maui couple's dream home",
          "Flash flood destroys Maui couple's dream home",
          "Flash flood destroys Maui couple's dream home",
          "Flash flood destroys Maui couple's dream home",
          "Flash flood destroys Maui couple's dream home",
          "Flash flood destroys Maui couple's dream home",
          "Flash flood destroys Maui couple's dream home",
          "Flash flood destroys Maui couple's dream home",
          "Flash flood destroys Maui couple's dream home",
          "Flash flood destroys Maui couple's dream home",
          "Flash flood destroys Maui couple's dream home",
          "Flash flood destroys Maui couple's dream home",
          "Flash flood destroys Maui couple's dream home",
          "Flash flood destroys Maui couple's dream home",
          "Flash flood destroys Maui couple's dream home",
          "Flash flood destroys Maui couple's dream home",
          "Flash flood destroys Maui couple's dream home",
          "Flash flood destroys Maui couple's dream home",
          "Flash flood destroys Maui couple's dream home",
          "Flash flood destroys Maui couple's dream home",
          "Flash flood destroys Maui couple's dream home",
          "Flash flood destroys Maui couple's dream home",
          "Flash flood destroys Maui couple's dream home",
          "Flash flood destroys Maui couple's dream home",
          "Flash flood destroys Maui couple's dream home",
          "Flash flood destroys Maui couple's dream home",
          "Flash flood destroys Maui couple's dream home",
          "Flash flood destroys Maui couple's dream home",
          "Flash flood destroys Maui couple's dream home",
          "Flash flood destroys Maui couple's dream home",
          "Flash flood destroys Maui couple's dream home",
          "Flash flood destroys Maui couple's dream home",
          "Flash flood destroys Maui couple's dream home",
          "Flash flood destroys Maui couple's dream home",
          "Flash flood destroys Maui couple's dream home",
          "Flash flood destroys Maui couple's dream home",
          "Flash flood destroys Maui couple's dream home",
          "Flash flood destroys Maui couple's dream home",
          "Flash flood destroys Maui couple's dream home",
          "Flash flood destroys Maui couple's dream home",
          "Flash flood destroys Maui couple's dream home",
          "Flash flood destroys Maui couple's dream home",
          "Flash flood destroys Maui couple's dream home",
          "Flash flood destroys Maui couple's dream home",
          "Flash flood destroys Maui couple's dream home",
          "Flash flood destroys Maui couple's dream home",
          "Flash flood destroys Maui couple's dream home",
          "Flash flood destroys Maui couple's dream home",
          "Flash flood destroys Maui couple's dream home",
          "Flash flood destroys Maui couple's dream home",
          "Flash flood destroys Maui couple's dream home",
          "Flash flood destroys Maui couple's dream home",
          "Flash flood destroys Maui couple's dream home",
          "Flash flood destroys Maui couple's dream home",
          "Flash flood destroys Maui couple's dream home",
          "Flash flood destroys Maui couple's dream home",
          "Flash flood warning extended for Maui; Flood advisory covers Oahu",
          "Flash flood warning posted for Maui as heavy rain intensifies",
          "Storm updates: Flash flood warnings issued for Maui, flood watches for Big Island",
          "Flash flood warning issued for east Maui as storm hits state",
          "Flash flood warning issued for east Maui as storm hits state",
          "Powerful kona storm brings warning level winds and flash flood risks; Flood Watch continues for Maui County",
          "NWS issues flash flood warning for Maui County",
          "NWS extends Flash Flood Warning for Big Island, Maui County, Molokai",
          "Flood Warning issued for flood-prone areas of Maui County",
          "Flood Advisory issued for flood-prone areas of Maui County",
          "Monday Weather Forecast | Flood advisory issued as heavy showers hit Maui County",
          "Monday Weather Forecast | Flood advisory issued as heavy showers hit Maui County",
          "NWS extends Flash Flood Warning for Big Island, Maui County, Molokai",
          "Flood advisory in effect for Molokai, state under flood watch"
        ]
      }
    },
    {
      "type": "Feature",
      "geometry": {
        "type": "Point",
        "coordinates": [
          -156.469,
          20.8949
        ]
      },
      "properties": {
        "source": "NOAA",
        "site_id": "1615680",
        "site_name": "Kahului, Kahului Harbor",
        "lat": "20.8949",
        "lon": "-156.469",
        "stage_ft": 1.676,
        "stage_datetime": "2026-06-29 21:54",
        "tier": "normal",
        "action_stage": 5.66,
        "flood_stage": 6.66,
        "major_stage": 8.66,
        "url": "https://tidesandcurrents.noaa.gov/stationhome.html?id=1615680",
        "city_lat": 20.8029568,
        "city_lon": -156.3106833,
        "fetched_at": "2026-06-29T22:01:32.713254+00:00",
        "flood_event_count": 92,
        "nearest_flood_miles": 12.04,
        "nearest_flood_title": "Powerful kona storm brings warning level winds and flash flood risks; Flood Warning issued for Maui until 2 p.m.",
        "color": "#2d6a4f",
        "nearby_flood_titles": [
          "Powerful kona storm brings warning level winds and flash flood risks; Flood Warning issued for Maui until 2 p.m.",
          "Flash flood destroys Maui couple's dream home",
          "Flash flood destroys Maui couple's dream home",
          "Flash flood destroys Maui couple's dream home",
          "Flash flood destroys Maui couple's dream home",
          "Flash flood destroys Maui couple's dream home",
          "Flash flood destroys Maui couple's dream home",
          "Flash flood destroys Maui couple's dream home",
          "Flash flood destroys Maui couple's dream home",
          "Flash flood destroys Maui couple's dream home",
          "Flash flood destroys Maui couple's dream home",
          "Flash flood destroys Maui couple's dream home",
          "Flash flood destroys Maui couple's dream home",
          "Flash flood destroys Maui couple's dream home",
          "Flash flood destroys Maui couple's dream home",
          "Flash flood destroys Maui couple's dream home",
          "Flash flood destroys Maui couple's dream home",
          "Flash flood destroys Maui couple's dream home",
          "Flash flood destroys Maui couple's dream home",
          "Flash flood destroys Maui couple's dream home",
          "Flash flood destroys Maui couple's dream home",
          "Flash flood destroys Maui couple's dream home",
          "Flash flood destroys Maui couple's dream home",
          "Flash flood destroys Maui couple's dream home",
          "Flash flood destroys Maui couple's dream home",
          "Flash flood destroys Maui couple's dream home",
          "Flash flood destroys Maui couple's dream home",
          "Flash flood destroys Maui couple's dream home",
          "Flash flood destroys Maui couple's dream home",
          "Flash flood destroys Maui couple's dream home",
          "Flash flood destroys Maui couple's dream home",
          "Flash flood destroys Maui couple's dream home",
          "Flash flood destroys Maui couple's dream home",
          "Flash flood destroys Maui couple's dream home",
          "Flash flood destroys Maui couple's dream home",
          "Flash flood destroys Maui couple's dream home",
          "Flash flood destroys Maui couple's dream home",
          "Flash flood destroys Maui couple's dream home",
          "Flash flood destroys Maui couple's dream home",
          "Flash flood destroys Maui couple's dream home",
          "Flash flood destroys Maui couple's dream home",
          "Flash flood destroys Maui couple's dream home",
          "Flash flood destroys Maui couple's dream home",
          "Flash flood destroys Maui couple's dream home",
          "Flash flood destroys Maui couple's dream home",
          "Flash flood destroys Maui couple's dream home",
          "Flash flood destroys Maui couple's dream home",
          "Flash flood destroys Maui couple's dream home",
          "Flash flood destroys Maui couple's dream home",
          "Flash flood destroys Maui couple's dream home",
          "Flash flood destroys Maui couple's dream home",
          "Flash flood destroys Maui couple's dream home",
          "Flash flood destroys Maui couple's dream home",
          "Flash flood destroys Maui couple's dream home",
          "Flash flood destroys Maui couple's dream home",
          "Flash flood destroys Maui couple's dream home",
          "Flash flood destroys Maui couple's dream home",
          "Flash flood destroys Maui couple's dream home",
          "Flash flood destroys Maui couple's dream home",
          "Flash flood destroys Maui couple's dream home",
          "Flash flood destroys Maui couple's dream home",
          "Flash flood destroys Maui couple's dream home",
          "Flash flood destroys Maui couple's dream home",
          "Flash flood destroys Maui couple's dream home",
          "Flash flood destroys Maui couple's dream home",
          "Flash flood destroys Maui couple's dream home",
          "Flash flood destroys Maui couple's dream home",
          "Flash flood destroys Maui couple's dream home",
          "Flash flood destroys Maui couple's dream home",
          "Flash flood destroys Maui couple's dream home",
          "Flash flood destroys Maui couple's dream home",
          "Flash flood destroys Maui couple's dream home",
          "Flash flood destroys Maui couple's dream home",
          "Flash flood destroys Maui couple's dream home",
          "Flash flood destroys Maui couple's dream home",
          "Flash flood destroys Maui couple's dream home",
          "Flash flood destroys Maui couple's dream home",
          "Flash flood destroys Maui couple's dream home",
          "Flash flood warning extended for Maui; Flood advisory covers Oahu",
          "Flash flood warning posted for Maui as heavy rain intensifies",
          "Storm updates: Flash flood warnings issued for Maui, flood watches for Big Island",
          "Flash flood warning issued for east Maui as storm hits state",
          "Flash flood warning issued for east Maui as storm hits state",
          "Powerful kona storm brings warning level winds and flash flood risks; Flood Watch continues for Maui County",
          "NWS issues flash flood warning for Maui County",
          "NWS extends Flash Flood Warning for Big Island, Maui County, Molokai",
          "Flood Warning issued for flood-prone areas of Maui County",
          "Flood Advisory issued for flood-prone areas of Maui County",
          "Monday Weather Forecast | Flood advisory issued as heavy showers hit Maui County",
          "Monday Weather Forecast | Flood advisory issued as heavy showers hit Maui County",
          "NWS extends Flash Flood Warning for Big Island, Maui County, Molokai",
          "Flood advisory in effect for Molokai, state under flood watch"
        ]
      }
    },
    {
      "type": "Feature",
      "geometry": {
        "type": "Point",
        "coordinates": [
          -156.469,
          20.8949
        ]
      },
      "properties": {
        "source": "NOAA",
        "site_id": "1615680",
        "site_name": "Kahului, Kahului Harbor",
        "lat": "20.8949",
        "lon": "-156.469",
        "stage_ft": 1.676,
        "stage_datetime": "2026-06-29 21:54",
        "tier": "normal",
        "action_stage": 5.66,
        "flood_stage": 6.66,
        "major_stage": 8.66,
        "url": "https://tidesandcurrents.noaa.gov/stationhome.html?id=1615680",
        "city_lat": 20.8029568,
        "city_lon": -156.3106833,
        "fetched_at": "2026-06-29T22:01:32.713254+00:00",
        "flood_event_count": 92,
        "nearest_flood_miles": 12.04,
        "nearest_flood_title": "Powerful kona storm brings warning level winds and flash flood risks; Flood Warning issued for Maui until 2 p.m.",
        "color": "#2d6a4f",
        "nearby_flood_titles": [
          "Powerful kona storm brings warning level winds and flash flood risks; Flood Warning issued for Maui until 2 p.m.",
          "Flash flood destroys Maui couple's dream home",
          "Flash flood destroys Maui couple's dream home",
          "Flash flood destroys Maui couple's dream home",
          "Flash flood destroys Maui couple's dream home",
          "Flash flood destroys Maui couple's dream home",
          "Flash flood destroys Maui couple's dream home",
          "Flash flood destroys Maui couple's dream home",
          "Flash flood destroys Maui couple's dream home",
          "Flash flood destroys Maui couple's dream home",
          "Flash flood destroys Maui couple's dream home",
          "Flash flood destroys Maui couple's dream home",
          "Flash flood destroys Maui couple's dream home",
          "Flash flood destroys Maui couple's dream home",
          "Flash flood destroys Maui couple's dream home",
          "Flash flood destroys Maui couple's dream home",
          "Flash flood destroys Maui couple's dream home",
          "Flash flood destroys Maui couple's dream home",
          "Flash flood destroys Maui couple's dream home",
          "Flash flood destroys Maui couple's dream home",
          "Flash flood destroys Maui couple's dream home",
          "Flash flood destroys Maui couple's dream home",
          "Flash flood destroys Maui couple's dream home",
          "Flash flood destroys Maui couple's dream home",
          "Flash flood destroys Maui couple's dream home",
          "Flash flood destroys Maui couple's dream home",
          "Flash flood destroys Maui couple's dream home",
          "Flash flood destroys Maui couple's dream home",
          "Flash flood destroys Maui couple's dream home",
          "Flash flood destroys Maui couple's dream home",
          "Flash flood destroys Maui couple's dream home",
          "Flash flood destroys Maui couple's dream home",
          "Flash flood destroys Maui couple's dream home",
          "Flash flood destroys Maui couple's dream home",
          "Flash flood destroys Maui couple's dream home",
          "Flash flood destroys Maui couple's dream home",
          "Flash flood destroys Maui couple's dream home",
          "Flash flood destroys Maui couple's dream home",
          "Flash flood destroys Maui couple's dream home",
          "Flash flood destroys Maui couple's dream home",
          "Flash flood destroys Maui couple's dream home",
          "Flash flood destroys Maui couple's dream home",
          "Flash flood destroys Maui couple's dream home",
          "Flash flood destroys Maui couple's dream home",
          "Flash flood destroys Maui couple's dream home",
          "Flash flood destroys Maui couple's dream home",
          "Flash flood destroys Maui couple's dream home",
          "Flash flood destroys Maui couple's dream home",
          "Flash flood destroys Maui couple's dream home",
          "Flash flood destroys Maui couple's dream home",
          "Flash flood destroys Maui couple's dream home",
          "Flash flood destroys Maui couple's dream home",
          "Flash flood destroys Maui couple's dream home",
          "Flash flood destroys Maui couple's dream home",
          "Flash flood destroys Maui couple's dream home",
          "Flash flood destroys Maui couple's dream home",
          "Flash flood destroys Maui couple's dream home",
          "Flash flood destroys Maui couple's dream home",
          "Flash flood destroys Maui couple's dream home",
          "Flash flood destroys Maui couple's dream home",
          "Flash flood destroys Maui couple's dream home",
          "Flash flood destroys Maui couple's dream home",
          "Flash flood destroys Maui couple's dream home",
          "Flash flood destroys Maui couple's dream home",
          "Flash flood destroys Maui couple's dream home",
          "Flash flood destroys Maui couple's dream home",
          "Flash flood destroys Maui couple's dream home",
          "Flash flood destroys Maui couple's dream home",
          "Flash flood destroys Maui couple's dream home",
          "Flash flood destroys Maui couple's dream home",
          "Flash flood destroys Maui couple's dream home",
          "Flash flood destroys Maui couple's dream home",
          "Flash flood destroys Maui couple's dream home",
          "Flash flood destroys Maui couple's dream home",
          "Flash flood destroys Maui couple's dream home",
          "Flash flood destroys Maui couple's dream home",
          "Flash flood destroys Maui couple's dream home",
          "Flash flood destroys Maui couple's dream home",
          "Flash flood warning extended for Maui; Flood advisory covers Oahu",
          "Flash flood warning posted for Maui as heavy rain intensifies",
          "Storm updates: Flash flood warnings issued for Maui, flood watches for Big Island",
          "Flash flood warning issued for east Maui as storm hits state",
          "Flash flood warning issued for east Maui as storm hits state",
          "Powerful kona storm brings warning level winds and flash flood risks; Flood Watch continues for Maui County",
          "NWS issues flash flood warning for Maui County",
          "NWS extends Flash Flood Warning for Big Island, Maui County, Molokai",
          "Flood Warning issued for flood-prone areas of Maui County",
          "Flood Advisory issued for flood-prone areas of Maui County",
          "Monday Weather Forecast | Flood advisory issued as heavy showers hit Maui County",
          "Monday Weather Forecast | Flood advisory issued as heavy showers hit Maui County",
          "NWS extends Flash Flood Warning for Big Island, Maui County, Molokai",
          "Flood advisory in effect for Molokai, state under flood watch"
        ]
      }
    },
    {
      "type": "Feature",
      "geometry": {
        "type": "Point",
        "coordinates": [
          -156.469,
          20.8949
        ]
      },
      "properties": {
        "source": "NOAA",
        "site_id": "1615680",
        "site_name": "Kahului, Kahului Harbor",
        "lat": "20.8949",
        "lon": "-156.469",
        "stage_ft": 1.676,
        "stage_datetime": "2026-06-29 21:54",
        "tier": "normal",
        "action_stage": 5.66,
        "flood_stage": 6.66,
        "major_stage": 8.66,
        "url": "https://tidesandcurrents.noaa.gov/stationhome.html?id=1615680",
        "city_lat": 20.8029568,
        "city_lon": -156.3106833,
        "fetched_at": "2026-06-29T22:01:32.713254+00:00",
        "flood_event_count": 92,
        "nearest_flood_miles": 12.04,
        "nearest_flood_title": "Powerful kona storm brings warning level winds and flash flood risks; Flood Warning issued for Maui until 2 p.m.",
        "color": "#2d6a4f",
        "nearby_flood_titles": [
          "Powerful kona storm brings warning level winds and flash flood risks; Flood Warning issued for Maui until 2 p.m.",
          "Flash flood destroys Maui couple's dream home",
          "Flash flood destroys Maui couple's dream home",
          "Flash flood destroys Maui couple's dream home",
          "Flash flood destroys Maui couple's dream home",
          "Flash flood destroys Maui couple's dream home",
          "Flash flood destroys Maui couple's dream home",
          "Flash flood destroys Maui couple's dream home",
          "Flash flood destroys Maui couple's dream home",
          "Flash flood destroys Maui couple's dream home",
          "Flash flood destroys Maui couple's dream home",
          "Flash flood destroys Maui couple's dream home",
          "Flash flood destroys Maui couple's dream home",
          "Flash flood destroys Maui couple's dream home",
          "Flash flood destroys Maui couple's dream home",
          "Flash flood destroys Maui couple's dream home",
          "Flash flood destroys Maui couple's dream home",
          "Flash flood destroys Maui couple's dream home",
          "Flash flood destroys Maui couple's dream home",
          "Flash flood destroys Maui couple's dream home",
          "Flash flood destroys Maui couple's dream home",
          "Flash flood destroys Maui couple's dream home",
          "Flash flood destroys Maui couple's dream home",
          "Flash flood destroys Maui couple's dream home",
          "Flash flood destroys Maui couple's dream home",
          "Flash flood destroys Maui couple's dream home",
          "Flash flood destroys Maui couple's dream home",
          "Flash flood destroys Maui couple's dream home",
          "Flash flood destroys Maui couple's dream home",
          "Flash flood destroys Maui couple's dream home",
          "Flash flood destroys Maui couple's dream home",
          "Flash flood destroys Maui couple's dream home",
          "Flash flood destroys Maui couple's dream home",
          "Flash flood destroys Maui couple's dream home",
          "Flash flood destroys Maui couple's dream home",
          "Flash flood destroys Maui couple's dream home",
          "Flash flood destroys Maui couple's dream home",
          "Flash flood destroys Maui couple's dream home",
          "Flash flood destroys Maui couple's dream home",
          "Flash flood destroys Maui couple's dream home",
          "Flash flood destroys Maui couple's dream home",
          "Flash flood destroys Maui couple's dream home",
          "Flash flood destroys Maui couple's dream home",
          "Flash flood destroys Maui couple's dream home",
          "Flash flood destroys Maui couple's dream home",
          "Flash flood destroys Maui couple's dream home",
          "Flash flood destroys Maui couple's dream home",
          "Flash flood destroys Maui couple's dream home",
          "Flash flood destroys Maui couple's dream home",
          "Flash flood destroys Maui couple's dream home",
          "Flash flood destroys Maui couple's dream home",
          "Flash flood destroys Maui couple's dream home",
          "Flash flood destroys Maui couple's dream home",
          "Flash flood destroys Maui couple's dream home",
          "Flash flood destroys Maui couple's dream home",
          "Flash flood destroys Maui couple's dream home",
          "Flash flood destroys Maui couple's dream home",
          "Flash flood destroys Maui couple's dream home",
          "Flash flood destroys Maui couple's dream home",
          "Flash flood destroys Maui couple's dream home",
          "Flash flood destroys Maui couple's dream home",
          "Flash flood destroys Maui couple's dream home",
          "Flash flood destroys Maui couple's dream home",
          "Flash flood destroys Maui couple's dream home",
          "Flash flood destroys Maui couple's dream home",
          "Flash flood destroys Maui couple's dream home",
          "Flash flood destroys Maui couple's dream home",
          "Flash flood destroys Maui couple's dream home",
          "Flash flood destroys Maui couple's dream home",
          "Flash flood destroys Maui couple's dream home",
          "Flash flood destroys Maui couple's dream home",
          "Flash flood destroys Maui couple's dream home",
          "Flash flood destroys Maui couple's dream home",
          "Flash flood destroys Maui couple's dream home",
          "Flash flood destroys Maui couple's dream home",
          "Flash flood destroys Maui couple's dream home",
          "Flash flood destroys Maui couple's dream home",
          "Flash flood destroys Maui couple's dream home",
          "Flash flood warning extended for Maui; Flood advisory covers Oahu",
          "Flash flood warning posted for Maui as heavy rain intensifies",
          "Storm updates: Flash flood warnings issued for Maui, flood watches for Big Island",
          "Flash flood warning issued for east Maui as storm hits state",
          "Flash flood warning issued for east Maui as storm hits state",
          "Powerful kona storm brings warning level winds and flash flood risks; Flood Watch continues for Maui County",
          "NWS issues flash flood warning for Maui County",
          "NWS extends Flash Flood Warning for Big Island, Maui County, Molokai",
          "Flood Warning issued for flood-prone areas of Maui County",
          "Flood Advisory issued for flood-prone areas of Maui County",
          "Monday Weather Forecast | Flood advisory issued as heavy showers hit Maui County",
          "Monday Weather Forecast | Flood advisory issued as heavy showers hit Maui County",
          "NWS extends Flash Flood Warning for Big Island, Maui County, Molokai",
          "Flood advisory in effect for Molokai, state under flood watch"
        ]
      }
    },
    {
      "type": "Feature",
      "geometry": {
        "type": "Point",
        "coordinates": [
          -156.469,
          20.8949
        ]
      },
      "properties": {
        "source": "NOAA",
        "site_id": "1615680",
        "site_name": "Kahului, Kahului Harbor",
        "lat": "20.8949",
        "lon": "-156.469",
        "stage_ft": 1.676,
        "stage_datetime": "2026-06-29 21:54",
        "tier": "normal",
        "action_stage": 5.66,
        "flood_stage": 6.66,
        "major_stage": 8.66,
        "url": "https://tidesandcurrents.noaa.gov/stationhome.html?id=1615680",
        "city_lat": 20.8029568,
        "city_lon": -156.3106833,
        "fetched_at": "2026-06-29T22:01:32.713254+00:00",
        "flood_event_count": 92,
        "nearest_flood_miles": 12.04,
        "nearest_flood_title": "Powerful kona storm brings warning level winds and flash flood risks; Flood Warning issued for Maui until 2 p.m.",
        "color": "#2d6a4f",
        "nearby_flood_titles": [
          "Powerful kona storm brings warning level winds and flash flood risks; Flood Warning issued for Maui until 2 p.m.",
          "Flash flood destroys Maui couple's dream home",
          "Flash flood destroys Maui couple's dream home",
          "Flash flood destroys Maui couple's dream home",
          "Flash flood destroys Maui couple's dream home",
          "Flash flood destroys Maui couple's dream home",
          "Flash flood destroys Maui couple's dream home",
          "Flash flood destroys Maui couple's dream home",
          "Flash flood destroys Maui couple's dream home",
          "Flash flood destroys Maui couple's dream home",
          "Flash flood destroys Maui couple's dream home",
          "Flash flood destroys Maui couple's dream home",
          "Flash flood destroys Maui couple's dream home",
          "Flash flood destroys Maui couple's dream home",
          "Flash flood destroys Maui couple's dream home",
          "Flash flood destroys Maui couple's dream home",
          "Flash flood destroys Maui couple's dream home",
          "Flash flood destroys Maui couple's dream home",
          "Flash flood destroys Maui couple's dream home",
          "Flash flood destroys Maui couple's dream home",
          "Flash flood destroys Maui couple's dream home",
          "Flash flood destroys Maui couple's dream home",
          "Flash flood destroys Maui couple's dream home",
          "Flash flood destroys Maui couple's dream home",
          "Flash flood destroys Maui couple's dream home",
          "Flash flood destroys Maui couple's dream home",
          "Flash flood destroys Maui couple's dream home",
          "Flash flood destroys Maui couple's dream home",
          "Flash flood destroys Maui couple's dream home",
          "Flash flood destroys Maui couple's dream home",
          "Flash flood destroys Maui couple's dream home",
          "Flash flood destroys Maui couple's dream home",
          "Flash flood destroys Maui couple's dream home",
          "Flash flood destroys Maui couple's dream home",
          "Flash flood destroys Maui couple's dream home",
          "Flash flood destroys Maui couple's dream home",
          "Flash flood destroys Maui couple's dream home",
          "Flash flood destroys Maui couple's dream home",
          "Flash flood destroys Maui couple's dream home",
          "Flash flood destroys Maui couple's dream home",
          "Flash flood destroys Maui couple's dream home",
          "Flash flood destroys Maui couple's dream home",
          "Flash flood destroys Maui couple's dream home",
          "Flash flood destroys Maui couple's dream home",
          "Flash flood destroys Maui couple's dream home",
          "Flash flood destroys Maui couple's dream home",
          "Flash flood destroys Maui couple's dream home",
          "Flash flood destroys Maui couple's dream home",
          "Flash flood destroys Maui couple's dream home",
          "Flash flood destroys Maui couple's dream home",
          "Flash flood destroys Maui couple's dream home",
          "Flash flood destroys Maui couple's dream home",
          "Flash flood destroys Maui couple's dream home",
          "Flash flood destroys Maui couple's dream home",
          "Flash flood destroys Maui couple's dream home",
          "Flash flood destroys Maui couple's dream home",
          "Flash flood destroys Maui couple's dream home",
          "Flash flood destroys Maui couple's dream home",
          "Flash flood destroys Maui couple's dream home",
          "Flash flood destroys Maui couple's dream home",
          "Flash flood destroys Maui couple's dream home",
          "Flash flood destroys Maui couple's dream home",
          "Flash flood destroys Maui couple's dream home",
          "Flash flood destroys Maui couple's dream home",
          "Flash flood destroys Maui couple's dream home",
          "Flash flood destroys Maui couple's dream home",
          "Flash flood destroys Maui couple's dream home",
          "Flash flood destroys Maui couple's dream home",
          "Flash flood destroys Maui couple's dream home",
          "Flash flood destroys Maui couple's dream home",
          "Flash flood destroys Maui couple's dream home",
          "Flash flood destroys Maui couple's dream home",
          "Flash flood destroys Maui couple's dream home",
          "Flash flood destroys Maui couple's dream home",
          "Flash flood destroys Maui couple's dream home",
          "Flash flood destroys Maui couple's dream home",
          "Flash flood destroys Maui couple's dream home",
          "Flash flood destroys Maui couple's dream home",
          "Flash flood warning extended for Maui; Flood advisory covers Oahu",
          "Flash flood warning posted for Maui as heavy rain intensifies",
          "Storm updates: Flash flood warnings issued for Maui, flood watches for Big Island",
          "Flash flood warning issued for east Maui as storm hits state",
          "Flash flood warning issued for east Maui as storm hits state",
          "Powerful kona storm brings warning level winds and flash flood risks; Flood Watch continues for Maui County",
          "NWS issues flash flood warning for Maui County",
          "NWS extends Flash Flood Warning for Big Island, Maui County, Molokai",
          "Flood Warning issued for flood-prone areas of Maui County",
          "Flood Advisory issued for flood-prone areas of Maui County",
          "Monday Weather Forecast | Flood advisory issued as heavy showers hit Maui County",
          "Monday Weather Forecast | Flood advisory issued as heavy showers hit Maui County",
          "NWS extends Flash Flood Warning for Big Island, Maui County, Molokai",
          "Flood advisory in effect for Molokai, state under flood watch"
        ]
      }
    },
    {
      "type": "Feature",
      "geometry": {
        "type": "Point",
        "coordinates": [
          -156.469,
          20.8949
        ]
      },
      "properties": {
        "source": "NOAA",
        "site_id": "1615680",
        "site_name": "Kahului, Kahului Harbor",
        "lat": "20.8949",
        "lon": "-156.469",
        "stage_ft": 1.676,
        "stage_datetime": "2026-06-29 21:54",
        "tier": "normal",
        "action_stage": 5.66,
        "flood_stage": 6.66,
        "major_stage": 8.66,
        "url": "https://tidesandcurrents.noaa.gov/stationhome.html?id=1615680",
        "city_lat": 20.8029568,
        "city_lon": -156.3106833,
        "fetched_at": "2026-06-29T22:01:32.713254+00:00",
        "flood_event_count": 92,
        "nearest_flood_miles": 12.04,
        "nearest_flood_title": "Powerful kona storm brings warning level winds and flash flood risks; Flood Warning issued for Maui until 2 p.m.",
        "color": "#2d6a4f",
        "nearby_flood_titles": [
          "Powerful kona storm brings warning level winds and flash flood risks; Flood Warning issued for Maui until 2 p.m.",
          "Flash flood destroys Maui couple's dream home",
          "Flash flood destroys Maui couple's dream home",
          "Flash flood destroys Maui couple's dream home",
          "Flash flood destroys Maui couple's dream home",
          "Flash flood destroys Maui couple's dream home",
          "Flash flood destroys Maui couple's dream home",
          "Flash flood destroys Maui couple's dream home",
          "Flash flood destroys Maui couple's dream home",
          "Flash flood destroys Maui couple's dream home",
          "Flash flood destroys Maui couple's dream home",
          "Flash flood destroys Maui couple's dream home",
          "Flash flood destroys Maui couple's dream home",
          "Flash flood destroys Maui couple's dream home",
          "Flash flood destroys Maui couple's dream home",
          "Flash flood destroys Maui couple's dream home",
          "Flash flood destroys Maui couple's dream home",
          "Flash flood destroys Maui couple's dream home",
          "Flash flood destroys Maui couple's dream home",
          "Flash flood destroys Maui couple's dream home",
          "Flash flood destroys Maui couple's dream home",
          "Flash flood destroys Maui couple's dream home",
          "Flash flood destroys Maui couple's dream home",
          "Flash flood destroys Maui couple's dream home",
          "Flash flood destroys Maui couple's dream home",
          "Flash flood destroys Maui couple's dream home",
          "Flash flood destroys Maui couple's dream home",
          "Flash flood destroys Maui couple's dream home",
          "Flash flood destroys Maui couple's dream home",
          "Flash flood destroys Maui couple's dream home",
          "Flash flood destroys Maui couple's dream home",
          "Flash flood destroys Maui couple's dream home",
          "Flash flood destroys Maui couple's dream home",
          "Flash flood destroys Maui couple's dream home",
          "Flash flood destroys Maui couple's dream home",
          "Flash flood destroys Maui couple's dream home",
          "Flash flood destroys Maui couple's dream home",
          "Flash flood destroys Maui couple's dream home",
          "Flash flood destroys Maui couple's dream home",
          "Flash flood destroys Maui couple's dream home",
          "Flash flood destroys Maui couple's dream home",
          "Flash flood destroys Maui couple's dream home",
          "Flash flood destroys Maui couple's dream home",
          "Flash flood destroys Maui couple's dream home",
          "Flash flood destroys Maui couple's dream home",
          "Flash flood destroys Maui couple's dream home",
          "Flash flood destroys Maui couple's dream home",
          "Flash flood destroys Maui couple's dream home",
          "Flash flood destroys Maui couple's dream home",
          "Flash flood destroys Maui couple's dream home",
          "Flash flood destroys Maui couple's dream home",
          "Flash flood destroys Maui couple's dream home",
          "Flash flood destroys Maui couple's dream home",
          "Flash flood destroys Maui couple's dream home",
          "Flash flood destroys Maui couple's dream home",
          "Flash flood destroys Maui couple's dream home",
          "Flash flood destroys Maui couple's dream home",
          "Flash flood destroys Maui couple's dream home",
          "Flash flood destroys Maui couple's dream home",
          "Flash flood destroys Maui couple's dream home",
          "Flash flood destroys Maui couple's dream home",
          "Flash flood destroys Maui couple's dream home",
          "Flash flood destroys Maui couple's dream home",
          "Flash flood destroys Maui couple's dream home",
          "Flash flood destroys Maui couple's dream home",
          "Flash flood destroys Maui couple's dream home",
          "Flash flood destroys Maui couple's dream home",
          "Flash flood destroys Maui couple's dream home",
          "Flash flood destroys Maui couple's dream home",
          "Flash flood destroys Maui couple's dream home",
          "Flash flood destroys Maui couple's dream home",
          "Flash flood destroys Maui couple's dream home",
          "Flash flood destroys Maui couple's dream home",
          "Flash flood destroys Maui couple's dream home",
          "Flash flood destroys Maui couple's dream home",
          "Flash flood destroys Maui couple's dream home",
          "Flash flood destroys Maui couple's dream home",
          "Flash flood destroys Maui couple's dream home",
          "Flash flood warning extended for Maui; Flood advisory covers Oahu",
          "Flash flood warning posted for Maui as heavy rain intensifies",
          "Storm updates: Flash flood warnings issued for Maui, flood watches for Big Island",
          "Flash flood warning issued for east Maui as storm hits state",
          "Flash flood warning issued for east Maui as storm hits state",
          "Powerful kona storm brings warning level winds and flash flood risks; Flood Watch continues for Maui County",
          "NWS issues flash flood warning for Maui County",
          "NWS extends Flash Flood Warning for Big Island, Maui County, Molokai",
          "Flood Warning issued for flood-prone areas of Maui County",
          "Flood Advisory issued for flood-prone areas of Maui County",
          "Monday Weather Forecast | Flood advisory issued as heavy showers hit Maui County",
          "Monday Weather Forecast | Flood advisory issued as heavy showers hit Maui County",
          "NWS extends Flash Flood Warning for Big Island, Maui County, Molokai",
          "Flood advisory in effect for Molokai, state under flood watch"
        ]
      }
    },
    {
      "type": "Feature",
      "geometry": {
        "type": "Point",
        "coordinates": [
          -156.469,
          20.8949
        ]
      },
      "properties": {
        "source": "NOAA",
        "site_id": "1615680",
        "site_name": "Kahului, Kahului Harbor",
        "lat": "20.8949",
        "lon": "-156.469",
        "stage_ft": 1.676,
        "stage_datetime": "2026-06-29 21:54",
        "tier": "normal",
        "action_stage": 5.66,
        "flood_stage": 6.66,
        "major_stage": 8.66,
        "url": "https://tidesandcurrents.noaa.gov/stationhome.html?id=1615680",
        "city_lat": 20.8029568,
        "city_lon": -156.3106833,
        "fetched_at": "2026-06-29T22:01:32.713254+00:00",
        "flood_event_count": 92,
        "nearest_flood_miles": 12.04,
        "nearest_flood_title": "Powerful kona storm brings warning level winds and flash flood risks; Flood Warning issued for Maui until 2 p.m.",
        "color": "#2d6a4f",
        "nearby_flood_titles": [
          "Powerful kona storm brings warning level winds and flash flood risks; Flood Warning issued for Maui until 2 p.m.",
          "Flash flood destroys Maui couple's dream home",
          "Flash flood destroys Maui couple's dream home",
          "Flash flood destroys Maui couple's dream home",
          "Flash flood destroys Maui couple's dream home",
          "Flash flood destroys Maui couple's dream home",
          "Flash flood destroys Maui couple's dream home",
          "Flash flood destroys Maui couple's dream home",
          "Flash flood destroys Maui couple's dream home",
          "Flash flood destroys Maui couple's dream home",
          "Flash flood destroys Maui couple's dream home",
          "Flash flood destroys Maui couple's dream home",
          "Flash flood destroys Maui couple's dream home",
          "Flash flood destroys Maui couple's dream home",
          "Flash flood destroys Maui couple's dream home",
          "Flash flood destroys Maui couple's dream home",
          "Flash flood destroys Maui couple's dream home",
          "Flash flood destroys Maui couple's dream home",
          "Flash flood destroys Maui couple's dream home",
          "Flash flood destroys Maui couple's dream home",
          "Flash flood destroys Maui couple's dream home",
          "Flash flood destroys Maui couple's dream home",
          "Flash flood destroys Maui couple's dream home",
          "Flash flood destroys Maui couple's dream home",
          "Flash flood destroys Maui couple's dream home",
          "Flash flood destroys Maui couple's dream home",
          "Flash flood destroys Maui couple's dream home",
          "Flash flood destroys Maui couple's dream home",
          "Flash flood destroys Maui couple's dream home",
          "Flash flood destroys Maui couple's dream home",
          "Flash flood destroys Maui couple's dream home",
          "Flash flood destroys Maui couple's dream home",
          "Flash flood destroys Maui couple's dream home",
          "Flash flood destroys Maui couple's dream home",
          "Flash flood destroys Maui couple's dream home",
          "Flash flood destroys Maui couple's dream home",
          "Flash flood destroys Maui couple's dream home",
          "Flash flood destroys Maui couple's dream home",
          "Flash flood destroys Maui couple's dream home",
          "Flash flood destroys Maui couple's dream home",
          "Flash flood destroys Maui couple's dream home",
          "Flash flood destroys Maui couple's dream home",
          "Flash flood destroys Maui couple's dream home",
          "Flash flood destroys Maui couple's dream home",
          "Flash flood destroys Maui couple's dream home",
          "Flash flood destroys Maui couple's dream home",
          "Flash flood destroys Maui couple's dream home",
          "Flash flood destroys Maui couple's dream home",
          "Flash flood destroys Maui couple's dream home",
          "Flash flood destroys Maui couple's dream home",
          "Flash flood destroys Maui couple's dream home",
          "Flash flood destroys Maui couple's dream home",
          "Flash flood destroys Maui couple's dream home",
          "Flash flood destroys Maui couple's dream home",
          "Flash flood destroys Maui couple's dream home",
          "Flash flood destroys Maui couple's dream home",
          "Flash flood destroys Maui couple's dream home",
          "Flash flood destroys Maui couple's dream home",
          "Flash flood destroys Maui couple's dream home",
          "Flash flood destroys Maui couple's dream home",
          "Flash flood destroys Maui couple's dream home",
          "Flash flood destroys Maui couple's dream home",
          "Flash flood destroys Maui couple's dream home",
          "Flash flood destroys Maui couple's dream home",
          "Flash flood destroys Maui couple's dream home",
          "Flash flood destroys Maui couple's dream home",
          "Flash flood destroys Maui couple's dream home",
          "Flash flood destroys Maui couple's dream home",
          "Flash flood destroys Maui couple's dream home",
          "Flash flood destroys Maui couple's dream home",
          "Flash flood destroys Maui couple's dream home",
          "Flash flood destroys Maui couple's dream home",
          "Flash flood destroys Maui couple's dream home",
          "Flash flood destroys Maui couple's dream home",
          "Flash flood destroys Maui couple's dream home",
          "Flash flood destroys Maui couple's dream home",
          "Flash flood destroys Maui couple's dream home",
          "Flash flood destroys Maui couple's dream home",
          "Flash flood warning extended for Maui; Flood advisory covers Oahu",
          "Flash flood warning posted for Maui as heavy rain intensifies",
          "Storm updates: Flash flood warnings issued for Maui, flood watches for Big Island",
          "Flash flood warning issued for east Maui as storm hits state",
          "Flash flood warning issued for east Maui as storm hits state",
          "Powerful kona storm brings warning level winds and flash flood risks; Flood Watch continues for Maui County",
          "NWS issues flash flood warning for Maui County",
          "NWS extends Flash Flood Warning for Big Island, Maui County, Molokai",
          "Flood Warning issued for flood-prone areas of Maui County",
          "Flood Advisory issued for flood-prone areas of Maui County",
          "Monday Weather Forecast | Flood advisory issued as heavy showers hit Maui County",
          "Monday Weather Forecast | Flood advisory issued as heavy showers hit Maui County",
          "NWS extends Flash Flood Warning for Big Island, Maui County, Molokai",
          "Flood advisory in effect for Molokai, state under flood watch"
        ]
      }
    },
    {
      "type": "Feature",
      "geometry": {
        "type": "Point",
        "coordinates": [
          -156.469,
          20.8949
        ]
      },
      "properties": {
        "source": "NOAA",
        "site_id": "1615680",
        "site_name": "Kahului, Kahului Harbor",
        "lat": "20.8949",
        "lon": "-156.469",
        "stage_ft": 1.676,
        "stage_datetime": "2026-06-29 21:54",
        "tier": "normal",
        "action_stage": 5.66,
        "flood_stage": 6.66,
        "major_stage": 8.66,
        "url": "https://tidesandcurrents.noaa.gov/stationhome.html?id=1615680",
        "city_lat": 20.8029568,
        "city_lon": -156.3106833,
        "fetched_at": "2026-06-29T22:01:32.713254+00:00",
        "flood_event_count": 92,
        "nearest_flood_miles": 12.04,
        "nearest_flood_title": "Powerful kona storm brings warning level winds and flash flood risks; Flood Warning issued for Maui until 2 p.m.",
        "color": "#2d6a4f",
        "nearby_flood_titles": [
          "Powerful kona storm brings warning level winds and flash flood risks; Flood Warning issued for Maui until 2 p.m.",
          "Flash flood destroys Maui couple's dream home",
          "Flash flood destroys Maui couple's dream home",
          "Flash flood destroys Maui couple's dream home",
          "Flash flood destroys Maui couple's dream home",
          "Flash flood destroys Maui couple's dream home",
          "Flash flood destroys Maui couple's dream home",
          "Flash flood destroys Maui couple's dream home",
          "Flash flood destroys Maui couple's dream home",
          "Flash flood destroys Maui couple's dream home",
          "Flash flood destroys Maui couple's dream home",
          "Flash flood destroys Maui couple's dream home",
          "Flash flood destroys Maui couple's dream home",
          "Flash flood destroys Maui couple's dream home",
          "Flash flood destroys Maui couple's dream home",
          "Flash flood destroys Maui couple's dream home",
          "Flash flood destroys Maui couple's dream home",
          "Flash flood destroys Maui couple's dream home",
          "Flash flood destroys Maui couple's dream home",
          "Flash flood destroys Maui couple's dream home",
          "Flash flood destroys Maui couple's dream home",
          "Flash flood destroys Maui couple's dream home",
          "Flash flood destroys Maui couple's dream home",
          "Flash flood destroys Maui couple's dream home",
          "Flash flood destroys Maui couple's dream home",
          "Flash flood destroys Maui couple's dream home",
          "Flash flood destroys Maui couple's dream home",
          "Flash flood destroys Maui couple's dream home",
          "Flash flood destroys Maui couple's dream home",
          "Flash flood destroys Maui couple's dream home",
          "Flash flood destroys Maui couple's dream home",
          "Flash flood destroys Maui couple's dream home",
          "Flash flood destroys Maui couple's dream home",
          "Flash flood destroys Maui couple's dream home",
          "Flash flood destroys Maui couple's dream home",
          "Flash flood destroys Maui couple's dream home",
          "Flash flood destroys Maui couple's dream home",
          "Flash flood destroys Maui couple's dream home",
          "Flash flood destroys Maui couple's dream home",
          "Flash flood destroys Maui couple's dream home",
          "Flash flood destroys Maui couple's dream home",
          "Flash flood destroys Maui couple's dream home",
          "Flash flood destroys Maui couple's dream home",
          "Flash flood destroys Maui couple's dream home",
          "Flash flood destroys Maui couple's dream home",
          "Flash flood destroys Maui couple's dream home",
          "Flash flood destroys Maui couple's dream home",
          "Flash flood destroys Maui couple's dream home",
          "Flash flood destroys Maui couple's dream home",
          "Flash flood destroys Maui couple's dream home",
          "Flash flood destroys Maui couple's dream home",
          "Flash flood destroys Maui couple's dream home",
          "Flash flood destroys Maui couple's dream home",
          "Flash flood destroys Maui couple's dream home",
          "Flash flood destroys Maui couple's dream home",
          "Flash flood destroys Maui couple's dream home",
          "Flash flood destroys Maui couple's dream home",
          "Flash flood destroys Maui couple's dream home",
          "Flash flood destroys Maui couple's dream home",
          "Flash flood destroys Maui couple's dream home",
          "Flash flood destroys Maui couple's dream home",
          "Flash flood destroys Maui couple's dream home",
          "Flash flood destroys Maui couple's dream home",
          "Flash flood destroys Maui couple's dream home",
          "Flash flood destroys Maui couple's dream home",
          "Flash flood destroys Maui couple's dream home",
          "Flash flood destroys Maui couple's dream home",
          "Flash flood destroys Maui couple's dream home",
          "Flash flood destroys Maui couple's dream home",
          "Flash flood destroys Maui couple's dream home",
          "Flash flood destroys Maui couple's dream home",
          "Flash flood destroys Maui couple's dream home",
          "Flash flood destroys Maui couple's dream home",
          "Flash flood destroys Maui couple's dream home",
          "Flash flood destroys Maui couple's dream home",
          "Flash flood destroys Maui couple's dream home",
          "Flash flood destroys Maui couple's dream home",
          "Flash flood destroys Maui couple's dream home",
          "Flash flood warning extended for Maui; Flood advisory covers Oahu",
          "Flash flood warning posted for Maui as heavy rain intensifies",
          "Storm updates: Flash flood warnings issued for Maui, flood watches for Big Island",
          "Flash flood warning issued for east Maui as storm hits state",
          "Flash flood warning issued for east Maui as storm hits state",
          "Powerful kona storm brings warning level winds and flash flood risks; Flood Watch continues for Maui County",
          "NWS issues flash flood warning for Maui County",
          "NWS extends Flash Flood Warning for Big Island, Maui County, Molokai",
          "Flood Warning issued for flood-prone areas of Maui County",
          "Flood Advisory issued for flood-prone areas of Maui County",
          "Monday Weather Forecast | Flood advisory issued as heavy showers hit Maui County",
          "Monday Weather Forecast | Flood advisory issued as heavy showers hit Maui County",
          "NWS extends Flash Flood Warning for Big Island, Maui County, Molokai",
          "Flood advisory in effect for Molokai, state under flood watch"
        ]
      }
    },
    {
      "type": "Feature",
      "geometry": {
        "type": "Point",
        "coordinates": [
          -156.469,
          20.8949
        ]
      },
      "properties": {
        "source": "NOAA",
        "site_id": "1615680",
        "site_name": "Kahului, Kahului Harbor",
        "lat": "20.8949",
        "lon": "-156.469",
        "stage_ft": 1.676,
        "stage_datetime": "2026-06-29 21:54",
        "tier": "normal",
        "action_stage": 5.66,
        "flood_stage": 6.66,
        "major_stage": 8.66,
        "url": "https://tidesandcurrents.noaa.gov/stationhome.html?id=1615680",
        "city_lat": 20.8029568,
        "city_lon": -156.3106833,
        "fetched_at": "2026-06-29T22:01:32.713254+00:00",
        "flood_event_count": 92,
        "nearest_flood_miles": 12.04,
        "nearest_flood_title": "Powerful kona storm brings warning level winds and flash flood risks; Flood Warning issued for Maui until 2 p.m.",
        "color": "#2d6a4f",
        "nearby_flood_titles": [
          "Powerful kona storm brings warning level winds and flash flood risks; Flood Warning issued for Maui until 2 p.m.",
          "Flash flood destroys Maui couple's dream home",
          "Flash flood destroys Maui couple's dream home",
          "Flash flood destroys Maui couple's dream home",
          "Flash flood destroys Maui couple's dream home",
          "Flash flood destroys Maui couple's dream home",
          "Flash flood destroys Maui couple's dream home",
          "Flash flood destroys Maui couple's dream home",
          "Flash flood destroys Maui couple's dream home",
          "Flash flood destroys Maui couple's dream home",
          "Flash flood destroys Maui couple's dream home",
          "Flash flood destroys Maui couple's dream home",
          "Flash flood destroys Maui couple's dream home",
          "Flash flood destroys Maui couple's dream home",
          "Flash flood destroys Maui couple's dream home",
          "Flash flood destroys Maui couple's dream home",
          "Flash flood destroys Maui couple's dream home",
          "Flash flood destroys Maui couple's dream home",
          "Flash flood destroys Maui couple's dream home",
          "Flash flood destroys Maui couple's dream home",
          "Flash flood destroys Maui couple's dream home",
          "Flash flood destroys Maui couple's dream home",
          "Flash flood destroys Maui couple's dream home",
          "Flash flood destroys Maui couple's dream home",
          "Flash flood destroys Maui couple's dream home",
          "Flash flood destroys Maui couple's dream home",
          "Flash flood destroys Maui couple's dream home",
          "Flash flood destroys Maui couple's dream home",
          "Flash flood destroys Maui couple's dream home",
          "Flash flood destroys Maui couple's dream home",
          "Flash flood destroys Maui couple's dream home",
          "Flash flood destroys Maui couple's dream home",
          "Flash flood destroys Maui couple's dream home",
          "Flash flood destroys Maui couple's dream home",
          "Flash flood destroys Maui couple's dream home",
          "Flash flood destroys Maui couple's dream home",
          "Flash flood destroys Maui couple's dream home",
          "Flash flood destroys Maui couple's dream home",
          "Flash flood destroys Maui couple's dream home",
          "Flash flood destroys Maui couple's dream home",
          "Flash flood destroys Maui couple's dream home",
          "Flash flood destroys Maui couple's dream home",
          "Flash flood destroys Maui couple's dream home",
          "Flash flood destroys Maui couple's dream home",
          "Flash flood destroys Maui couple's dream home",
          "Flash flood destroys Maui couple's dream home",
          "Flash flood destroys Maui couple's dream home",
          "Flash flood destroys Maui couple's dream home",
          "Flash flood destroys Maui couple's dream home",
          "Flash flood destroys Maui couple's dream home",
          "Flash flood destroys Maui couple's dream home",
          "Flash flood destroys Maui couple's dream home",
          "Flash flood destroys Maui couple's dream home",
          "Flash flood destroys Maui couple's dream home",
          "Flash flood destroys Maui couple's dream home",
          "Flash flood destroys Maui couple's dream home",
          "Flash flood destroys Maui couple's dream home",
          "Flash flood destroys Maui couple's dream home",
          "Flash flood destroys Maui couple's dream home",
          "Flash flood destroys Maui couple's dream home",
          "Flash flood destroys Maui couple's dream home",
          "Flash flood destroys Maui couple's dream home",
          "Flash flood destroys Maui couple's dream home",
          "Flash flood destroys Maui couple's dream home",
          "Flash flood destroys Maui couple's dream home",
          "Flash flood destroys Maui couple's dream home",
          "Flash flood destroys Maui couple's dream home",
          "Flash flood destroys Maui couple's dream home",
          "Flash flood destroys Maui couple's dream home",
          "Flash flood destroys Maui couple's dream home",
          "Flash flood destroys Maui couple's dream home",
          "Flash flood destroys Maui couple's dream home",
          "Flash flood destroys Maui couple's dream home",
          "Flash flood destroys Maui couple's dream home",
          "Flash flood destroys Maui couple's dream home",
          "Flash flood destroys Maui couple's dream home",
          "Flash flood destroys Maui couple's dream home",
          "Flash flood destroys Maui couple's dream home",
          "Flash flood warning extended for Maui; Flood advisory covers Oahu",
          "Flash flood warning posted for Maui as heavy rain intensifies",
          "Storm updates: Flash flood warnings issued for Maui, flood watches for Big Island",
          "Flash flood warning issued for east Maui as storm hits state",
          "Flash flood warning issued for east Maui as storm hits state",
          "Powerful kona storm brings warning level winds and flash flood risks; Flood Watch continues for Maui County",
          "NWS issues flash flood warning for Maui County",
          "NWS extends Flash Flood Warning for Big Island, Maui County, Molokai",
          "Flood Warning issued for flood-prone areas of Maui County",
          "Flood Advisory issued for flood-prone areas of Maui County",
          "Monday Weather Forecast | Flood advisory issued as heavy showers hit Maui County",
          "Monday Weather Forecast | Flood advisory issued as heavy showers hit Maui County",
          "NWS extends Flash Flood Warning for Big Island, Maui County, Molokai",
          "Flood advisory in effect for Molokai, state under flood watch"
        ]
      }
    },
    {
      "type": "Feature",
      "geometry": {
        "type": "Point",
        "coordinates": [
          -156.469,
          20.8949
        ]
      },
      "properties": {
        "source": "NOAA",
        "site_id": "1615680",
        "site_name": "Kahului, Kahului Harbor",
        "lat": "20.8949",
        "lon": "-156.469",
        "stage_ft": 1.676,
        "stage_datetime": "2026-06-29 21:54",
        "tier": "normal",
        "action_stage": 5.66,
        "flood_stage": 6.66,
        "major_stage": 8.66,
        "url": "https://tidesandcurrents.noaa.gov/stationhome.html?id=1615680",
        "city_lat": 20.8029568,
        "city_lon": -156.3106833,
        "fetched_at": "2026-06-29T22:01:32.713254+00:00",
        "flood_event_count": 92,
        "nearest_flood_miles": 12.04,
        "nearest_flood_title": "Powerful kona storm brings warning level winds and flash flood risks; Flood Warning issued for Maui until 2 p.m.",
        "color": "#2d6a4f",
        "nearby_flood_titles": [
          "Powerful kona storm brings warning level winds and flash flood risks; Flood Warning issued for Maui until 2 p.m.",
          "Flash flood destroys Maui couple's dream home",
          "Flash flood destroys Maui couple's dream home",
          "Flash flood destroys Maui couple's dream home",
          "Flash flood destroys Maui couple's dream home",
          "Flash flood destroys Maui couple's dream home",
          "Flash flood destroys Maui couple's dream home",
          "Flash flood destroys Maui couple's dream home",
          "Flash flood destroys Maui couple's dream home",
          "Flash flood destroys Maui couple's dream home",
          "Flash flood destroys Maui couple's dream home",
          "Flash flood destroys Maui couple's dream home",
          "Flash flood destroys Maui couple's dream home",
          "Flash flood destroys Maui couple's dream home",
          "Flash flood destroys Maui couple's dream home",
          "Flash flood destroys Maui couple's dream home",
          "Flash flood destroys Maui couple's dream home",
          "Flash flood destroys Maui couple's dream home",
          "Flash flood destroys Maui couple's dream home",
          "Flash flood destroys Maui couple's dream home",
          "Flash flood destroys Maui couple's dream home",
          "Flash flood destroys Maui couple's dream home",
          "Flash flood destroys Maui couple's dream home",
          "Flash flood destroys Maui couple's dream home",
          "Flash flood destroys Maui couple's dream home",
          "Flash flood destroys Maui couple's dream home",
          "Flash flood destroys Maui couple's dream home",
          "Flash flood destroys Maui couple's dream home",
          "Flash flood destroys Maui couple's dream home",
          "Flash flood destroys Maui couple's dream home",
          "Flash flood destroys Maui couple's dream home",
          "Flash flood destroys Maui couple's dream home",
          "Flash flood destroys Maui couple's dream home",
          "Flash flood destroys Maui couple's dream home",
          "Flash flood destroys Maui couple's dream home",
          "Flash flood destroys Maui couple's dream home",
          "Flash flood destroys Maui couple's dream home",
          "Flash flood destroys Maui couple's dream home",
          "Flash flood destroys Maui couple's dream home",
          "Flash flood destroys Maui couple's dream home",
          "Flash flood destroys Maui couple's dream home",
          "Flash flood destroys Maui couple's dream home",
          "Flash flood destroys Maui couple's dream home",
          "Flash flood destroys Maui couple's dream home",
          "Flash flood destroys Maui couple's dream home",
          "Flash flood destroys Maui couple's dream home",
          "Flash flood destroys Maui couple's dream home",
          "Flash flood destroys Maui couple's dream home",
          "Flash flood destroys Maui couple's dream home",
          "Flash flood destroys Maui couple's dream home",
          "Flash flood destroys Maui couple's dream home",
          "Flash flood destroys Maui couple's dream home",
          "Flash flood destroys Maui couple's dream home",
          "Flash flood destroys Maui couple's dream home",
          "Flash flood destroys Maui couple's dream home",
          "Flash flood destroys Maui couple's dream home",
          "Flash flood destroys Maui couple's dream home",
          "Flash flood destroys Maui couple's dream home",
          "Flash flood destroys Maui couple's dream home",
          "Flash flood destroys Maui couple's dream home",
          "Flash flood destroys Maui couple's dream home",
          "Flash flood destroys Maui couple's dream home",
          "Flash flood destroys Maui couple's dream home",
          "Flash flood destroys Maui couple's dream home",
          "Flash flood destroys Maui couple's dream home",
          "Flash flood destroys Maui couple's dream home",
          "Flash flood destroys Maui couple's dream home",
          "Flash flood destroys Maui couple's dream home",
          "Flash flood destroys Maui couple's dream home",
          "Flash flood destroys Maui couple's dream home",
          "Flash flood destroys Maui couple's dream home",
          "Flash flood destroys Maui couple's dream home",
          "Flash flood destroys Maui couple's dream home",
          "Flash flood destroys Maui couple's dream home",
          "Flash flood destroys Maui couple's dream home",
          "Flash flood destroys Maui couple's dream home",
          "Flash flood destroys Maui couple's dream home",
          "Flash flood destroys Maui couple's dream home",
          "Flash flood warning extended for Maui; Flood advisory covers Oahu",
          "Flash flood warning posted for Maui as heavy rain intensifies",
          "Storm updates: Flash flood warnings issued for Maui, flood watches for Big Island",
          "Flash flood warning issued for east Maui as storm hits state",
          "Flash flood warning issued for east Maui as storm hits state",
          "Powerful kona storm brings warning level winds and flash flood risks; Flood Watch continues for Maui County",
          "NWS issues flash flood warning for Maui County",
          "NWS extends Flash Flood Warning for Big Island, Maui County, Molokai",
          "Flood Warning issued for flood-prone areas of Maui County",
          "Flood Advisory issued for flood-prone areas of Maui County",
          "Monday Weather Forecast | Flood advisory issued as heavy showers hit Maui County",
          "Monday Weather Forecast | Flood advisory issued as heavy showers hit Maui County",
          "NWS extends Flash Flood Warning for Big Island, Maui County, Molokai",
          "Flood advisory in effect for Molokai, state under flood watch"
        ]
      }
    },
    {
      "type": "Feature",
      "geometry": {
        "type": "Point",
        "coordinates": [
          -156.469,
          20.8949
        ]
      },
      "properties": {
        "source": "NOAA",
        "site_id": "1615680",
        "site_name": "Kahului, Kahului Harbor",
        "lat": "20.8949",
        "lon": "-156.469",
        "stage_ft": 1.676,
        "stage_datetime": "2026-06-29 21:54",
        "tier": "normal",
        "action_stage": 5.66,
        "flood_stage": 6.66,
        "major_stage": 8.66,
        "url": "https://tidesandcurrents.noaa.gov/stationhome.html?id=1615680",
        "city_lat": 20.8029568,
        "city_lon": -156.3106833,
        "fetched_at": "2026-06-29T22:01:32.713254+00:00",
        "flood_event_count": 92,
        "nearest_flood_miles": 12.04,
        "nearest_flood_title": "Powerful kona storm brings warning level winds and flash flood risks; Flood Warning issued for Maui until 2 p.m.",
        "color": "#2d6a4f",
        "nearby_flood_titles": [
          "Powerful kona storm brings warning level winds and flash flood risks; Flood Warning issued for Maui until 2 p.m.",
          "Flash flood destroys Maui couple's dream home",
          "Flash flood destroys Maui couple's dream home",
          "Flash flood destroys Maui couple's dream home",
          "Flash flood destroys Maui couple's dream home",
          "Flash flood destroys Maui couple's dream home",
          "Flash flood destroys Maui couple's dream home",
          "Flash flood destroys Maui couple's dream home",
          "Flash flood destroys Maui couple's dream home",
          "Flash flood destroys Maui couple's dream home",
          "Flash flood destroys Maui couple's dream home",
          "Flash flood destroys Maui couple's dream home",
          "Flash flood destroys Maui couple's dream home",
          "Flash flood destroys Maui couple's dream home",
          "Flash flood destroys Maui couple's dream home",
          "Flash flood destroys Maui couple's dream home",
          "Flash flood destroys Maui couple's dream home",
          "Flash flood destroys Maui couple's dream home",
          "Flash flood destroys Maui couple's dream home",
          "Flash flood destroys Maui couple's dream home",
          "Flash flood destroys Maui couple's dream home",
          "Flash flood destroys Maui couple's dream home",
          "Flash flood destroys Maui couple's dream home",
          "Flash flood destroys Maui couple's dream home",
          "Flash flood destroys Maui couple's dream home",
          "Flash flood destroys Maui couple's dream home",
          "Flash flood destroys Maui couple's dream home",
          "Flash flood destroys Maui couple's dream home",
          "Flash flood destroys Maui couple's dream home",
          "Flash flood destroys Maui couple's dream home",
          "Flash flood destroys Maui couple's dream home",
          "Flash flood destroys Maui couple's dream home",
          "Flash flood destroys Maui couple's dream home",
          "Flash flood destroys Maui couple's dream home",
          "Flash flood destroys Maui couple's dream home",
          "Flash flood destroys Maui couple's dream home",
          "Flash flood destroys Maui couple's dream home",
          "Flash flood destroys Maui couple's dream home",
          "Flash flood destroys Maui couple's dream home",
          "Flash flood destroys Maui couple's dream home",
          "Flash flood destroys Maui couple's dream home",
          "Flash flood destroys Maui couple's dream home",
          "Flash flood destroys Maui couple's dream home",
          "Flash flood destroys Maui couple's dream home",
          "Flash flood destroys Maui couple's dream home",
          "Flash flood destroys Maui couple's dream home",
          "Flash flood destroys Maui couple's dream home",
          "Flash flood destroys Maui couple's dream home",
          "Flash flood destroys Maui couple's dream home",
          "Flash flood destroys Maui couple's dream home",
          "Flash flood destroys Maui couple's dream home",
          "Flash flood destroys Maui couple's dream home",
          "Flash flood destroys Maui couple's dream home",
          "Flash flood destroys Maui couple's dream home",
          "Flash flood destroys Maui couple's dream home",
          "Flash flood destroys Maui couple's dream home",
          "Flash flood destroys Maui couple's dream home",
          "Flash flood destroys Maui couple's dream home",
          "Flash flood destroys Maui couple's dream home",
          "Flash flood destroys Maui couple's dream home",
          "Flash flood destroys Maui couple's dream home",
          "Flash flood destroys Maui couple's dream home",
          "Flash flood destroys Maui couple's dream home",
          "Flash flood destroys Maui couple's dream home",
          "Flash flood destroys Maui couple's dream home",
          "Flash flood destroys Maui couple's dream home",
          "Flash flood destroys Maui couple's dream home",
          "Flash flood destroys Maui couple's dream home",
          "Flash flood destroys Maui couple's dream home",
          "Flash flood destroys Maui couple's dream home",
          "Flash flood destroys Maui couple's dream home",
          "Flash flood destroys Maui couple's dream home",
          "Flash flood destroys Maui couple's dream home",
          "Flash flood destroys Maui couple's dream home",
          "Flash flood destroys Maui couple's dream home",
          "Flash flood destroys Maui couple's dream home",
          "Flash flood destroys Maui couple's dream home",
          "Flash flood destroys Maui couple's dream home",
          "Flash flood warning extended for Maui; Flood advisory covers Oahu",
          "Flash flood warning posted for Maui as heavy rain intensifies",
          "Storm updates: Flash flood warnings issued for Maui, flood watches for Big Island",
          "Flash flood warning issued for east Maui as storm hits state",
          "Flash flood warning issued for east Maui as storm hits state",
          "Powerful kona storm brings warning level winds and flash flood risks; Flood Watch continues for Maui County",
          "NWS issues flash flood warning for Maui County",
          "NWS extends Flash Flood Warning for Big Island, Maui County, Molokai",
          "Flood Warning issued for flood-prone areas of Maui County",
          "Flood Advisory issued for flood-prone areas of Maui County",
          "Monday Weather Forecast | Flood advisory issued as heavy showers hit Maui County",
          "Monday Weather Forecast | Flood advisory issued as heavy showers hit Maui County",
          "NWS extends Flash Flood Warning for Big Island, Maui County, Molokai",
          "Flood advisory in effect for Molokai, state under flood watch"
        ]
      }
    },
    {
      "type": "Feature",
      "geometry": {
        "type": "Point",
        "coordinates": [
          -156.469,
          20.8949
        ]
      },
      "properties": {
        "source": "NOAA",
        "site_id": "1615680",
        "site_name": "Kahului, Kahului Harbor",
        "lat": "20.8949",
        "lon": "-156.469",
        "stage_ft": 1.676,
        "stage_datetime": "2026-06-29 21:54",
        "tier": "normal",
        "action_stage": 5.66,
        "flood_stage": 6.66,
        "major_stage": 8.66,
        "url": "https://tidesandcurrents.noaa.gov/stationhome.html?id=1615680",
        "city_lat": 20.8029568,
        "city_lon": -156.3106833,
        "fetched_at": "2026-06-29T22:01:32.713254+00:00",
        "flood_event_count": 92,
        "nearest_flood_miles": 12.04,
        "nearest_flood_title": "Powerful kona storm brings warning level winds and flash flood risks; Flood Warning issued for Maui until 2 p.m.",
        "color": "#2d6a4f",
        "nearby_flood_titles": [
          "Powerful kona storm brings warning level winds and flash flood risks; Flood Warning issued for Maui until 2 p.m.",
          "Flash flood destroys Maui couple's dream home",
          "Flash flood destroys Maui couple's dream home",
          "Flash flood destroys Maui couple's dream home",
          "Flash flood destroys Maui couple's dream home",
          "Flash flood destroys Maui couple's dream home",
          "Flash flood destroys Maui couple's dream home",
          "Flash flood destroys Maui couple's dream home",
          "Flash flood destroys Maui couple's dream home",
          "Flash flood destroys Maui couple's dream home",
          "Flash flood destroys Maui couple's dream home",
          "Flash flood destroys Maui couple's dream home",
          "Flash flood destroys Maui couple's dream home",
          "Flash flood destroys Maui couple's dream home",
          "Flash flood destroys Maui couple's dream home",
          "Flash flood destroys Maui couple's dream home",
          "Flash flood destroys Maui couple's dream home",
          "Flash flood destroys Maui couple's dream home",
          "Flash flood destroys Maui couple's dream home",
          "Flash flood destroys Maui couple's dream home",
          "Flash flood destroys Maui couple's dream home",
          "Flash flood destroys Maui couple's dream home",
          "Flash flood destroys Maui couple's dream home",
          "Flash flood destroys Maui couple's dream home",
          "Flash flood destroys Maui couple's dream home",
          "Flash flood destroys Maui couple's dream home",
          "Flash flood destroys Maui couple's dream home",
          "Flash flood destroys Maui couple's dream home",
          "Flash flood destroys Maui couple's dream home",
          "Flash flood destroys Maui couple's dream home",
          "Flash flood destroys Maui couple's dream home",
          "Flash flood destroys Maui couple's dream home",
          "Flash flood destroys Maui couple's dream home",
          "Flash flood destroys Maui couple's dream home",
          "Flash flood destroys Maui couple's dream home",
          "Flash flood destroys Maui couple's dream home",
          "Flash flood destroys Maui couple's dream home",
          "Flash flood destroys Maui couple's dream home",
          "Flash flood destroys Maui couple's dream home",
          "Flash flood destroys Maui couple's dream home",
          "Flash flood destroys Maui couple's dream home",
          "Flash flood destroys Maui couple's dream home",
          "Flash flood destroys Maui couple's dream home",
          "Flash flood destroys Maui couple's dream home",
          "Flash flood destroys Maui couple's dream home",
          "Flash flood destroys Maui couple's dream home",
          "Flash flood destroys Maui couple's dream home",
          "Flash flood destroys Maui couple's dream home",
          "Flash flood destroys Maui couple's dream home",
          "Flash flood destroys Maui couple's dream home",
          "Flash flood destroys Maui couple's dream home",
          "Flash flood destroys Maui couple's dream home",
          "Flash flood destroys Maui couple's dream home",
          "Flash flood destroys Maui couple's dream home",
          "Flash flood destroys Maui couple's dream home",
          "Flash flood destroys Maui couple's dream home",
          "Flash flood destroys Maui couple's dream home",
          "Flash flood destroys Maui couple's dream home",
          "Flash flood destroys Maui couple's dream home",
          "Flash flood destroys Maui couple's dream home",
          "Flash flood destroys Maui couple's dream home",
          "Flash flood destroys Maui couple's dream home",
          "Flash flood destroys Maui couple's dream home",
          "Flash flood destroys Maui couple's dream home",
          "Flash flood destroys Maui couple's dream home",
          "Flash flood destroys Maui couple's dream home",
          "Flash flood destroys Maui couple's dream home",
          "Flash flood destroys Maui couple's dream home",
          "Flash flood destroys Maui couple's dream home",
          "Flash flood destroys Maui couple's dream home",
          "Flash flood destroys Maui couple's dream home",
          "Flash flood destroys Maui couple's dream home",
          "Flash flood destroys Maui couple's dream home",
          "Flash flood destroys Maui couple's dream home",
          "Flash flood destroys Maui couple's dream home",
          "Flash flood destroys Maui couple's dream home",
          "Flash flood destroys Maui couple's dream home",
          "Flash flood destroys Maui couple's dream home",
          "Flash flood warning extended for Maui; Flood advisory covers Oahu",
          "Flash flood warning posted for Maui as heavy rain intensifies",
          "Storm updates: Flash flood warnings issued for Maui, flood watches for Big Island",
          "Flash flood warning issued for east Maui as storm hits state",
          "Flash flood warning issued for east Maui as storm hits state",
          "Powerful kona storm brings warning level winds and flash flood risks; Flood Watch continues for Maui County",
          "NWS issues flash flood warning for Maui County",
          "NWS extends Flash Flood Warning for Big Island, Maui County, Molokai",
          "Flood Warning issued for flood-prone areas of Maui County",
          "Flood Advisory issued for flood-prone areas of Maui County",
          "Monday Weather Forecast | Flood advisory issued as heavy showers hit Maui County",
          "Monday Weather Forecast | Flood advisory issued as heavy showers hit Maui County",
          "NWS extends Flash Flood Warning for Big Island, Maui County, Molokai",
          "Flood advisory in effect for Molokai, state under flood watch"
        ]
      }
    },
    {
      "type": "Feature",
      "geometry": {
        "type": "Point",
        "coordinates": [
          -156.469,
          20.8949
        ]
      },
      "properties": {
        "source": "NOAA",
        "site_id": "1615680",
        "site_name": "Kahului, Kahului Harbor",
        "lat": "20.8949",
        "lon": "-156.469",
        "stage_ft": 1.676,
        "stage_datetime": "2026-06-29 21:54",
        "tier": "normal",
        "action_stage": 5.66,
        "flood_stage": 6.66,
        "major_stage": 8.66,
        "url": "https://tidesandcurrents.noaa.gov/stationhome.html?id=1615680",
        "city_lat": 20.8029568,
        "city_lon": -156.3106833,
        "fetched_at": "2026-06-29T22:01:32.713254+00:00",
        "flood_event_count": 92,
        "nearest_flood_miles": 12.04,
        "nearest_flood_title": "Powerful kona storm brings warning level winds and flash flood risks; Flood Warning issued for Maui until 2 p.m.",
        "color": "#2d6a4f",
        "nearby_flood_titles": [
          "Powerful kona storm brings warning level winds and flash flood risks; Flood Warning issued for Maui until 2 p.m.",
          "Flash flood destroys Maui couple's dream home",
          "Flash flood destroys Maui couple's dream home",
          "Flash flood destroys Maui couple's dream home",
          "Flash flood destroys Maui couple's dream home",
          "Flash flood destroys Maui couple's dream home",
          "Flash flood destroys Maui couple's dream home",
          "Flash flood destroys Maui couple's dream home",
          "Flash flood destroys Maui couple's dream home",
          "Flash flood destroys Maui couple's dream home",
          "Flash flood destroys Maui couple's dream home",
          "Flash flood destroys Maui couple's dream home",
          "Flash flood destroys Maui couple's dream home",
          "Flash flood destroys Maui couple's dream home",
          "Flash flood destroys Maui couple's dream home",
          "Flash flood destroys Maui couple's dream home",
          "Flash flood destroys Maui couple's dream home",
          "Flash flood destroys Maui couple's dream home",
          "Flash flood destroys Maui couple's dream home",
          "Flash flood destroys Maui couple's dream home",
          "Flash flood destroys Maui couple's dream home",
          "Flash flood destroys Maui couple's dream home",
          "Flash flood destroys Maui couple's dream home",
          "Flash flood destroys Maui couple's dream home",
          "Flash flood destroys Maui couple's dream home",
          "Flash flood destroys Maui couple's dream home",
          "Flash flood destroys Maui couple's dream home",
          "Flash flood destroys Maui couple's dream home",
          "Flash flood destroys Maui couple's dream home",
          "Flash flood destroys Maui couple's dream home",
          "Flash flood destroys Maui couple's dream home",
          "Flash flood destroys Maui couple's dream home",
          "Flash flood destroys Maui couple's dream home",
          "Flash flood destroys Maui couple's dream home",
          "Flash flood destroys Maui couple's dream home",
          "Flash flood destroys Maui couple's dream home",
          "Flash flood destroys Maui couple's dream home",
          "Flash flood destroys Maui couple's dream home",
          "Flash flood destroys Maui couple's dream home",
          "Flash flood destroys Maui couple's dream home",
          "Flash flood destroys Maui couple's dream home",
          "Flash flood destroys Maui couple's dream home",
          "Flash flood destroys Maui couple's dream home",
          "Flash flood destroys Maui couple's dream home",
          "Flash flood destroys Maui couple's dream home",
          "Flash flood destroys Maui couple's dream home",
          "Flash flood destroys Maui couple's dream home",
          "Flash flood destroys Maui couple's dream home",
          "Flash flood destroys Maui couple's dream home",
          "Flash flood destroys Maui couple's dream home",
          "Flash flood destroys Maui couple's dream home",
          "Flash flood destroys Maui couple's dream home",
          "Flash flood destroys Maui couple's dream home",
          "Flash flood destroys Maui couple's dream home",
          "Flash flood destroys Maui couple's dream home",
          "Flash flood destroys Maui couple's dream home",
          "Flash flood destroys Maui couple's dream home",
          "Flash flood destroys Maui couple's dream home",
          "Flash flood destroys Maui couple's dream home",
          "Flash flood destroys Maui couple's dream home",
          "Flash flood destroys Maui couple's dream home",
          "Flash flood destroys Maui couple's dream home",
          "Flash flood destroys Maui couple's dream home",
          "Flash flood destroys Maui couple's dream home",
          "Flash flood destroys Maui couple's dream home",
          "Flash flood destroys Maui couple's dream home",
          "Flash flood destroys Maui couple's dream home",
          "Flash flood destroys Maui couple's dream home",
          "Flash flood destroys Maui couple's dream home",
          "Flash flood destroys Maui couple's dream home",
          "Flash flood destroys Maui couple's dream home",
          "Flash flood destroys Maui couple's dream home",
          "Flash flood destroys Maui couple's dream home",
          "Flash flood destroys Maui couple's dream home",
          "Flash flood destroys Maui couple's dream home",
          "Flash flood destroys Maui couple's dream home",
          "Flash flood destroys Maui couple's dream home",
          "Flash flood destroys Maui couple's dream home",
          "Flash flood warning extended for Maui; Flood advisory covers Oahu",
          "Flash flood warning posted for Maui as heavy rain intensifies",
          "Storm updates: Flash flood warnings issued for Maui, flood watches for Big Island",
          "Flash flood warning issued for east Maui as storm hits state",
          "Flash flood warning issued for east Maui as storm hits state",
          "Powerful kona storm brings warning level winds and flash flood risks; Flood Watch continues for Maui County",
          "NWS issues flash flood warning for Maui County",
          "NWS extends Flash Flood Warning for Big Island, Maui County, Molokai",
          "Flood Warning issued for flood-prone areas of Maui County",
          "Flood Advisory issued for flood-prone areas of Maui County",
          "Monday Weather Forecast | Flood advisory issued as heavy showers hit Maui County",
          "Monday Weather Forecast | Flood advisory issued as heavy showers hit Maui County",
          "NWS extends Flash Flood Warning for Big Island, Maui County, Molokai",
          "Flood advisory in effect for Molokai, state under flood watch"
        ]
      }
    },
    {
      "type": "Feature",
      "geometry": {
        "type": "Point",
        "coordinates": [
          -156.469,
          20.8949
        ]
      },
      "properties": {
        "source": "NOAA",
        "site_id": "1615680",
        "site_name": "Kahului, Kahului Harbor",
        "lat": "20.8949",
        "lon": "-156.469",
        "stage_ft": 1.676,
        "stage_datetime": "2026-06-29 21:54",
        "tier": "normal",
        "action_stage": 5.66,
        "flood_stage": 6.66,
        "major_stage": 8.66,
        "url": "https://tidesandcurrents.noaa.gov/stationhome.html?id=1615680",
        "city_lat": 20.8029568,
        "city_lon": -156.3106833,
        "fetched_at": "2026-06-29T22:01:32.713254+00:00",
        "flood_event_count": 92,
        "nearest_flood_miles": 12.04,
        "nearest_flood_title": "Powerful kona storm brings warning level winds and flash flood risks; Flood Warning issued for Maui until 2 p.m.",
        "color": "#2d6a4f",
        "nearby_flood_titles": [
          "Powerful kona storm brings warning level winds and flash flood risks; Flood Warning issued for Maui until 2 p.m.",
          "Flash flood destroys Maui couple's dream home",
          "Flash flood destroys Maui couple's dream home",
          "Flash flood destroys Maui couple's dream home",
          "Flash flood destroys Maui couple's dream home",
          "Flash flood destroys Maui couple's dream home",
          "Flash flood destroys Maui couple's dream home",
          "Flash flood destroys Maui couple's dream home",
          "Flash flood destroys Maui couple's dream home",
          "Flash flood destroys Maui couple's dream home",
          "Flash flood destroys Maui couple's dream home",
          "Flash flood destroys Maui couple's dream home",
          "Flash flood destroys Maui couple's dream home",
          "Flash flood destroys Maui couple's dream home",
          "Flash flood destroys Maui couple's dream home",
          "Flash flood destroys Maui couple's dream home",
          "Flash flood destroys Maui couple's dream home",
          "Flash flood destroys Maui couple's dream home",
          "Flash flood destroys Maui couple's dream home",
          "Flash flood destroys Maui couple's dream home",
          "Flash flood destroys Maui couple's dream home",
          "Flash flood destroys Maui couple's dream home",
          "Flash flood destroys Maui couple's dream home",
          "Flash flood destroys Maui couple's dream home",
          "Flash flood destroys Maui couple's dream home",
          "Flash flood destroys Maui couple's dream home",
          "Flash flood destroys Maui couple's dream home",
          "Flash flood destroys Maui couple's dream home",
          "Flash flood destroys Maui couple's dream home",
          "Flash flood destroys Maui couple's dream home",
          "Flash flood destroys Maui couple's dream home",
          "Flash flood destroys Maui couple's dream home",
          "Flash flood destroys Maui couple's dream home",
          "Flash flood destroys Maui couple's dream home",
          "Flash flood destroys Maui couple's dream home",
          "Flash flood destroys Maui couple's dream home",
          "Flash flood destroys Maui couple's dream home",
          "Flash flood destroys Maui couple's dream home",
          "Flash flood destroys Maui couple's dream home",
          "Flash flood destroys Maui couple's dream home",
          "Flash flood destroys Maui couple's dream home",
          "Flash flood destroys Maui couple's dream home",
          "Flash flood destroys Maui couple's dream home",
          "Flash flood destroys Maui couple's dream home",
          "Flash flood destroys Maui couple's dream home",
          "Flash flood destroys Maui couple's dream home",
          "Flash flood destroys Maui couple's dream home",
          "Flash flood destroys Maui couple's dream home",
          "Flash flood destroys Maui couple's dream home",
          "Flash flood destroys Maui couple's dream home",
          "Flash flood destroys Maui couple's dream home",
          "Flash flood destroys Maui couple's dream home",
          "Flash flood destroys Maui couple's dream home",
          "Flash flood destroys Maui couple's dream home",
          "Flash flood destroys Maui couple's dream home",
          "Flash flood destroys Maui couple's dream home",
          "Flash flood destroys Maui couple's dream home",
          "Flash flood destroys Maui couple's dream home",
          "Flash flood destroys Maui couple's dream home",
          "Flash flood destroys Maui couple's dream home",
          "Flash flood destroys Maui couple's dream home",
          "Flash flood destroys Maui couple's dream home",
          "Flash flood destroys Maui couple's dream home",
          "Flash flood destroys Maui couple's dream home",
          "Flash flood destroys Maui couple's dream home",
          "Flash flood destroys Maui couple's dream home",
          "Flash flood destroys Maui couple's dream home",
          "Flash flood destroys Maui couple's dream home",
          "Flash flood destroys Maui couple's dream home",
          "Flash flood destroys Maui couple's dream home",
          "Flash flood destroys Maui couple's dream home",
          "Flash flood destroys Maui couple's dream home",
          "Flash flood destroys Maui couple's dream home",
          "Flash flood destroys Maui couple's dream home",
          "Flash flood destroys Maui couple's dream home",
          "Flash flood destroys Maui couple's dream home",
          "Flash flood destroys Maui couple's dream home",
          "Flash flood destroys Maui couple's dream home",
          "Flash flood warning extended for Maui; Flood advisory covers Oahu",
          "Flash flood warning posted for Maui as heavy rain intensifies",
          "Storm updates: Flash flood warnings issued for Maui, flood watches for Big Island",
          "Flash flood warning issued for east Maui as storm hits state",
          "Flash flood warning issued for east Maui as storm hits state",
          "Powerful kona storm brings warning level winds and flash flood risks; Flood Watch continues for Maui County",
          "NWS issues flash flood warning for Maui County",
          "NWS extends Flash Flood Warning for Big Island, Maui County, Molokai",
          "Flood Warning issued for flood-prone areas of Maui County",
          "Flood Advisory issued for flood-prone areas of Maui County",
          "Monday Weather Forecast | Flood advisory issued as heavy showers hit Maui County",
          "Monday Weather Forecast | Flood advisory issued as heavy showers hit Maui County",
          "NWS extends Flash Flood Warning for Big Island, Maui County, Molokai",
          "Flood advisory in effect for Molokai, state under flood watch"
        ]
      }
    },
    {
      "type": "Feature",
      "geometry": {
        "type": "Point",
        "coordinates": [
          -156.469,
          20.8949
        ]
      },
      "properties": {
        "source": "NOAA",
        "site_id": "1615680",
        "site_name": "Kahului, Kahului Harbor",
        "lat": "20.8949",
        "lon": "-156.469",
        "stage_ft": 1.676,
        "stage_datetime": "2026-06-29 21:54",
        "tier": "normal",
        "action_stage": 5.66,
        "flood_stage": 6.66,
        "major_stage": 8.66,
        "url": "https://tidesandcurrents.noaa.gov/stationhome.html?id=1615680",
        "city_lat": 20.8029568,
        "city_lon": -156.3106833,
        "fetched_at": "2026-06-29T22:01:32.713254+00:00",
        "flood_event_count": 92,
        "nearest_flood_miles": 12.04,
        "nearest_flood_title": "Powerful kona storm brings warning level winds and flash flood risks; Flood Warning issued for Maui until 2 p.m.",
        "color": "#2d6a4f",
        "nearby_flood_titles": [
          "Powerful kona storm brings warning level winds and flash flood risks; Flood Warning issued for Maui until 2 p.m.",
          "Flash flood destroys Maui couple's dream home",
          "Flash flood destroys Maui couple's dream home",
          "Flash flood destroys Maui couple's dream home",
          "Flash flood destroys Maui couple's dream home",
          "Flash flood destroys Maui couple's dream home",
          "Flash flood destroys Maui couple's dream home",
          "Flash flood destroys Maui couple's dream home",
          "Flash flood destroys Maui couple's dream home",
          "Flash flood destroys Maui couple's dream home",
          "Flash flood destroys Maui couple's dream home",
          "Flash flood destroys Maui couple's dream home",
          "Flash flood destroys Maui couple's dream home",
          "Flash flood destroys Maui couple's dream home",
          "Flash flood destroys Maui couple's dream home",
          "Flash flood destroys Maui couple's dream home",
          "Flash flood destroys Maui couple's dream home",
          "Flash flood destroys Maui couple's dream home",
          "Flash flood destroys Maui couple's dream home",
          "Flash flood destroys Maui couple's dream home",
          "Flash flood destroys Maui couple's dream home",
          "Flash flood destroys Maui couple's dream home",
          "Flash flood destroys Maui couple's dream home",
          "Flash flood destroys Maui couple's dream home",
          "Flash flood destroys Maui couple's dream home",
          "Flash flood destroys Maui couple's dream home",
          "Flash flood destroys Maui couple's dream home",
          "Flash flood destroys Maui couple's dream home",
          "Flash flood destroys Maui couple's dream home",
          "Flash flood destroys Maui couple's dream home",
          "Flash flood destroys Maui couple's dream home",
          "Flash flood destroys Maui couple's dream home",
          "Flash flood destroys Maui couple's dream home",
          "Flash flood destroys Maui couple's dream home",
          "Flash flood destroys Maui couple's dream home",
          "Flash flood destroys Maui couple's dream home",
          "Flash flood destroys Maui couple's dream home",
          "Flash flood destroys Maui couple's dream home",
          "Flash flood destroys Maui couple's dream home",
          "Flash flood destroys Maui couple's dream home",
          "Flash flood destroys Maui couple's dream home",
          "Flash flood destroys Maui couple's dream home",
          "Flash flood destroys Maui couple's dream home",
          "Flash flood destroys Maui couple's dream home",
          "Flash flood destroys Maui couple's dream home",
          "Flash flood destroys Maui couple's dream home",
          "Flash flood destroys Maui couple's dream home",
          "Flash flood destroys Maui couple's dream home",
          "Flash flood destroys Maui couple's dream home",
          "Flash flood destroys Maui couple's dream home",
          "Flash flood destroys Maui couple's dream home",
          "Flash flood destroys Maui couple's dream home",
          "Flash flood destroys Maui couple's dream home",
          "Flash flood destroys Maui couple's dream home",
          "Flash flood destroys Maui couple's dream home",
          "Flash flood destroys Maui couple's dream home",
          "Flash flood destroys Maui couple's dream home",
          "Flash flood destroys Maui couple's dream home",
          "Flash flood destroys Maui couple's dream home",
          "Flash flood destroys Maui couple's dream home",
          "Flash flood destroys Maui couple's dream home",
          "Flash flood destroys Maui couple's dream home",
          "Flash flood destroys Maui couple's dream home",
          "Flash flood destroys Maui couple's dream home",
          "Flash flood destroys Maui couple's dream home",
          "Flash flood destroys Maui couple's dream home",
          "Flash flood destroys Maui couple's dream home",
          "Flash flood destroys Maui couple's dream home",
          "Flash flood destroys Maui couple's dream home",
          "Flash flood destroys Maui couple's dream home",
          "Flash flood destroys Maui couple's dream home",
          "Flash flood destroys Maui couple's dream home",
          "Flash flood destroys Maui couple's dream home",
          "Flash flood destroys Maui couple's dream home",
          "Flash flood destroys Maui couple's dream home",
          "Flash flood destroys Maui couple's dream home",
          "Flash flood destroys Maui couple's dream home",
          "Flash flood destroys Maui couple's dream home",
          "Flash flood warning extended for Maui; Flood advisory covers Oahu",
          "Flash flood warning posted for Maui as heavy rain intensifies",
          "Storm updates: Flash flood warnings issued for Maui, flood watches for Big Island",
          "Flash flood warning issued for east Maui as storm hits state",
          "Flash flood warning issued for east Maui as storm hits state",
          "Powerful kona storm brings warning level winds and flash flood risks; Flood Watch continues for Maui County",
          "NWS issues flash flood warning for Maui County",
          "NWS extends Flash Flood Warning for Big Island, Maui County, Molokai",
          "Flood Warning issued for flood-prone areas of Maui County",
          "Flood Advisory issued for flood-prone areas of Maui County",
          "Monday Weather Forecast | Flood advisory issued as heavy showers hit Maui County",
          "Monday Weather Forecast | Flood advisory issued as heavy showers hit Maui County",
          "NWS extends Flash Flood Warning for Big Island, Maui County, Molokai",
          "Flood advisory in effect for Molokai, state under flood watch"
        ]
      }
    },
    {
      "type": "Feature",
      "geometry": {
        "type": "Point",
        "coordinates": [
          -156.469,
          20.8949
        ]
      },
      "properties": {
        "source": "NOAA",
        "site_id": "1615680",
        "site_name": "Kahului, Kahului Harbor",
        "lat": "20.8949",
        "lon": "-156.469",
        "stage_ft": 1.676,
        "stage_datetime": "2026-06-29 21:54",
        "tier": "normal",
        "action_stage": 5.66,
        "flood_stage": 6.66,
        "major_stage": 8.66,
        "url": "https://tidesandcurrents.noaa.gov/stationhome.html?id=1615680",
        "city_lat": 20.8029568,
        "city_lon": -156.3106833,
        "fetched_at": "2026-06-29T22:01:32.713254+00:00",
        "flood_event_count": 92,
        "nearest_flood_miles": 12.04,
        "nearest_flood_title": "Powerful kona storm brings warning level winds and flash flood risks; Flood Warning issued for Maui until 2 p.m.",
        "color": "#2d6a4f",
        "nearby_flood_titles": [
          "Powerful kona storm brings warning level winds and flash flood risks; Flood Warning issued for Maui until 2 p.m.",
          "Flash flood destroys Maui couple's dream home",
          "Flash flood destroys Maui couple's dream home",
          "Flash flood destroys Maui couple's dream home",
          "Flash flood destroys Maui couple's dream home",
          "Flash flood destroys Maui couple's dream home",
          "Flash flood destroys Maui couple's dream home",
          "Flash flood destroys Maui couple's dream home",
          "Flash flood destroys Maui couple's dream home",
          "Flash flood destroys Maui couple's dream home",
          "Flash flood destroys Maui couple's dream home",
          "Flash flood destroys Maui couple's dream home",
          "Flash flood destroys Maui couple's dream home",
          "Flash flood destroys Maui couple's dream home",
          "Flash flood destroys Maui couple's dream home",
          "Flash flood destroys Maui couple's dream home",
          "Flash flood destroys Maui couple's dream home",
          "Flash flood destroys Maui couple's dream home",
          "Flash flood destroys Maui couple's dream home",
          "Flash flood destroys Maui couple's dream home",
          "Flash flood destroys Maui couple's dream home",
          "Flash flood destroys Maui couple's dream home",
          "Flash flood destroys Maui couple's dream home",
          "Flash flood destroys Maui couple's dream home",
          "Flash flood destroys Maui couple's dream home",
          "Flash flood destroys Maui couple's dream home",
          "Flash flood destroys Maui couple's dream home",
          "Flash flood destroys Maui couple's dream home",
          "Flash flood destroys Maui couple's dream home",
          "Flash flood destroys Maui couple's dream home",
          "Flash flood destroys Maui couple's dream home",
          "Flash flood destroys Maui couple's dream home",
          "Flash flood destroys Maui couple's dream home",
          "Flash flood destroys Maui couple's dream home",
          "Flash flood destroys Maui couple's dream home",
          "Flash flood destroys Maui couple's dream home",
          "Flash flood destroys Maui couple's dream home",
          "Flash flood destroys Maui couple's dream home",
          "Flash flood destroys Maui couple's dream home",
          "Flash flood destroys Maui couple's dream home",
          "Flash flood destroys Maui couple's dream home",
          "Flash flood destroys Maui couple's dream home",
          "Flash flood destroys Maui couple's dream home",
          "Flash flood destroys Maui couple's dream home",
          "Flash flood destroys Maui couple's dream home",
          "Flash flood destroys Maui couple's dream home",
          "Flash flood destroys Maui couple's dream home",
          "Flash flood destroys Maui couple's dream home",
          "Flash flood destroys Maui couple's dream home",
          "Flash flood destroys Maui couple's dream home",
          "Flash flood destroys Maui couple's dream home",
          "Flash flood destroys Maui couple's dream home",
          "Flash flood destroys Maui couple's dream home",
          "Flash flood destroys Maui couple's dream home",
          "Flash flood destroys Maui couple's dream home",
          "Flash flood destroys Maui couple's dream home",
          "Flash flood destroys Maui couple's dream home",
          "Flash flood destroys Maui couple's dream home",
          "Flash flood destroys Maui couple's dream home",
          "Flash flood destroys Maui couple's dream home",
          "Flash flood destroys Maui couple's dream home",
          "Flash flood destroys Maui couple's dream home",
          "Flash flood destroys Maui couple's dream home",
          "Flash flood destroys Maui couple's dream home",
          "Flash flood destroys Maui couple's dream home",
          "Flash flood destroys Maui couple's dream home",
          "Flash flood destroys Maui couple's dream home",
          "Flash flood destroys Maui couple's dream home",
          "Flash flood destroys Maui couple's dream home",
          "Flash flood destroys Maui couple's dream home",
          "Flash flood destroys Maui couple's dream home",
          "Flash flood destroys Maui couple's dream home",
          "Flash flood destroys Maui couple's dream home",
          "Flash flood destroys Maui couple's dream home",
          "Flash flood destroys Maui couple's dream home",
          "Flash flood destroys Maui couple's dream home",
          "Flash flood destroys Maui couple's dream home",
          "Flash flood destroys Maui couple's dream home",
          "Flash flood warning extended for Maui; Flood advisory covers Oahu",
          "Flash flood warning posted for Maui as heavy rain intensifies",
          "Storm updates: Flash flood warnings issued for Maui, flood watches for Big Island",
          "Flash flood warning issued for east Maui as storm hits state",
          "Flash flood warning issued for east Maui as storm hits state",
          "Powerful kona storm brings warning level winds and flash flood risks; Flood Watch continues for Maui County",
          "NWS issues flash flood warning for Maui County",
          "NWS extends Flash Flood Warning for Big Island, Maui County, Molokai",
          "Flood Warning issued for flood-prone areas of Maui County",
          "Flood Advisory issued for flood-prone areas of Maui County",
          "Monday Weather Forecast | Flood advisory issued as heavy showers hit Maui County",
          "Monday Weather Forecast | Flood advisory issued as heavy showers hit Maui County",
          "NWS extends Flash Flood Warning for Big Island, Maui County, Molokai",
          "Flood advisory in effect for Molokai, state under flood watch"
        ]
      }
    },
    {
      "type": "Feature",
      "geometry": {
        "type": "Point",
        "coordinates": [
          -156.469,
          20.8949
        ]
      },
      "properties": {
        "source": "NOAA",
        "site_id": "1615680",
        "site_name": "Kahului, Kahului Harbor",
        "lat": "20.8949",
        "lon": "-156.469",
        "stage_ft": 1.676,
        "stage_datetime": "2026-06-29 21:54",
        "tier": "normal",
        "action_stage": 5.66,
        "flood_stage": 6.66,
        "major_stage": 8.66,
        "url": "https://tidesandcurrents.noaa.gov/stationhome.html?id=1615680",
        "city_lat": 20.8029568,
        "city_lon": -156.3106833,
        "fetched_at": "2026-06-29T22:01:32.713254+00:00",
        "flood_event_count": 92,
        "nearest_flood_miles": 12.04,
        "nearest_flood_title": "Powerful kona storm brings warning level winds and flash flood risks; Flood Warning issued for Maui until 2 p.m.",
        "color": "#2d6a4f",
        "nearby_flood_titles": [
          "Powerful kona storm brings warning level winds and flash flood risks; Flood Warning issued for Maui until 2 p.m.",
          "Flash flood destroys Maui couple's dream home",
          "Flash flood destroys Maui couple's dream home",
          "Flash flood destroys Maui couple's dream home",
          "Flash flood destroys Maui couple's dream home",
          "Flash flood destroys Maui couple's dream home",
          "Flash flood destroys Maui couple's dream home",
          "Flash flood destroys Maui couple's dream home",
          "Flash flood destroys Maui couple's dream home",
          "Flash flood destroys Maui couple's dream home",
          "Flash flood destroys Maui couple's dream home",
          "Flash flood destroys Maui couple's dream home",
          "Flash flood destroys Maui couple's dream home",
          "Flash flood destroys Maui couple's dream home",
          "Flash flood destroys Maui couple's dream home",
          "Flash flood destroys Maui couple's dream home",
          "Flash flood destroys Maui couple's dream home",
          "Flash flood destroys Maui couple's dream home",
          "Flash flood destroys Maui couple's dream home",
          "Flash flood destroys Maui couple's dream home",
          "Flash flood destroys Maui couple's dream home",
          "Flash flood destroys Maui couple's dream home",
          "Flash flood destroys Maui couple's dream home",
          "Flash flood destroys Maui couple's dream home",
          "Flash flood destroys Maui couple's dream home",
          "Flash flood destroys Maui couple's dream home",
          "Flash flood destroys Maui couple's dream home",
          "Flash flood destroys Maui couple's dream home",
          "Flash flood destroys Maui couple's dream home",
          "Flash flood destroys Maui couple's dream home",
          "Flash flood destroys Maui couple's dream home",
          "Flash flood destroys Maui couple's dream home",
          "Flash flood destroys Maui couple's dream home",
          "Flash flood destroys Maui couple's dream home",
          "Flash flood destroys Maui couple's dream home",
          "Flash flood destroys Maui couple's dream home",
          "Flash flood destroys Maui couple's dream home",
          "Flash flood destroys Maui couple's dream home",
          "Flash flood destroys Maui couple's dream home",
          "Flash flood destroys Maui couple's dream home",
          "Flash flood destroys Maui couple's dream home",
          "Flash flood destroys Maui couple's dream home",
          "Flash flood destroys Maui couple's dream home",
          "Flash flood destroys Maui couple's dream home",
          "Flash flood destroys Maui couple's dream home",
          "Flash flood destroys Maui couple's dream home",
          "Flash flood destroys Maui couple's dream home",
          "Flash flood destroys Maui couple's dream home",
          "Flash flood destroys Maui couple's dream home",
          "Flash flood destroys Maui couple's dream home",
          "Flash flood destroys Maui couple's dream home",
          "Flash flood destroys Maui couple's dream home",
          "Flash flood destroys Maui couple's dream home",
          "Flash flood destroys Maui couple's dream home",
          "Flash flood destroys Maui couple's dream home",
          "Flash flood destroys Maui couple's dream home",
          "Flash flood destroys Maui couple's dream home",
          "Flash flood destroys Maui couple's dream home",
          "Flash flood destroys Maui couple's dream home",
          "Flash flood destroys Maui couple's dream home",
          "Flash flood destroys Maui couple's dream home",
          "Flash flood destroys Maui couple's dream home",
          "Flash flood destroys Maui couple's dream home",
          "Flash flood destroys Maui couple's dream home",
          "Flash flood destroys Maui couple's dream home",
          "Flash flood destroys Maui couple's dream home",
          "Flash flood destroys Maui couple's dream home",
          "Flash flood destroys Maui couple's dream home",
          "Flash flood destroys Maui couple's dream home",
          "Flash flood destroys Maui couple's dream home",
          "Flash flood destroys Maui couple's dream home",
          "Flash flood destroys Maui couple's dream home",
          "Flash flood destroys Maui couple's dream home",
          "Flash flood destroys Maui couple's dream home",
          "Flash flood destroys Maui couple's dream home",
          "Flash flood destroys Maui couple's dream home",
          "Flash flood destroys Maui couple's dream home",
          "Flash flood destroys Maui couple's dream home",
          "Flash flood warning extended for Maui; Flood advisory covers Oahu",
          "Flash flood warning posted for Maui as heavy rain intensifies",
          "Storm updates: Flash flood warnings issued for Maui, flood watches for Big Island",
          "Flash flood warning issued for east Maui as storm hits state",
          "Flash flood warning issued for east Maui as storm hits state",
          "Powerful kona storm brings warning level winds and flash flood risks; Flood Watch continues for Maui County",
          "NWS issues flash flood warning for Maui County",
          "NWS extends Flash Flood Warning for Big Island, Maui County, Molokai",
          "Flood Warning issued for flood-prone areas of Maui County",
          "Flood Advisory issued for flood-prone areas of Maui County",
          "Monday Weather Forecast | Flood advisory issued as heavy showers hit Maui County",
          "Monday Weather Forecast | Flood advisory issued as heavy showers hit Maui County",
          "NWS extends Flash Flood Warning for Big Island, Maui County, Molokai",
          "Flood advisory in effect for Molokai, state under flood watch"
        ]
      }
    },
    {
      "type": "Feature",
      "geometry": {
        "type": "Point",
        "coordinates": [
          -156.469,
          20.8949
        ]
      },
      "properties": {
        "source": "NOAA",
        "site_id": "1615680",
        "site_name": "Kahului, Kahului Harbor",
        "lat": "20.8949",
        "lon": "-156.469",
        "stage_ft": 1.676,
        "stage_datetime": "2026-06-29 21:54",
        "tier": "normal",
        "action_stage": 5.66,
        "flood_stage": 6.66,
        "major_stage": 8.66,
        "url": "https://tidesandcurrents.noaa.gov/stationhome.html?id=1615680",
        "city_lat": 20.8029568,
        "city_lon": -156.3106833,
        "fetched_at": "2026-06-29T22:01:32.713254+00:00",
        "flood_event_count": 92,
        "nearest_flood_miles": 12.04,
        "nearest_flood_title": "Powerful kona storm brings warning level winds and flash flood risks; Flood Warning issued for Maui until 2 p.m.",
        "color": "#2d6a4f",
        "nearby_flood_titles": [
          "Powerful kona storm brings warning level winds and flash flood risks; Flood Warning issued for Maui until 2 p.m.",
          "Flash flood destroys Maui couple's dream home",
          "Flash flood destroys Maui couple's dream home",
          "Flash flood destroys Maui couple's dream home",
          "Flash flood destroys Maui couple's dream home",
          "Flash flood destroys Maui couple's dream home",
          "Flash flood destroys Maui couple's dream home",
          "Flash flood destroys Maui couple's dream home",
          "Flash flood destroys Maui couple's dream home",
          "Flash flood destroys Maui couple's dream home",
          "Flash flood destroys Maui couple's dream home",
          "Flash flood destroys Maui couple's dream home",
          "Flash flood destroys Maui couple's dream home",
          "Flash flood destroys Maui couple's dream home",
          "Flash flood destroys Maui couple's dream home",
          "Flash flood destroys Maui couple's dream home",
          "Flash flood destroys Maui couple's dream home",
          "Flash flood destroys Maui couple's dream home",
          "Flash flood destroys Maui couple's dream home",
          "Flash flood destroys Maui couple's dream home",
          "Flash flood destroys Maui couple's dream home",
          "Flash flood destroys Maui couple's dream home",
          "Flash flood destroys Maui couple's dream home",
          "Flash flood destroys Maui couple's dream home",
          "Flash flood destroys Maui couple's dream home",
          "Flash flood destroys Maui couple's dream home",
          "Flash flood destroys Maui couple's dream home",
          "Flash flood destroys Maui couple's dream home",
          "Flash flood destroys Maui couple's dream home",
          "Flash flood destroys Maui couple's dream home",
          "Flash flood destroys Maui couple's dream home",
          "Flash flood destroys Maui couple's dream home",
          "Flash flood destroys Maui couple's dream home",
          "Flash flood destroys Maui couple's dream home",
          "Flash flood destroys Maui couple's dream home",
          "Flash flood destroys Maui couple's dream home",
          "Flash flood destroys Maui couple's dream home",
          "Flash flood destroys Maui couple's dream home",
          "Flash flood destroys Maui couple's dream home",
          "Flash flood destroys Maui couple's dream home",
          "Flash flood destroys Maui couple's dream home",
          "Flash flood destroys Maui couple's dream home",
          "Flash flood destroys Maui couple's dream home",
          "Flash flood destroys Maui couple's dream home",
          "Flash flood destroys Maui couple's dream home",
          "Flash flood destroys Maui couple's dream home",
          "Flash flood destroys Maui couple's dream home",
          "Flash flood destroys Maui couple's dream home",
          "Flash flood destroys Maui couple's dream home",
          "Flash flood destroys Maui couple's dream home",
          "Flash flood destroys Maui couple's dream home",
          "Flash flood destroys Maui couple's dream home",
          "Flash flood destroys Maui couple's dream home",
          "Flash flood destroys Maui couple's dream home",
          "Flash flood destroys Maui couple's dream home",
          "Flash flood destroys Maui couple's dream home",
          "Flash flood destroys Maui couple's dream home",
          "Flash flood destroys Maui couple's dream home",
          "Flash flood destroys Maui couple's dream home",
          "Flash flood destroys Maui couple's dream home",
          "Flash flood destroys Maui couple's dream home",
          "Flash flood destroys Maui couple's dream home",
          "Flash flood destroys Maui couple's dream home",
          "Flash flood destroys Maui couple's dream home",
          "Flash flood destroys Maui couple's dream home",
          "Flash flood destroys Maui couple's dream home",
          "Flash flood destroys Maui couple's dream home",
          "Flash flood destroys Maui couple's dream home",
          "Flash flood destroys Maui couple's dream home",
          "Flash flood destroys Maui couple's dream home",
          "Flash flood destroys Maui couple's dream home",
          "Flash flood destroys Maui couple's dream home",
          "Flash flood destroys Maui couple's dream home",
          "Flash flood destroys Maui couple's dream home",
          "Flash flood destroys Maui couple's dream home",
          "Flash flood destroys Maui couple's dream home",
          "Flash flood destroys Maui couple's dream home",
          "Flash flood destroys Maui couple's dream home",
          "Flash flood warning extended for Maui; Flood advisory covers Oahu",
          "Flash flood warning posted for Maui as heavy rain intensifies",
          "Storm updates: Flash flood warnings issued for Maui, flood watches for Big Island",
          "Flash flood warning issued for east Maui as storm hits state",
          "Flash flood warning issued for east Maui as storm hits state",
          "Powerful kona storm brings warning level winds and flash flood risks; Flood Watch continues for Maui County",
          "NWS issues flash flood warning for Maui County",
          "NWS extends Flash Flood Warning for Big Island, Maui County, Molokai",
          "Flood Warning issued for flood-prone areas of Maui County",
          "Flood Advisory issued for flood-prone areas of Maui County",
          "Monday Weather Forecast | Flood advisory issued as heavy showers hit Maui County",
          "Monday Weather Forecast | Flood advisory issued as heavy showers hit Maui County",
          "NWS extends Flash Flood Warning for Big Island, Maui County, Molokai",
          "Flood advisory in effect for Molokai, state under flood watch"
        ]
      }
    },
    {
      "type": "Feature",
      "geometry": {
        "type": "Point",
        "coordinates": [
          -156.469,
          20.8949
        ]
      },
      "properties": {
        "source": "NOAA",
        "site_id": "1615680",
        "site_name": "Kahului, Kahului Harbor",
        "lat": "20.8949",
        "lon": "-156.469",
        "stage_ft": 1.676,
        "stage_datetime": "2026-06-29 21:54",
        "tier": "normal",
        "action_stage": 5.66,
        "flood_stage": 6.66,
        "major_stage": 8.66,
        "url": "https://tidesandcurrents.noaa.gov/stationhome.html?id=1615680",
        "city_lat": 20.8029568,
        "city_lon": -156.3106833,
        "fetched_at": "2026-06-29T22:01:32.713254+00:00",
        "flood_event_count": 92,
        "nearest_flood_miles": 12.04,
        "nearest_flood_title": "Powerful kona storm brings warning level winds and flash flood risks; Flood Warning issued for Maui until 2 p.m.",
        "color": "#2d6a4f",
        "nearby_flood_titles": [
          "Powerful kona storm brings warning level winds and flash flood risks; Flood Warning issued for Maui until 2 p.m.",
          "Flash flood destroys Maui couple's dream home",
          "Flash flood destroys Maui couple's dream home",
          "Flash flood destroys Maui couple's dream home",
          "Flash flood destroys Maui couple's dream home",
          "Flash flood destroys Maui couple's dream home",
          "Flash flood destroys Maui couple's dream home",
          "Flash flood destroys Maui couple's dream home",
          "Flash flood destroys Maui couple's dream home",
          "Flash flood destroys Maui couple's dream home",
          "Flash flood destroys Maui couple's dream home",
          "Flash flood destroys Maui couple's dream home",
          "Flash flood destroys Maui couple's dream home",
          "Flash flood destroys Maui couple's dream home",
          "Flash flood destroys Maui couple's dream home",
          "Flash flood destroys Maui couple's dream home",
          "Flash flood destroys Maui couple's dream home",
          "Flash flood destroys Maui couple's dream home",
          "Flash flood destroys Maui couple's dream home",
          "Flash flood destroys Maui couple's dream home",
          "Flash flood destroys Maui couple's dream home",
          "Flash flood destroys Maui couple's dream home",
          "Flash flood destroys Maui couple's dream home",
          "Flash flood destroys Maui couple's dream home",
          "Flash flood destroys Maui couple's dream home",
          "Flash flood destroys Maui couple's dream home",
          "Flash flood destroys Maui couple's dream home",
          "Flash flood destroys Maui couple's dream home",
          "Flash flood destroys Maui couple's dream home",
          "Flash flood destroys Maui couple's dream home",
          "Flash flood destroys Maui couple's dream home",
          "Flash flood destroys Maui couple's dream home",
          "Flash flood destroys Maui couple's dream home",
          "Flash flood destroys Maui couple's dream home",
          "Flash flood destroys Maui couple's dream home",
          "Flash flood destroys Maui couple's dream home",
          "Flash flood destroys Maui couple's dream home",
          "Flash flood destroys Maui couple's dream home",
          "Flash flood destroys Maui couple's dream home",
          "Flash flood destroys Maui couple's dream home",
          "Flash flood destroys Maui couple's dream home",
          "Flash flood destroys Maui couple's dream home",
          "Flash flood destroys Maui couple's dream home",
          "Flash flood destroys Maui couple's dream home",
          "Flash flood destroys Maui couple's dream home",
          "Flash flood destroys Maui couple's dream home",
          "Flash flood destroys Maui couple's dream home",
          "Flash flood destroys Maui couple's dream home",
          "Flash flood destroys Maui couple's dream home",
          "Flash flood destroys Maui couple's dream home",
          "Flash flood destroys Maui couple's dream home",
          "Flash flood destroys Maui couple's dream home",
          "Flash flood destroys Maui couple's dream home",
          "Flash flood destroys Maui couple's dream home",
          "Flash flood destroys Maui couple's dream home",
          "Flash flood destroys Maui couple's dream home",
          "Flash flood destroys Maui couple's dream home",
          "Flash flood destroys Maui couple's dream home",
          "Flash flood destroys Maui couple's dream home",
          "Flash flood destroys Maui couple's dream home",
          "Flash flood destroys Maui couple's dream home",
          "Flash flood destroys Maui couple's dream home",
          "Flash flood destroys Maui couple's dream home",
          "Flash flood destroys Maui couple's dream home",
          "Flash flood destroys Maui couple's dream home",
          "Flash flood destroys Maui couple's dream home",
          "Flash flood destroys Maui couple's dream home",
          "Flash flood destroys Maui couple's dream home",
          "Flash flood destroys Maui couple's dream home",
          "Flash flood destroys Maui couple's dream home",
          "Flash flood destroys Maui couple's dream home",
          "Flash flood destroys Maui couple's dream home",
          "Flash flood destroys Maui couple's dream home",
          "Flash flood destroys Maui couple's dream home",
          "Flash flood destroys Maui couple's dream home",
          "Flash flood destroys Maui couple's dream home",
          "Flash flood destroys Maui couple's dream home",
          "Flash flood destroys Maui couple's dream home",
          "Flash flood warning extended for Maui; Flood advisory covers Oahu",
          "Flash flood warning posted for Maui as heavy rain intensifies",
          "Storm updates: Flash flood warnings issued for Maui, flood watches for Big Island",
          "Flash flood warning issued for east Maui as storm hits state",
          "Flash flood warning issued for east Maui as storm hits state",
          "Powerful kona storm brings warning level winds and flash flood risks; Flood Watch continues for Maui County",
          "NWS issues flash flood warning for Maui County",
          "NWS extends Flash Flood Warning for Big Island, Maui County, Molokai",
          "Flood Warning issued for flood-prone areas of Maui County",
          "Flood Advisory issued for flood-prone areas of Maui County",
          "Monday Weather Forecast | Flood advisory issued as heavy showers hit Maui County",
          "Monday Weather Forecast | Flood advisory issued as heavy showers hit Maui County",
          "NWS extends Flash Flood Warning for Big Island, Maui County, Molokai",
          "Flood advisory in effect for Molokai, state under flood watch"
        ]
      }
    },
    {
      "type": "Feature",
      "geometry": {
        "type": "Point",
        "coordinates": [
          -156.469,
          20.8949
        ]
      },
      "properties": {
        "source": "NOAA",
        "site_id": "1615680",
        "site_name": "Kahului, Kahului Harbor",
        "lat": "20.8949",
        "lon": "-156.469",
        "stage_ft": 1.676,
        "stage_datetime": "2026-06-29 21:54",
        "tier": "normal",
        "action_stage": 5.66,
        "flood_stage": 6.66,
        "major_stage": 8.66,
        "url": "https://tidesandcurrents.noaa.gov/stationhome.html?id=1615680",
        "city_lat": 20.8029568,
        "city_lon": -156.3106833,
        "fetched_at": "2026-06-29T22:01:32.713254+00:00",
        "flood_event_count": 92,
        "nearest_flood_miles": 12.04,
        "nearest_flood_title": "Powerful kona storm brings warning level winds and flash flood risks; Flood Warning issued for Maui until 2 p.m.",
        "color": "#2d6a4f",
        "nearby_flood_titles": [
          "Powerful kona storm brings warning level winds and flash flood risks; Flood Warning issued for Maui until 2 p.m.",
          "Flash flood destroys Maui couple's dream home",
          "Flash flood destroys Maui couple's dream home",
          "Flash flood destroys Maui couple's dream home",
          "Flash flood destroys Maui couple's dream home",
          "Flash flood destroys Maui couple's dream home",
          "Flash flood destroys Maui couple's dream home",
          "Flash flood destroys Maui couple's dream home",
          "Flash flood destroys Maui couple's dream home",
          "Flash flood destroys Maui couple's dream home",
          "Flash flood destroys Maui couple's dream home",
          "Flash flood destroys Maui couple's dream home",
          "Flash flood destroys Maui couple's dream home",
          "Flash flood destroys Maui couple's dream home",
          "Flash flood destroys Maui couple's dream home",
          "Flash flood destroys Maui couple's dream home",
          "Flash flood destroys Maui couple's dream home",
          "Flash flood destroys Maui couple's dream home",
          "Flash flood destroys Maui couple's dream home",
          "Flash flood destroys Maui couple's dream home",
          "Flash flood destroys Maui couple's dream home",
          "Flash flood destroys Maui couple's dream home",
          "Flash flood destroys Maui couple's dream home",
          "Flash flood destroys Maui couple's dream home",
          "Flash flood destroys Maui couple's dream home",
          "Flash flood destroys Maui couple's dream home",
          "Flash flood destroys Maui couple's dream home",
          "Flash flood destroys Maui couple's dream home",
          "Flash flood destroys Maui couple's dream home",
          "Flash flood destroys Maui couple's dream home",
          "Flash flood destroys Maui couple's dream home",
          "Flash flood destroys Maui couple's dream home",
          "Flash flood destroys Maui couple's dream home",
          "Flash flood destroys Maui couple's dream home",
          "Flash flood destroys Maui couple's dream home",
          "Flash flood destroys Maui couple's dream home",
          "Flash flood destroys Maui couple's dream home",
          "Flash flood destroys Maui couple's dream home",
          "Flash flood destroys Maui couple's dream home",
          "Flash flood destroys Maui couple's dream home",
          "Flash flood destroys Maui couple's dream home",
          "Flash flood destroys Maui couple's dream home",
          "Flash flood destroys Maui couple's dream home",
          "Flash flood destroys Maui couple's dream home",
          "Flash flood destroys Maui couple's dream home",
          "Flash flood destroys Maui couple's dream home",
          "Flash flood destroys Maui couple's dream home",
          "Flash flood destroys Maui couple's dream home",
          "Flash flood destroys Maui couple's dream home",
          "Flash flood destroys Maui couple's dream home",
          "Flash flood destroys Maui couple's dream home",
          "Flash flood destroys Maui couple's dream home",
          "Flash flood destroys Maui couple's dream home",
          "Flash flood destroys Maui couple's dream home",
          "Flash flood destroys Maui couple's dream home",
          "Flash flood destroys Maui couple's dream home",
          "Flash flood destroys Maui couple's dream home",
          "Flash flood destroys Maui couple's dream home",
          "Flash flood destroys Maui couple's dream home",
          "Flash flood destroys Maui couple's dream home",
          "Flash flood destroys Maui couple's dream home",
          "Flash flood destroys Maui couple's dream home",
          "Flash flood destroys Maui couple's dream home",
          "Flash flood destroys Maui couple's dream home",
          "Flash flood destroys Maui couple's dream home",
          "Flash flood destroys Maui couple's dream home",
          "Flash flood destroys Maui couple's dream home",
          "Flash flood destroys Maui couple's dream home",
          "Flash flood destroys Maui couple's dream home",
          "Flash flood destroys Maui couple's dream home",
          "Flash flood destroys Maui couple's dream home",
          "Flash flood destroys Maui couple's dream home",
          "Flash flood destroys Maui couple's dream home",
          "Flash flood destroys Maui couple's dream home",
          "Flash flood destroys Maui couple's dream home",
          "Flash flood destroys Maui couple's dream home",
          "Flash flood destroys Maui couple's dream home",
          "Flash flood destroys Maui couple's dream home",
          "Flash flood warning extended for Maui; Flood advisory covers Oahu",
          "Flash flood warning posted for Maui as heavy rain intensifies",
          "Storm updates: Flash flood warnings issued for Maui, flood watches for Big Island",
          "Flash flood warning issued for east Maui as storm hits state",
          "Flash flood warning issued for east Maui as storm hits state",
          "Powerful kona storm brings warning level winds and flash flood risks; Flood Watch continues for Maui County",
          "NWS issues flash flood warning for Maui County",
          "NWS extends Flash Flood Warning for Big Island, Maui County, Molokai",
          "Flood Warning issued for flood-prone areas of Maui County",
          "Flood Advisory issued for flood-prone areas of Maui County",
          "Monday Weather Forecast | Flood advisory issued as heavy showers hit Maui County",
          "Monday Weather Forecast | Flood advisory issued as heavy showers hit Maui County",
          "NWS extends Flash Flood Warning for Big Island, Maui County, Molokai",
          "Flood advisory in effect for Molokai, state under flood watch"
        ]
      }
    },
    {
      "type": "Feature",
      "geometry": {
        "type": "Point",
        "coordinates": [
          -156.469,
          20.8949
        ]
      },
      "properties": {
        "source": "NOAA",
        "site_id": "1615680",
        "site_name": "Kahului, Kahului Harbor",
        "lat": "20.8949",
        "lon": "-156.469",
        "stage_ft": 1.676,
        "stage_datetime": "2026-06-29 21:54",
        "tier": "normal",
        "action_stage": 5.66,
        "flood_stage": 6.66,
        "major_stage": 8.66,
        "url": "https://tidesandcurrents.noaa.gov/stationhome.html?id=1615680",
        "city_lat": 20.8029568,
        "city_lon": -156.3106833,
        "fetched_at": "2026-06-29T22:01:32.713254+00:00",
        "flood_event_count": 92,
        "nearest_flood_miles": 12.04,
        "nearest_flood_title": "Powerful kona storm brings warning level winds and flash flood risks; Flood Warning issued for Maui until 2 p.m.",
        "color": "#2d6a4f",
        "nearby_flood_titles": [
          "Powerful kona storm brings warning level winds and flash flood risks; Flood Warning issued for Maui until 2 p.m.",
          "Flash flood destroys Maui couple's dream home",
          "Flash flood destroys Maui couple's dream home",
          "Flash flood destroys Maui couple's dream home",
          "Flash flood destroys Maui couple's dream home",
          "Flash flood destroys Maui couple's dream home",
          "Flash flood destroys Maui couple's dream home",
          "Flash flood destroys Maui couple's dream home",
          "Flash flood destroys Maui couple's dream home",
          "Flash flood destroys Maui couple's dream home",
          "Flash flood destroys Maui couple's dream home",
          "Flash flood destroys Maui couple's dream home",
          "Flash flood destroys Maui couple's dream home",
          "Flash flood destroys Maui couple's dream home",
          "Flash flood destroys Maui couple's dream home",
          "Flash flood destroys Maui couple's dream home",
          "Flash flood destroys Maui couple's dream home",
          "Flash flood destroys Maui couple's dream home",
          "Flash flood destroys Maui couple's dream home",
          "Flash flood destroys Maui couple's dream home",
          "Flash flood destroys Maui couple's dream home",
          "Flash flood destroys Maui couple's dream home",
          "Flash flood destroys Maui couple's dream home",
          "Flash flood destroys Maui couple's dream home",
          "Flash flood destroys Maui couple's dream home",
          "Flash flood destroys Maui couple's dream home",
          "Flash flood destroys Maui couple's dream home",
          "Flash flood destroys Maui couple's dream home",
          "Flash flood destroys Maui couple's dream home",
          "Flash flood destroys Maui couple's dream home",
          "Flash flood destroys Maui couple's dream home",
          "Flash flood destroys Maui couple's dream home",
          "Flash flood destroys Maui couple's dream home",
          "Flash flood destroys Maui couple's dream home",
          "Flash flood destroys Maui couple's dream home",
          "Flash flood destroys Maui couple's dream home",
          "Flash flood destroys Maui couple's dream home",
          "Flash flood destroys Maui couple's dream home",
          "Flash flood destroys Maui couple's dream home",
          "Flash flood destroys Maui couple's dream home",
          "Flash flood destroys Maui couple's dream home",
          "Flash flood destroys Maui couple's dream home",
          "Flash flood destroys Maui couple's dream home",
          "Flash flood destroys Maui couple's dream home",
          "Flash flood destroys Maui couple's dream home",
          "Flash flood destroys Maui couple's dream home",
          "Flash flood destroys Maui couple's dream home",
          "Flash flood destroys Maui couple's dream home",
          "Flash flood destroys Maui couple's dream home",
          "Flash flood destroys Maui couple's dream home",
          "Flash flood destroys Maui couple's dream home",
          "Flash flood destroys Maui couple's dream home",
          "Flash flood destroys Maui couple's dream home",
          "Flash flood destroys Maui couple's dream home",
          "Flash flood destroys Maui couple's dream home",
          "Flash flood destroys Maui couple's dream home",
          "Flash flood destroys Maui couple's dream home",
          "Flash flood destroys Maui couple's dream home",
          "Flash flood destroys Maui couple's dream home",
          "Flash flood destroys Maui couple's dream home",
          "Flash flood destroys Maui couple's dream home",
          "Flash flood destroys Maui couple's dream home",
          "Flash flood destroys Maui couple's dream home",
          "Flash flood destroys Maui couple's dream home",
          "Flash flood destroys Maui couple's dream home",
          "Flash flood destroys Maui couple's dream home",
          "Flash flood destroys Maui couple's dream home",
          "Flash flood destroys Maui couple's dream home",
          "Flash flood destroys Maui couple's dream home",
          "Flash flood destroys Maui couple's dream home",
          "Flash flood destroys Maui couple's dream home",
          "Flash flood destroys Maui couple's dream home",
          "Flash flood destroys Maui couple's dream home",
          "Flash flood destroys Maui couple's dream home",
          "Flash flood destroys Maui couple's dream home",
          "Flash flood destroys Maui couple's dream home",
          "Flash flood destroys Maui couple's dream home",
          "Flash flood destroys Maui couple's dream home",
          "Flash flood warning extended for Maui; Flood advisory covers Oahu",
          "Flash flood warning posted for Maui as heavy rain intensifies",
          "Storm updates: Flash flood warnings issued for Maui, flood watches for Big Island",
          "Flash flood warning issued for east Maui as storm hits state",
          "Flash flood warning issued for east Maui as storm hits state",
          "Powerful kona storm brings warning level winds and flash flood risks; Flood Watch continues for Maui County",
          "NWS issues flash flood warning for Maui County",
          "NWS extends Flash Flood Warning for Big Island, Maui County, Molokai",
          "Flood Warning issued for flood-prone areas of Maui County",
          "Flood Advisory issued for flood-prone areas of Maui County",
          "Monday Weather Forecast | Flood advisory issued as heavy showers hit Maui County",
          "Monday Weather Forecast | Flood advisory issued as heavy showers hit Maui County",
          "NWS extends Flash Flood Warning for Big Island, Maui County, Molokai",
          "Flood advisory in effect for Molokai, state under flood watch"
        ]
      }
    },
    {
      "type": "Feature",
      "geometry": {
        "type": "Point",
        "coordinates": [
          -156.469,
          20.8949
        ]
      },
      "properties": {
        "source": "NOAA",
        "site_id": "1615680",
        "site_name": "Kahului, Kahului Harbor",
        "lat": "20.8949",
        "lon": "-156.469",
        "stage_ft": 1.676,
        "stage_datetime": "2026-06-29 21:54",
        "tier": "normal",
        "action_stage": 5.66,
        "flood_stage": 6.66,
        "major_stage": 8.66,
        "url": "https://tidesandcurrents.noaa.gov/stationhome.html?id=1615680",
        "city_lat": 20.8029568,
        "city_lon": -156.3106833,
        "fetched_at": "2026-06-29T22:01:32.713254+00:00",
        "flood_event_count": 92,
        "nearest_flood_miles": 12.04,
        "nearest_flood_title": "Powerful kona storm brings warning level winds and flash flood risks; Flood Warning issued for Maui until 2 p.m.",
        "color": "#2d6a4f",
        "nearby_flood_titles": [
          "Powerful kona storm brings warning level winds and flash flood risks; Flood Warning issued for Maui until 2 p.m.",
          "Flash flood destroys Maui couple's dream home",
          "Flash flood destroys Maui couple's dream home",
          "Flash flood destroys Maui couple's dream home",
          "Flash flood destroys Maui couple's dream home",
          "Flash flood destroys Maui couple's dream home",
          "Flash flood destroys Maui couple's dream home",
          "Flash flood destroys Maui couple's dream home",
          "Flash flood destroys Maui couple's dream home",
          "Flash flood destroys Maui couple's dream home",
          "Flash flood destroys Maui couple's dream home",
          "Flash flood destroys Maui couple's dream home",
          "Flash flood destroys Maui couple's dream home",
          "Flash flood destroys Maui couple's dream home",
          "Flash flood destroys Maui couple's dream home",
          "Flash flood destroys Maui couple's dream home",
          "Flash flood destroys Maui couple's dream home",
          "Flash flood destroys Maui couple's dream home",
          "Flash flood destroys Maui couple's dream home",
          "Flash flood destroys Maui couple's dream home",
          "Flash flood destroys Maui couple's dream home",
          "Flash flood destroys Maui couple's dream home",
          "Flash flood destroys Maui couple's dream home",
          "Flash flood destroys Maui couple's dream home",
          "Flash flood destroys Maui couple's dream home",
          "Flash flood destroys Maui couple's dream home",
          "Flash flood destroys Maui couple's dream home",
          "Flash flood destroys Maui couple's dream home",
          "Flash flood destroys Maui couple's dream home",
          "Flash flood destroys Maui couple's dream home",
          "Flash flood destroys Maui couple's dream home",
          "Flash flood destroys Maui couple's dream home",
          "Flash flood destroys Maui couple's dream home",
          "Flash flood destroys Maui couple's dream home",
          "Flash flood destroys Maui couple's dream home",
          "Flash flood destroys Maui couple's dream home",
          "Flash flood destroys Maui couple's dream home",
          "Flash flood destroys Maui couple's dream home",
          "Flash flood destroys Maui couple's dream home",
          "Flash flood destroys Maui couple's dream home",
          "Flash flood destroys Maui couple's dream home",
          "Flash flood destroys Maui couple's dream home",
          "Flash flood destroys Maui couple's dream home",
          "Flash flood destroys Maui couple's dream home",
          "Flash flood destroys Maui couple's dream home",
          "Flash flood destroys Maui couple's dream home",
          "Flash flood destroys Maui couple's dream home",
          "Flash flood destroys Maui couple's dream home",
          "Flash flood destroys Maui couple's dream home",
          "Flash flood destroys Maui couple's dream home",
          "Flash flood destroys Maui couple's dream home",
          "Flash flood destroys Maui couple's dream home",
          "Flash flood destroys Maui couple's dream home",
          "Flash flood destroys Maui couple's dream home",
          "Flash flood destroys Maui couple's dream home",
          "Flash flood destroys Maui couple's dream home",
          "Flash flood destroys Maui couple's dream home",
          "Flash flood destroys Maui couple's dream home",
          "Flash flood destroys Maui couple's dream home",
          "Flash flood destroys Maui couple's dream home",
          "Flash flood destroys Maui couple's dream home",
          "Flash flood destroys Maui couple's dream home",
          "Flash flood destroys Maui couple's dream home",
          "Flash flood destroys Maui couple's dream home",
          "Flash flood destroys Maui couple's dream home",
          "Flash flood destroys Maui couple's dream home",
          "Flash flood destroys Maui couple's dream home",
          "Flash flood destroys Maui couple's dream home",
          "Flash flood destroys Maui couple's dream home",
          "Flash flood destroys Maui couple's dream home",
          "Flash flood destroys Maui couple's dream home",
          "Flash flood destroys Maui couple's dream home",
          "Flash flood destroys Maui couple's dream home",
          "Flash flood destroys Maui couple's dream home",
          "Flash flood destroys Maui couple's dream home",
          "Flash flood destroys Maui couple's dream home",
          "Flash flood destroys Maui couple's dream home",
          "Flash flood destroys Maui couple's dream home",
          "Flash flood warning extended for Maui; Flood advisory covers Oahu",
          "Flash flood warning posted for Maui as heavy rain intensifies",
          "Storm updates: Flash flood warnings issued for Maui, flood watches for Big Island",
          "Flash flood warning issued for east Maui as storm hits state",
          "Flash flood warning issued for east Maui as storm hits state",
          "Powerful kona storm brings warning level winds and flash flood risks; Flood Watch continues for Maui County",
          "NWS issues flash flood warning for Maui County",
          "NWS extends Flash Flood Warning for Big Island, Maui County, Molokai",
          "Flood Warning issued for flood-prone areas of Maui County",
          "Flood Advisory issued for flood-prone areas of Maui County",
          "Monday Weather Forecast | Flood advisory issued as heavy showers hit Maui County",
          "Monday Weather Forecast | Flood advisory issued as heavy showers hit Maui County",
          "NWS extends Flash Flood Warning for Big Island, Maui County, Molokai",
          "Flood advisory in effect for Molokai, state under flood watch"
        ]
      }
    },
    {
      "type": "Feature",
      "geometry": {
        "type": "Point",
        "coordinates": [
          -156.469,
          20.8949
        ]
      },
      "properties": {
        "source": "NOAA",
        "site_id": "1615680",
        "site_name": "Kahului, Kahului Harbor",
        "lat": "20.8949",
        "lon": "-156.469",
        "stage_ft": 1.676,
        "stage_datetime": "2026-06-29 21:54",
        "tier": "normal",
        "action_stage": 5.66,
        "flood_stage": 6.66,
        "major_stage": 8.66,
        "url": "https://tidesandcurrents.noaa.gov/stationhome.html?id=1615680",
        "city_lat": 20.8029568,
        "city_lon": -156.3106833,
        "fetched_at": "2026-06-29T22:01:32.713254+00:00",
        "flood_event_count": 92,
        "nearest_flood_miles": 12.04,
        "nearest_flood_title": "Powerful kona storm brings warning level winds and flash flood risks; Flood Warning issued for Maui until 2 p.m.",
        "color": "#2d6a4f",
        "nearby_flood_titles": [
          "Powerful kona storm brings warning level winds and flash flood risks; Flood Warning issued for Maui until 2 p.m.",
          "Flash flood destroys Maui couple's dream home",
          "Flash flood destroys Maui couple's dream home",
          "Flash flood destroys Maui couple's dream home",
          "Flash flood destroys Maui couple's dream home",
          "Flash flood destroys Maui couple's dream home",
          "Flash flood destroys Maui couple's dream home",
          "Flash flood destroys Maui couple's dream home",
          "Flash flood destroys Maui couple's dream home",
          "Flash flood destroys Maui couple's dream home",
          "Flash flood destroys Maui couple's dream home",
          "Flash flood destroys Maui couple's dream home",
          "Flash flood destroys Maui couple's dream home",
          "Flash flood destroys Maui couple's dream home",
          "Flash flood destroys Maui couple's dream home",
          "Flash flood destroys Maui couple's dream home",
          "Flash flood destroys Maui couple's dream home",
          "Flash flood destroys Maui couple's dream home",
          "Flash flood destroys Maui couple's dream home",
          "Flash flood destroys Maui couple's dream home",
          "Flash flood destroys Maui couple's dream home",
          "Flash flood destroys Maui couple's dream home",
          "Flash flood destroys Maui couple's dream home",
          "Flash flood destroys Maui couple's dream home",
          "Flash flood destroys Maui couple's dream home",
          "Flash flood destroys Maui couple's dream home",
          "Flash flood destroys Maui couple's dream home",
          "Flash flood destroys Maui couple's dream home",
          "Flash flood destroys Maui couple's dream home",
          "Flash flood destroys Maui couple's dream home",
          "Flash flood destroys Maui couple's dream home",
          "Flash flood destroys Maui couple's dream home",
          "Flash flood destroys Maui couple's dream home",
          "Flash flood destroys Maui couple's dream home",
          "Flash flood destroys Maui couple's dream home",
          "Flash flood destroys Maui couple's dream home",
          "Flash flood destroys Maui couple's dream home",
          "Flash flood destroys Maui couple's dream home",
          "Flash flood destroys Maui couple's dream home",
          "Flash flood destroys Maui couple's dream home",
          "Flash flood destroys Maui couple's dream home",
          "Flash flood destroys Maui couple's dream home",
          "Flash flood destroys Maui couple's dream home",
          "Flash flood destroys Maui couple's dream home",
          "Flash flood destroys Maui couple's dream home",
          "Flash flood destroys Maui couple's dream home",
          "Flash flood destroys Maui couple's dream home",
          "Flash flood destroys Maui couple's dream home",
          "Flash flood destroys Maui couple's dream home",
          "Flash flood destroys Maui couple's dream home",
          "Flash flood destroys Maui couple's dream home",
          "Flash flood destroys Maui couple's dream home",
          "Flash flood destroys Maui couple's dream home",
          "Flash flood destroys Maui couple's dream home",
          "Flash flood destroys Maui couple's dream home",
          "Flash flood destroys Maui couple's dream home",
          "Flash flood destroys Maui couple's dream home",
          "Flash flood destroys Maui couple's dream home",
          "Flash flood destroys Maui couple's dream home",
          "Flash flood destroys Maui couple's dream home",
          "Flash flood destroys Maui couple's dream home",
          "Flash flood destroys Maui couple's dream home",
          "Flash flood destroys Maui couple's dream home",
          "Flash flood destroys Maui couple's dream home",
          "Flash flood destroys Maui couple's dream home",
          "Flash flood destroys Maui couple's dream home",
          "Flash flood destroys Maui couple's dream home",
          "Flash flood destroys Maui couple's dream home",
          "Flash flood destroys Maui couple's dream home",
          "Flash flood destroys Maui couple's dream home",
          "Flash flood destroys Maui couple's dream home",
          "Flash flood destroys Maui couple's dream home",
          "Flash flood destroys Maui couple's dream home",
          "Flash flood destroys Maui couple's dream home",
          "Flash flood destroys Maui couple's dream home",
          "Flash flood destroys Maui couple's dream home",
          "Flash flood destroys Maui couple's dream home",
          "Flash flood destroys Maui couple's dream home",
          "Flash flood warning extended for Maui; Flood advisory covers Oahu",
          "Flash flood warning posted for Maui as heavy rain intensifies",
          "Storm updates: Flash flood warnings issued for Maui, flood watches for Big Island",
          "Flash flood warning issued for east Maui as storm hits state",
          "Flash flood warning issued for east Maui as storm hits state",
          "Powerful kona storm brings warning level winds and flash flood risks; Flood Watch continues for Maui County",
          "NWS issues flash flood warning for Maui County",
          "NWS extends Flash Flood Warning for Big Island, Maui County, Molokai",
          "Flood Warning issued for flood-prone areas of Maui County",
          "Flood Advisory issued for flood-prone areas of Maui County",
          "Monday Weather Forecast | Flood advisory issued as heavy showers hit Maui County",
          "Monday Weather Forecast | Flood advisory issued as heavy showers hit Maui County",
          "NWS extends Flash Flood Warning for Big Island, Maui County, Molokai",
          "Flood advisory in effect for Molokai, state under flood watch"
        ]
      }
    },
    {
      "type": "Feature",
      "geometry": {
        "type": "Point",
        "coordinates": [
          -156.469,
          20.8949
        ]
      },
      "properties": {
        "source": "NOAA",
        "site_id": "1615680",
        "site_name": "Kahului, Kahului Harbor",
        "lat": "20.8949",
        "lon": "-156.469",
        "stage_ft": 1.676,
        "stage_datetime": "2026-06-29 21:54",
        "tier": "normal",
        "action_stage": 5.66,
        "flood_stage": 6.66,
        "major_stage": 8.66,
        "url": "https://tidesandcurrents.noaa.gov/stationhome.html?id=1615680",
        "city_lat": 20.8029568,
        "city_lon": -156.3106833,
        "fetched_at": "2026-06-29T22:01:32.713254+00:00",
        "flood_event_count": 92,
        "nearest_flood_miles": 12.04,
        "nearest_flood_title": "Powerful kona storm brings warning level winds and flash flood risks; Flood Warning issued for Maui until 2 p.m.",
        "color": "#2d6a4f",
        "nearby_flood_titles": [
          "Powerful kona storm brings warning level winds and flash flood risks; Flood Warning issued for Maui until 2 p.m.",
          "Flash flood destroys Maui couple's dream home",
          "Flash flood destroys Maui couple's dream home",
          "Flash flood destroys Maui couple's dream home",
          "Flash flood destroys Maui couple's dream home",
          "Flash flood destroys Maui couple's dream home",
          "Flash flood destroys Maui couple's dream home",
          "Flash flood destroys Maui couple's dream home",
          "Flash flood destroys Maui couple's dream home",
          "Flash flood destroys Maui couple's dream home",
          "Flash flood destroys Maui couple's dream home",
          "Flash flood destroys Maui couple's dream home",
          "Flash flood destroys Maui couple's dream home",
          "Flash flood destroys Maui couple's dream home",
          "Flash flood destroys Maui couple's dream home",
          "Flash flood destroys Maui couple's dream home",
          "Flash flood destroys Maui couple's dream home",
          "Flash flood destroys Maui couple's dream home",
          "Flash flood destroys Maui couple's dream home",
          "Flash flood destroys Maui couple's dream home",
          "Flash flood destroys Maui couple's dream home",
          "Flash flood destroys Maui couple's dream home",
          "Flash flood destroys Maui couple's dream home",
          "Flash flood destroys Maui couple's dream home",
          "Flash flood destroys Maui couple's dream home",
          "Flash flood destroys Maui couple's dream home",
          "Flash flood destroys Maui couple's dream home",
          "Flash flood destroys Maui couple's dream home",
          "Flash flood destroys Maui couple's dream home",
          "Flash flood destroys Maui couple's dream home",
          "Flash flood destroys Maui couple's dream home",
          "Flash flood destroys Maui couple's dream home",
          "Flash flood destroys Maui couple's dream home",
          "Flash flood destroys Maui couple's dream home",
          "Flash flood destroys Maui couple's dream home",
          "Flash flood destroys Maui couple's dream home",
          "Flash flood destroys Maui couple's dream home",
          "Flash flood destroys Maui couple's dream home",
          "Flash flood destroys Maui couple's dream home",
          "Flash flood destroys Maui couple's dream home",
          "Flash flood destroys Maui couple's dream home",
          "Flash flood destroys Maui couple's dream home",
          "Flash flood destroys Maui couple's dream home",
          "Flash flood destroys Maui couple's dream home",
          "Flash flood destroys Maui couple's dream home",
          "Flash flood destroys Maui couple's dream home",
          "Flash flood destroys Maui couple's dream home",
          "Flash flood destroys Maui couple's dream home",
          "Flash flood destroys Maui couple's dream home",
          "Flash flood destroys Maui couple's dream home",
          "Flash flood destroys Maui couple's dream home",
          "Flash flood destroys Maui couple's dream home",
          "Flash flood destroys Maui couple's dream home",
          "Flash flood destroys Maui couple's dream home",
          "Flash flood destroys Maui couple's dream home",
          "Flash flood destroys Maui couple's dream home",
          "Flash flood destroys Maui couple's dream home",
          "Flash flood destroys Maui couple's dream home",
          "Flash flood destroys Maui couple's dream home",
          "Flash flood destroys Maui couple's dream home",
          "Flash flood destroys Maui couple's dream home",
          "Flash flood destroys Maui couple's dream home",
          "Flash flood destroys Maui couple's dream home",
          "Flash flood destroys Maui couple's dream home",
          "Flash flood destroys Maui couple's dream home",
          "Flash flood destroys Maui couple's dream home",
          "Flash flood destroys Maui couple's dream home",
          "Flash flood destroys Maui couple's dream home",
          "Flash flood destroys Maui couple's dream home",
          "Flash flood destroys Maui couple's dream home",
          "Flash flood destroys Maui couple's dream home",
          "Flash flood destroys Maui couple's dream home",
          "Flash flood destroys Maui couple's dream home",
          "Flash flood destroys Maui couple's dream home",
          "Flash flood destroys Maui couple's dream home",
          "Flash flood destroys Maui couple's dream home",
          "Flash flood destroys Maui couple's dream home",
          "Flash flood destroys Maui couple's dream home",
          "Flash flood warning extended for Maui; Flood advisory covers Oahu",
          "Flash flood warning posted for Maui as heavy rain intensifies",
          "Storm updates: Flash flood warnings issued for Maui, flood watches for Big Island",
          "Flash flood warning issued for east Maui as storm hits state",
          "Flash flood warning issued for east Maui as storm hits state",
          "Powerful kona storm brings warning level winds and flash flood risks; Flood Watch continues for Maui County",
          "NWS issues flash flood warning for Maui County",
          "NWS extends Flash Flood Warning for Big Island, Maui County, Molokai",
          "Flood Warning issued for flood-prone areas of Maui County",
          "Flood Advisory issued for flood-prone areas of Maui County",
          "Monday Weather Forecast | Flood advisory issued as heavy showers hit Maui County",
          "Monday Weather Forecast | Flood advisory issued as heavy showers hit Maui County",
          "NWS extends Flash Flood Warning for Big Island, Maui County, Molokai",
          "Flood advisory in effect for Molokai, state under flood watch"
        ]
      }
    },
    {
      "type": "Feature",
      "geometry": {
        "type": "Point",
        "coordinates": [
          -156.469,
          20.8949
        ]
      },
      "properties": {
        "source": "NOAA",
        "site_id": "1615680",
        "site_name": "Kahului, Kahului Harbor",
        "lat": "20.8949",
        "lon": "-156.469",
        "stage_ft": 1.676,
        "stage_datetime": "2026-06-29 21:54",
        "tier": "normal",
        "action_stage": 5.66,
        "flood_stage": 6.66,
        "major_stage": 8.66,
        "url": "https://tidesandcurrents.noaa.gov/stationhome.html?id=1615680",
        "city_lat": 20.8029568,
        "city_lon": -156.3106833,
        "fetched_at": "2026-06-29T22:01:32.713254+00:00",
        "flood_event_count": 92,
        "nearest_flood_miles": 12.04,
        "nearest_flood_title": "Powerful kona storm brings warning level winds and flash flood risks; Flood Warning issued for Maui until 2 p.m.",
        "color": "#2d6a4f",
        "nearby_flood_titles": [
          "Powerful kona storm brings warning level winds and flash flood risks; Flood Warning issued for Maui until 2 p.m.",
          "Flash flood destroys Maui couple's dream home",
          "Flash flood destroys Maui couple's dream home",
          "Flash flood destroys Maui couple's dream home",
          "Flash flood destroys Maui couple's dream home",
          "Flash flood destroys Maui couple's dream home",
          "Flash flood destroys Maui couple's dream home",
          "Flash flood destroys Maui couple's dream home",
          "Flash flood destroys Maui couple's dream home",
          "Flash flood destroys Maui couple's dream home",
          "Flash flood destroys Maui couple's dream home",
          "Flash flood destroys Maui couple's dream home",
          "Flash flood destroys Maui couple's dream home",
          "Flash flood destroys Maui couple's dream home",
          "Flash flood destroys Maui couple's dream home",
          "Flash flood destroys Maui couple's dream home",
          "Flash flood destroys Maui couple's dream home",
          "Flash flood destroys Maui couple's dream home",
          "Flash flood destroys Maui couple's dream home",
          "Flash flood destroys Maui couple's dream home",
          "Flash flood destroys Maui couple's dream home",
          "Flash flood destroys Maui couple's dream home",
          "Flash flood destroys Maui couple's dream home",
          "Flash flood destroys Maui couple's dream home",
          "Flash flood destroys Maui couple's dream home",
          "Flash flood destroys Maui couple's dream home",
          "Flash flood destroys Maui couple's dream home",
          "Flash flood destroys Maui couple's dream home",
          "Flash flood destroys Maui couple's dream home",
          "Flash flood destroys Maui couple's dream home",
          "Flash flood destroys Maui couple's dream home",
          "Flash flood destroys Maui couple's dream home",
          "Flash flood destroys Maui couple's dream home",
          "Flash flood destroys Maui couple's dream home",
          "Flash flood destroys Maui couple's dream home",
          "Flash flood destroys Maui couple's dream home",
          "Flash flood destroys Maui couple's dream home",
          "Flash flood destroys Maui couple's dream home",
          "Flash flood destroys Maui couple's dream home",
          "Flash flood destroys Maui couple's dream home",
          "Flash flood destroys Maui couple's dream home",
          "Flash flood destroys Maui couple's dream home",
          "Flash flood destroys Maui couple's dream home",
          "Flash flood destroys Maui couple's dream home",
          "Flash flood destroys Maui couple's dream home",
          "Flash flood destroys Maui couple's dream home",
          "Flash flood destroys Maui couple's dream home",
          "Flash flood destroys Maui couple's dream home",
          "Flash flood destroys Maui couple's dream home",
          "Flash flood destroys Maui couple's dream home",
          "Flash flood destroys Maui couple's dream home",
          "Flash flood destroys Maui couple's dream home",
          "Flash flood destroys Maui couple's dream home",
          "Flash flood destroys Maui couple's dream home",
          "Flash flood destroys Maui couple's dream home",
          "Flash flood destroys Maui couple's dream home",
          "Flash flood destroys Maui couple's dream home",
          "Flash flood destroys Maui couple's dream home",
          "Flash flood destroys Maui couple's dream home",
          "Flash flood destroys Maui couple's dream home",
          "Flash flood destroys Maui couple's dream home",
          "Flash flood destroys Maui couple's dream home",
          "Flash flood destroys Maui couple's dream home",
          "Flash flood destroys Maui couple's dream home",
          "Flash flood destroys Maui couple's dream home",
          "Flash flood destroys Maui couple's dream home",
          "Flash flood destroys Maui couple's dream home",
          "Flash flood destroys Maui couple's dream home",
          "Flash flood destroys Maui couple's dream home",
          "Flash flood destroys Maui couple's dream home",
          "Flash flood destroys Maui couple's dream home",
          "Flash flood destroys Maui couple's dream home",
          "Flash flood destroys Maui couple's dream home",
          "Flash flood destroys Maui couple's dream home",
          "Flash flood destroys Maui couple's dream home",
          "Flash flood destroys Maui couple's dream home",
          "Flash flood destroys Maui couple's dream home",
          "Flash flood destroys Maui couple's dream home",
          "Flash flood warning extended for Maui; Flood advisory covers Oahu",
          "Flash flood warning posted for Maui as heavy rain intensifies",
          "Storm updates: Flash flood warnings issued for Maui, flood watches for Big Island",
          "Flash flood warning issued for east Maui as storm hits state",
          "Flash flood warning issued for east Maui as storm hits state",
          "Powerful kona storm brings warning level winds and flash flood risks; Flood Watch continues for Maui County",
          "NWS issues flash flood warning for Maui County",
          "NWS extends Flash Flood Warning for Big Island, Maui County, Molokai",
          "Flood Warning issued for flood-prone areas of Maui County",
          "Flood Advisory issued for flood-prone areas of Maui County",
          "Monday Weather Forecast | Flood advisory issued as heavy showers hit Maui County",
          "Monday Weather Forecast | Flood advisory issued as heavy showers hit Maui County",
          "NWS extends Flash Flood Warning for Big Island, Maui County, Molokai",
          "Flood advisory in effect for Molokai, state under flood watch"
        ]
      }
    },
    {
      "type": "Feature",
      "geometry": {
        "type": "Point",
        "coordinates": [
          -156.469,
          20.8949
        ]
      },
      "properties": {
        "source": "NOAA",
        "site_id": "1615680",
        "site_name": "Kahului, Kahului Harbor",
        "lat": "20.8949",
        "lon": "-156.469",
        "stage_ft": 1.676,
        "stage_datetime": "2026-06-29 21:54",
        "tier": "normal",
        "action_stage": 5.66,
        "flood_stage": 6.66,
        "major_stage": 8.66,
        "url": "https://tidesandcurrents.noaa.gov/stationhome.html?id=1615680",
        "city_lat": 20.8029568,
        "city_lon": -156.3106833,
        "fetched_at": "2026-06-29T22:01:32.713254+00:00",
        "flood_event_count": 92,
        "nearest_flood_miles": 12.04,
        "nearest_flood_title": "Powerful kona storm brings warning level winds and flash flood risks; Flood Warning issued for Maui until 2 p.m.",
        "color": "#2d6a4f",
        "nearby_flood_titles": [
          "Powerful kona storm brings warning level winds and flash flood risks; Flood Warning issued for Maui until 2 p.m.",
          "Flash flood destroys Maui couple's dream home",
          "Flash flood destroys Maui couple's dream home",
          "Flash flood destroys Maui couple's dream home",
          "Flash flood destroys Maui couple's dream home",
          "Flash flood destroys Maui couple's dream home",
          "Flash flood destroys Maui couple's dream home",
          "Flash flood destroys Maui couple's dream home",
          "Flash flood destroys Maui couple's dream home",
          "Flash flood destroys Maui couple's dream home",
          "Flash flood destroys Maui couple's dream home",
          "Flash flood destroys Maui couple's dream home",
          "Flash flood destroys Maui couple's dream home",
          "Flash flood destroys Maui couple's dream home",
          "Flash flood destroys Maui couple's dream home",
          "Flash flood destroys Maui couple's dream home",
          "Flash flood destroys Maui couple's dream home",
          "Flash flood destroys Maui couple's dream home",
          "Flash flood destroys Maui couple's dream home",
          "Flash flood destroys Maui couple's dream home",
          "Flash flood destroys Maui couple's dream home",
          "Flash flood destroys Maui couple's dream home",
          "Flash flood destroys Maui couple's dream home",
          "Flash flood destroys Maui couple's dream home",
          "Flash flood destroys Maui couple's dream home",
          "Flash flood destroys Maui couple's dream home",
          "Flash flood destroys Maui couple's dream home",
          "Flash flood destroys Maui couple's dream home",
          "Flash flood destroys Maui couple's dream home",
          "Flash flood destroys Maui couple's dream home",
          "Flash flood destroys Maui couple's dream home",
          "Flash flood destroys Maui couple's dream home",
          "Flash flood destroys Maui couple's dream home",
          "Flash flood destroys Maui couple's dream home",
          "Flash flood destroys Maui couple's dream home",
          "Flash flood destroys Maui couple's dream home",
          "Flash flood destroys Maui couple's dream home",
          "Flash flood destroys Maui couple's dream home",
          "Flash flood destroys Maui couple's dream home",
          "Flash flood destroys Maui couple's dream home",
          "Flash flood destroys Maui couple's dream home",
          "Flash flood destroys Maui couple's dream home",
          "Flash flood destroys Maui couple's dream home",
          "Flash flood destroys Maui couple's dream home",
          "Flash flood destroys Maui couple's dream home",
          "Flash flood destroys Maui couple's dream home",
          "Flash flood destroys Maui couple's dream home",
          "Flash flood destroys Maui couple's dream home",
          "Flash flood destroys Maui couple's dream home",
          "Flash flood destroys Maui couple's dream home",
          "Flash flood destroys Maui couple's dream home",
          "Flash flood destroys Maui couple's dream home",
          "Flash flood destroys Maui couple's dream home",
          "Flash flood destroys Maui couple's dream home",
          "Flash flood destroys Maui couple's dream home",
          "Flash flood destroys Maui couple's dream home",
          "Flash flood destroys Maui couple's dream home",
          "Flash flood destroys Maui couple's dream home",
          "Flash flood destroys Maui couple's dream home",
          "Flash flood destroys Maui couple's dream home",
          "Flash flood destroys Maui couple's dream home",
          "Flash flood destroys Maui couple's dream home",
          "Flash flood destroys Maui couple's dream home",
          "Flash flood destroys Maui couple's dream home",
          "Flash flood destroys Maui couple's dream home",
          "Flash flood destroys Maui couple's dream home",
          "Flash flood destroys Maui couple's dream home",
          "Flash flood destroys Maui couple's dream home",
          "Flash flood destroys Maui couple's dream home",
          "Flash flood destroys Maui couple's dream home",
          "Flash flood destroys Maui couple's dream home",
          "Flash flood destroys Maui couple's dream home",
          "Flash flood destroys Maui couple's dream home",
          "Flash flood destroys Maui couple's dream home",
          "Flash flood destroys Maui couple's dream home",
          "Flash flood destroys Maui couple's dream home",
          "Flash flood destroys Maui couple's dream home",
          "Flash flood destroys Maui couple's dream home",
          "Flash flood warning extended for Maui; Flood advisory covers Oahu",
          "Flash flood warning posted for Maui as heavy rain intensifies",
          "Storm updates: Flash flood warnings issued for Maui, flood watches for Big Island",
          "Flash flood warning issued for east Maui as storm hits state",
          "Flash flood warning issued for east Maui as storm hits state",
          "Powerful kona storm brings warning level winds and flash flood risks; Flood Watch continues for Maui County",
          "NWS issues flash flood warning for Maui County",
          "NWS extends Flash Flood Warning for Big Island, Maui County, Molokai",
          "Flood Warning issued for flood-prone areas of Maui County",
          "Flood Advisory issued for flood-prone areas of Maui County",
          "Monday Weather Forecast | Flood advisory issued as heavy showers hit Maui County",
          "Monday Weather Forecast | Flood advisory issued as heavy showers hit Maui County",
          "NWS extends Flash Flood Warning for Big Island, Maui County, Molokai",
          "Flood advisory in effect for Molokai, state under flood watch"
        ]
      }
    },
    {
      "type": "Feature",
      "geometry": {
        "type": "Point",
        "coordinates": [
          -156.469,
          20.8949
        ]
      },
      "properties": {
        "source": "NOAA",
        "site_id": "1615680",
        "site_name": "Kahului, Kahului Harbor",
        "lat": "20.8949",
        "lon": "-156.469",
        "stage_ft": 1.676,
        "stage_datetime": "2026-06-29 21:54",
        "tier": "normal",
        "action_stage": 5.66,
        "flood_stage": 6.66,
        "major_stage": 8.66,
        "url": "https://tidesandcurrents.noaa.gov/stationhome.html?id=1615680",
        "city_lat": 20.8029568,
        "city_lon": -156.3106833,
        "fetched_at": "2026-06-29T22:01:32.713254+00:00",
        "flood_event_count": 92,
        "nearest_flood_miles": 12.04,
        "nearest_flood_title": "Powerful kona storm brings warning level winds and flash flood risks; Flood Warning issued for Maui until 2 p.m.",
        "color": "#2d6a4f",
        "nearby_flood_titles": [
          "Powerful kona storm brings warning level winds and flash flood risks; Flood Warning issued for Maui until 2 p.m.",
          "Flash flood destroys Maui couple's dream home",
          "Flash flood destroys Maui couple's dream home",
          "Flash flood destroys Maui couple's dream home",
          "Flash flood destroys Maui couple's dream home",
          "Flash flood destroys Maui couple's dream home",
          "Flash flood destroys Maui couple's dream home",
          "Flash flood destroys Maui couple's dream home",
          "Flash flood destroys Maui couple's dream home",
          "Flash flood destroys Maui couple's dream home",
          "Flash flood destroys Maui couple's dream home",
          "Flash flood destroys Maui couple's dream home",
          "Flash flood destroys Maui couple's dream home",
          "Flash flood destroys Maui couple's dream home",
          "Flash flood destroys Maui couple's dream home",
          "Flash flood destroys Maui couple's dream home",
          "Flash flood destroys Maui couple's dream home",
          "Flash flood destroys Maui couple's dream home",
          "Flash flood destroys Maui couple's dream home",
          "Flash flood destroys Maui couple's dream home",
          "Flash flood destroys Maui couple's dream home",
          "Flash flood destroys Maui couple's dream home",
          "Flash flood destroys Maui couple's dream home",
          "Flash flood destroys Maui couple's dream home",
          "Flash flood destroys Maui couple's dream home",
          "Flash flood destroys Maui couple's dream home",
          "Flash flood destroys Maui couple's dream home",
          "Flash flood destroys Maui couple's dream home",
          "Flash flood destroys Maui couple's dream home",
          "Flash flood destroys Maui couple's dream home",
          "Flash flood destroys Maui couple's dream home",
          "Flash flood destroys Maui couple's dream home",
          "Flash flood destroys Maui couple's dream home",
          "Flash flood destroys Maui couple's dream home",
          "Flash flood destroys Maui couple's dream home",
          "Flash flood destroys Maui couple's dream home",
          "Flash flood destroys Maui couple's dream home",
          "Flash flood destroys Maui couple's dream home",
          "Flash flood destroys Maui couple's dream home",
          "Flash flood destroys Maui couple's dream home",
          "Flash flood destroys Maui couple's dream home",
          "Flash flood destroys Maui couple's dream home",
          "Flash flood destroys Maui couple's dream home",
          "Flash flood destroys Maui couple's dream home",
          "Flash flood destroys Maui couple's dream home",
          "Flash flood destroys Maui couple's dream home",
          "Flash flood destroys Maui couple's dream home",
          "Flash flood destroys Maui couple's dream home",
          "Flash flood destroys Maui couple's dream home",
          "Flash flood destroys Maui couple's dream home",
          "Flash flood destroys Maui couple's dream home",
          "Flash flood destroys Maui couple's dream home",
          "Flash flood destroys Maui couple's dream home",
          "Flash flood destroys Maui couple's dream home",
          "Flash flood destroys Maui couple's dream home",
          "Flash flood destroys Maui couple's dream home",
          "Flash flood destroys Maui couple's dream home",
          "Flash flood destroys Maui couple's dream home",
          "Flash flood destroys Maui couple's dream home",
          "Flash flood destroys Maui couple's dream home",
          "Flash flood destroys Maui couple's dream home",
          "Flash flood destroys Maui couple's dream home",
          "Flash flood destroys Maui couple's dream home",
          "Flash flood destroys Maui couple's dream home",
          "Flash flood destroys Maui couple's dream home",
          "Flash flood destroys Maui couple's dream home",
          "Flash flood destroys Maui couple's dream home",
          "Flash flood destroys Maui couple's dream home",
          "Flash flood destroys Maui couple's dream home",
          "Flash flood destroys Maui couple's dream home",
          "Flash flood destroys Maui couple's dream home",
          "Flash flood destroys Maui couple's dream home",
          "Flash flood destroys Maui couple's dream home",
          "Flash flood destroys Maui couple's dream home",
          "Flash flood destroys Maui couple's dream home",
          "Flash flood destroys Maui couple's dream home",
          "Flash flood destroys Maui couple's dream home",
          "Flash flood destroys Maui couple's dream home",
          "Flash flood warning extended for Maui; Flood advisory covers Oahu",
          "Flash flood warning posted for Maui as heavy rain intensifies",
          "Storm updates: Flash flood warnings issued for Maui, flood watches for Big Island",
          "Flash flood warning issued for east Maui as storm hits state",
          "Flash flood warning issued for east Maui as storm hits state",
          "Powerful kona storm brings warning level winds and flash flood risks; Flood Watch continues for Maui County",
          "NWS issues flash flood warning for Maui County",
          "NWS extends Flash Flood Warning for Big Island, Maui County, Molokai",
          "Flood Warning issued for flood-prone areas of Maui County",
          "Flood Advisory issued for flood-prone areas of Maui County",
          "Monday Weather Forecast | Flood advisory issued as heavy showers hit Maui County",
          "Monday Weather Forecast | Flood advisory issued as heavy showers hit Maui County",
          "NWS extends Flash Flood Warning for Big Island, Maui County, Molokai",
          "Flood advisory in effect for Molokai, state under flood watch"
        ]
      }
    },
    {
      "type": "Feature",
      "geometry": {
        "type": "Point",
        "coordinates": [
          -156.469,
          20.8949
        ]
      },
      "properties": {
        "source": "NOAA",
        "site_id": "1615680",
        "site_name": "Kahului, Kahului Harbor",
        "lat": "20.8949",
        "lon": "-156.469",
        "stage_ft": 1.676,
        "stage_datetime": "2026-06-29 21:54",
        "tier": "normal",
        "action_stage": 5.66,
        "flood_stage": 6.66,
        "major_stage": 8.66,
        "url": "https://tidesandcurrents.noaa.gov/stationhome.html?id=1615680",
        "city_lat": 20.8029568,
        "city_lon": -156.3106833,
        "fetched_at": "2026-06-29T22:01:32.713254+00:00",
        "flood_event_count": 92,
        "nearest_flood_miles": 12.04,
        "nearest_flood_title": "Powerful kona storm brings warning level winds and flash flood risks; Flood Warning issued for Maui until 2 p.m.",
        "color": "#2d6a4f",
        "nearby_flood_titles": [
          "Powerful kona storm brings warning level winds and flash flood risks; Flood Warning issued for Maui until 2 p.m.",
          "Flash flood destroys Maui couple's dream home",
          "Flash flood destroys Maui couple's dream home",
          "Flash flood destroys Maui couple's dream home",
          "Flash flood destroys Maui couple's dream home",
          "Flash flood destroys Maui couple's dream home",
          "Flash flood destroys Maui couple's dream home",
          "Flash flood destroys Maui couple's dream home",
          "Flash flood destroys Maui couple's dream home",
          "Flash flood destroys Maui couple's dream home",
          "Flash flood destroys Maui couple's dream home",
          "Flash flood destroys Maui couple's dream home",
          "Flash flood destroys Maui couple's dream home",
          "Flash flood destroys Maui couple's dream home",
          "Flash flood destroys Maui couple's dream home",
          "Flash flood destroys Maui couple's dream home",
          "Flash flood destroys Maui couple's dream home",
          "Flash flood destroys Maui couple's dream home",
          "Flash flood destroys Maui couple's dream home",
          "Flash flood destroys Maui couple's dream home",
          "Flash flood destroys Maui couple's dream home",
          "Flash flood destroys Maui couple's dream home",
          "Flash flood destroys Maui couple's dream home",
          "Flash flood destroys Maui couple's dream home",
          "Flash flood destroys Maui couple's dream home",
          "Flash flood destroys Maui couple's dream home",
          "Flash flood destroys Maui couple's dream home",
          "Flash flood destroys Maui couple's dream home",
          "Flash flood destroys Maui couple's dream home",
          "Flash flood destroys Maui couple's dream home",
          "Flash flood destroys Maui couple's dream home",
          "Flash flood destroys Maui couple's dream home",
          "Flash flood destroys Maui couple's dream home",
          "Flash flood destroys Maui couple's dream home",
          "Flash flood destroys Maui couple's dream home",
          "Flash flood destroys Maui couple's dream home",
          "Flash flood destroys Maui couple's dream home",
          "Flash flood destroys Maui couple's dream home",
          "Flash flood destroys Maui couple's dream home",
          "Flash flood destroys Maui couple's dream home",
          "Flash flood destroys Maui couple's dream home",
          "Flash flood destroys Maui couple's dream home",
          "Flash flood destroys Maui couple's dream home",
          "Flash flood destroys Maui couple's dream home",
          "Flash flood destroys Maui couple's dream home",
          "Flash flood destroys Maui couple's dream home",
          "Flash flood destroys Maui couple's dream home",
          "Flash flood destroys Maui couple's dream home",
          "Flash flood destroys Maui couple's dream home",
          "Flash flood destroys Maui couple's dream home",
          "Flash flood destroys Maui couple's dream home",
          "Flash flood destroys Maui couple's dream home",
          "Flash flood destroys Maui couple's dream home",
          "Flash flood destroys Maui couple's dream home",
          "Flash flood destroys Maui couple's dream home",
          "Flash flood destroys Maui couple's dream home",
          "Flash flood destroys Maui couple's dream home",
          "Flash flood destroys Maui couple's dream home",
          "Flash flood destroys Maui couple's dream home",
          "Flash flood destroys Maui couple's dream home",
          "Flash flood destroys Maui couple's dream home",
          "Flash flood destroys Maui couple's dream home",
          "Flash flood destroys Maui couple's dream home",
          "Flash flood destroys Maui couple's dream home",
          "Flash flood destroys Maui couple's dream home",
          "Flash flood destroys Maui couple's dream home",
          "Flash flood destroys Maui couple's dream home",
          "Flash flood destroys Maui couple's dream home",
          "Flash flood destroys Maui couple's dream home",
          "Flash flood destroys Maui couple's dream home",
          "Flash flood destroys Maui couple's dream home",
          "Flash flood destroys Maui couple's dream home",
          "Flash flood destroys Maui couple's dream home",
          "Flash flood destroys Maui couple's dream home",
          "Flash flood destroys Maui couple's dream home",
          "Flash flood destroys Maui couple's dream home",
          "Flash flood destroys Maui couple's dream home",
          "Flash flood destroys Maui couple's dream home",
          "Flash flood warning extended for Maui; Flood advisory covers Oahu",
          "Flash flood warning posted for Maui as heavy rain intensifies",
          "Storm updates: Flash flood warnings issued for Maui, flood watches for Big Island",
          "Flash flood warning issued for east Maui as storm hits state",
          "Flash flood warning issued for east Maui as storm hits state",
          "Powerful kona storm brings warning level winds and flash flood risks; Flood Watch continues for Maui County",
          "NWS issues flash flood warning for Maui County",
          "NWS extends Flash Flood Warning for Big Island, Maui County, Molokai",
          "Flood Warning issued for flood-prone areas of Maui County",
          "Flood Advisory issued for flood-prone areas of Maui County",
          "Monday Weather Forecast | Flood advisory issued as heavy showers hit Maui County",
          "Monday Weather Forecast | Flood advisory issued as heavy showers hit Maui County",
          "NWS extends Flash Flood Warning for Big Island, Maui County, Molokai",
          "Flood advisory in effect for Molokai, state under flood watch"
        ]
      }
    },
    {
      "type": "Feature",
      "geometry": {
        "type": "Point",
        "coordinates": [
          -156.469,
          20.8949
        ]
      },
      "properties": {
        "source": "NOAA",
        "site_id": "1615680",
        "site_name": "Kahului, Kahului Harbor",
        "lat": "20.8949",
        "lon": "-156.469",
        "stage_ft": 1.676,
        "stage_datetime": "2026-06-29 21:54",
        "tier": "normal",
        "action_stage": 5.66,
        "flood_stage": 6.66,
        "major_stage": 8.66,
        "url": "https://tidesandcurrents.noaa.gov/stationhome.html?id=1615680",
        "city_lat": 20.8029568,
        "city_lon": -156.3106833,
        "fetched_at": "2026-06-29T22:01:32.713254+00:00",
        "flood_event_count": 92,
        "nearest_flood_miles": 12.04,
        "nearest_flood_title": "Powerful kona storm brings warning level winds and flash flood risks; Flood Warning issued for Maui until 2 p.m.",
        "color": "#2d6a4f",
        "nearby_flood_titles": [
          "Powerful kona storm brings warning level winds and flash flood risks; Flood Warning issued for Maui until 2 p.m.",
          "Flash flood destroys Maui couple's dream home",
          "Flash flood destroys Maui couple's dream home",
          "Flash flood destroys Maui couple's dream home",
          "Flash flood destroys Maui couple's dream home",
          "Flash flood destroys Maui couple's dream home",
          "Flash flood destroys Maui couple's dream home",
          "Flash flood destroys Maui couple's dream home",
          "Flash flood destroys Maui couple's dream home",
          "Flash flood destroys Maui couple's dream home",
          "Flash flood destroys Maui couple's dream home",
          "Flash flood destroys Maui couple's dream home",
          "Flash flood destroys Maui couple's dream home",
          "Flash flood destroys Maui couple's dream home",
          "Flash flood destroys Maui couple's dream home",
          "Flash flood destroys Maui couple's dream home",
          "Flash flood destroys Maui couple's dream home",
          "Flash flood destroys Maui couple's dream home",
          "Flash flood destroys Maui couple's dream home",
          "Flash flood destroys Maui couple's dream home",
          "Flash flood destroys Maui couple's dream home",
          "Flash flood destroys Maui couple's dream home",
          "Flash flood destroys Maui couple's dream home",
          "Flash flood destroys Maui couple's dream home",
          "Flash flood destroys Maui couple's dream home",
          "Flash flood destroys Maui couple's dream home",
          "Flash flood destroys Maui couple's dream home",
          "Flash flood destroys Maui couple's dream home",
          "Flash flood destroys Maui couple's dream home",
          "Flash flood destroys Maui couple's dream home",
          "Flash flood destroys Maui couple's dream home",
          "Flash flood destroys Maui couple's dream home",
          "Flash flood destroys Maui couple's dream home",
          "Flash flood destroys Maui couple's dream home",
          "Flash flood destroys Maui couple's dream home",
          "Flash flood destroys Maui couple's dream home",
          "Flash flood destroys Maui couple's dream home",
          "Flash flood destroys Maui couple's dream home",
          "Flash flood destroys Maui couple's dream home",
          "Flash flood destroys Maui couple's dream home",
          "Flash flood destroys Maui couple's dream home",
          "Flash flood destroys Maui couple's dream home",
          "Flash flood destroys Maui couple's dream home",
          "Flash flood destroys Maui couple's dream home",
          "Flash flood destroys Maui couple's dream home",
          "Flash flood destroys Maui couple's dream home",
          "Flash flood destroys Maui couple's dream home",
          "Flash flood destroys Maui couple's dream home",
          "Flash flood destroys Maui couple's dream home",
          "Flash flood destroys Maui couple's dream home",
          "Flash flood destroys Maui couple's dream home",
          "Flash flood destroys Maui couple's dream home",
          "Flash flood destroys Maui couple's dream home",
          "Flash flood destroys Maui couple's dream home",
          "Flash flood destroys Maui couple's dream home",
          "Flash flood destroys Maui couple's dream home",
          "Flash flood destroys Maui couple's dream home",
          "Flash flood destroys Maui couple's dream home",
          "Flash flood destroys Maui couple's dream home",
          "Flash flood destroys Maui couple's dream home",
          "Flash flood destroys Maui couple's dream home",
          "Flash flood destroys Maui couple's dream home",
          "Flash flood destroys Maui couple's dream home",
          "Flash flood destroys Maui couple's dream home",
          "Flash flood destroys Maui couple's dream home",
          "Flash flood destroys Maui couple's dream home",
          "Flash flood destroys Maui couple's dream home",
          "Flash flood destroys Maui couple's dream home",
          "Flash flood destroys Maui couple's dream home",
          "Flash flood destroys Maui couple's dream home",
          "Flash flood destroys Maui couple's dream home",
          "Flash flood destroys Maui couple's dream home",
          "Flash flood destroys Maui couple's dream home",
          "Flash flood destroys Maui couple's dream home",
          "Flash flood destroys Maui couple's dream home",
          "Flash flood destroys Maui couple's dream home",
          "Flash flood destroys Maui couple's dream home",
          "Flash flood destroys Maui couple's dream home",
          "Flash flood warning extended for Maui; Flood advisory covers Oahu",
          "Flash flood warning posted for Maui as heavy rain intensifies",
          "Storm updates: Flash flood warnings issued for Maui, flood watches for Big Island",
          "Flash flood warning issued for east Maui as storm hits state",
          "Flash flood warning issued for east Maui as storm hits state",
          "Powerful kona storm brings warning level winds and flash flood risks; Flood Watch continues for Maui County",
          "NWS issues flash flood warning for Maui County",
          "NWS extends Flash Flood Warning for Big Island, Maui County, Molokai",
          "Flood Warning issued for flood-prone areas of Maui County",
          "Flood Advisory issued for flood-prone areas of Maui County",
          "Monday Weather Forecast | Flood advisory issued as heavy showers hit Maui County",
          "Monday Weather Forecast | Flood advisory issued as heavy showers hit Maui County",
          "NWS extends Flash Flood Warning for Big Island, Maui County, Molokai",
          "Flood advisory in effect for Molokai, state under flood watch"
        ]
      }
    },
    {
      "type": "Feature",
      "geometry": {
        "type": "Point",
        "coordinates": [
          -156.469,
          20.8949
        ]
      },
      "properties": {
        "source": "NOAA",
        "site_id": "1615680",
        "site_name": "Kahului, Kahului Harbor",
        "lat": "20.8949",
        "lon": "-156.469",
        "stage_ft": 1.676,
        "stage_datetime": "2026-06-29 21:54",
        "tier": "normal",
        "action_stage": 5.66,
        "flood_stage": 6.66,
        "major_stage": 8.66,
        "url": "https://tidesandcurrents.noaa.gov/stationhome.html?id=1615680",
        "city_lat": 20.8029568,
        "city_lon": -156.3106833,
        "fetched_at": "2026-06-29T22:01:32.713254+00:00",
        "flood_event_count": 92,
        "nearest_flood_miles": 12.04,
        "nearest_flood_title": "Powerful kona storm brings warning level winds and flash flood risks; Flood Warning issued for Maui until 2 p.m.",
        "color": "#2d6a4f",
        "nearby_flood_titles": [
          "Powerful kona storm brings warning level winds and flash flood risks; Flood Warning issued for Maui until 2 p.m.",
          "Flash flood destroys Maui couple's dream home",
          "Flash flood destroys Maui couple's dream home",
          "Flash flood destroys Maui couple's dream home",
          "Flash flood destroys Maui couple's dream home",
          "Flash flood destroys Maui couple's dream home",
          "Flash flood destroys Maui couple's dream home",
          "Flash flood destroys Maui couple's dream home",
          "Flash flood destroys Maui couple's dream home",
          "Flash flood destroys Maui couple's dream home",
          "Flash flood destroys Maui couple's dream home",
          "Flash flood destroys Maui couple's dream home",
          "Flash flood destroys Maui couple's dream home",
          "Flash flood destroys Maui couple's dream home",
          "Flash flood destroys Maui couple's dream home",
          "Flash flood destroys Maui couple's dream home",
          "Flash flood destroys Maui couple's dream home",
          "Flash flood destroys Maui couple's dream home",
          "Flash flood destroys Maui couple's dream home",
          "Flash flood destroys Maui couple's dream home",
          "Flash flood destroys Maui couple's dream home",
          "Flash flood destroys Maui couple's dream home",
          "Flash flood destroys Maui couple's dream home",
          "Flash flood destroys Maui couple's dream home",
          "Flash flood destroys Maui couple's dream home",
          "Flash flood destroys Maui couple's dream home",
          "Flash flood destroys Maui couple's dream home",
          "Flash flood destroys Maui couple's dream home",
          "Flash flood destroys Maui couple's dream home",
          "Flash flood destroys Maui couple's dream home",
          "Flash flood destroys Maui couple's dream home",
          "Flash flood destroys Maui couple's dream home",
          "Flash flood destroys Maui couple's dream home",
          "Flash flood destroys Maui couple's dream home",
          "Flash flood destroys Maui couple's dream home",
          "Flash flood destroys Maui couple's dream home",
          "Flash flood destroys Maui couple's dream home",
          "Flash flood destroys Maui couple's dream home",
          "Flash flood destroys Maui couple's dream home",
          "Flash flood destroys Maui couple's dream home",
          "Flash flood destroys Maui couple's dream home",
          "Flash flood destroys Maui couple's dream home",
          "Flash flood destroys Maui couple's dream home",
          "Flash flood destroys Maui couple's dream home",
          "Flash flood destroys Maui couple's dream home",
          "Flash flood destroys Maui couple's dream home",
          "Flash flood destroys Maui couple's dream home",
          "Flash flood destroys Maui couple's dream home",
          "Flash flood destroys Maui couple's dream home",
          "Flash flood destroys Maui couple's dream home",
          "Flash flood destroys Maui couple's dream home",
          "Flash flood destroys Maui couple's dream home",
          "Flash flood destroys Maui couple's dream home",
          "Flash flood destroys Maui couple's dream home",
          "Flash flood destroys Maui couple's dream home",
          "Flash flood destroys Maui couple's dream home",
          "Flash flood destroys Maui couple's dream home",
          "Flash flood destroys Maui couple's dream home",
          "Flash flood destroys Maui couple's dream home",
          "Flash flood destroys Maui couple's dream home",
          "Flash flood destroys Maui couple's dream home",
          "Flash flood destroys Maui couple's dream home",
          "Flash flood destroys Maui couple's dream home",
          "Flash flood destroys Maui couple's dream home",
          "Flash flood destroys Maui couple's dream home",
          "Flash flood destroys Maui couple's dream home",
          "Flash flood destroys Maui couple's dream home",
          "Flash flood destroys Maui couple's dream home",
          "Flash flood destroys Maui couple's dream home",
          "Flash flood destroys Maui couple's dream home",
          "Flash flood destroys Maui couple's dream home",
          "Flash flood destroys Maui couple's dream home",
          "Flash flood destroys Maui couple's dream home",
          "Flash flood destroys Maui couple's dream home",
          "Flash flood destroys Maui couple's dream home",
          "Flash flood destroys Maui couple's dream home",
          "Flash flood destroys Maui couple's dream home",
          "Flash flood destroys Maui couple's dream home",
          "Flash flood warning extended for Maui; Flood advisory covers Oahu",
          "Flash flood warning posted for Maui as heavy rain intensifies",
          "Storm updates: Flash flood warnings issued for Maui, flood watches for Big Island",
          "Flash flood warning issued for east Maui as storm hits state",
          "Flash flood warning issued for east Maui as storm hits state",
          "Powerful kona storm brings warning level winds and flash flood risks; Flood Watch continues for Maui County",
          "NWS issues flash flood warning for Maui County",
          "NWS extends Flash Flood Warning for Big Island, Maui County, Molokai",
          "Flood Warning issued for flood-prone areas of Maui County",
          "Flood Advisory issued for flood-prone areas of Maui County",
          "Monday Weather Forecast | Flood advisory issued as heavy showers hit Maui County",
          "Monday Weather Forecast | Flood advisory issued as heavy showers hit Maui County",
          "NWS extends Flash Flood Warning for Big Island, Maui County, Molokai",
          "Flood advisory in effect for Molokai, state under flood watch"
        ]
      }
    },
    {
      "type": "Feature",
      "geometry": {
        "type": "Point",
        "coordinates": [
          -156.469,
          20.8949
        ]
      },
      "properties": {
        "source": "NOAA",
        "site_id": "1615680",
        "site_name": "Kahului, Kahului Harbor",
        "lat": "20.8949",
        "lon": "-156.469",
        "stage_ft": 1.676,
        "stage_datetime": "2026-06-29 21:54",
        "tier": "normal",
        "action_stage": 5.66,
        "flood_stage": 6.66,
        "major_stage": 8.66,
        "url": "https://tidesandcurrents.noaa.gov/stationhome.html?id=1615680",
        "city_lat": 20.8029568,
        "city_lon": -156.3106833,
        "fetched_at": "2026-06-29T22:01:32.713254+00:00",
        "flood_event_count": 92,
        "nearest_flood_miles": 12.04,
        "nearest_flood_title": "Powerful kona storm brings warning level winds and flash flood risks; Flood Warning issued for Maui until 2 p.m.",
        "color": "#2d6a4f",
        "nearby_flood_titles": [
          "Powerful kona storm brings warning level winds and flash flood risks; Flood Warning issued for Maui until 2 p.m.",
          "Flash flood destroys Maui couple's dream home",
          "Flash flood destroys Maui couple's dream home",
          "Flash flood destroys Maui couple's dream home",
          "Flash flood destroys Maui couple's dream home",
          "Flash flood destroys Maui couple's dream home",
          "Flash flood destroys Maui couple's dream home",
          "Flash flood destroys Maui couple's dream home",
          "Flash flood destroys Maui couple's dream home",
          "Flash flood destroys Maui couple's dream home",
          "Flash flood destroys Maui couple's dream home",
          "Flash flood destroys Maui couple's dream home",
          "Flash flood destroys Maui couple's dream home",
          "Flash flood destroys Maui couple's dream home",
          "Flash flood destroys Maui couple's dream home",
          "Flash flood destroys Maui couple's dream home",
          "Flash flood destroys Maui couple's dream home",
          "Flash flood destroys Maui couple's dream home",
          "Flash flood destroys Maui couple's dream home",
          "Flash flood destroys Maui couple's dream home",
          "Flash flood destroys Maui couple's dream home",
          "Flash flood destroys Maui couple's dream home",
          "Flash flood destroys Maui couple's dream home",
          "Flash flood destroys Maui couple's dream home",
          "Flash flood destroys Maui couple's dream home",
          "Flash flood destroys Maui couple's dream home",
          "Flash flood destroys Maui couple's dream home",
          "Flash flood destroys Maui couple's dream home",
          "Flash flood destroys Maui couple's dream home",
          "Flash flood destroys Maui couple's dream home",
          "Flash flood destroys Maui couple's dream home",
          "Flash flood destroys Maui couple's dream home",
          "Flash flood destroys Maui couple's dream home",
          "Flash flood destroys Maui couple's dream home",
          "Flash flood destroys Maui couple's dream home",
          "Flash flood destroys Maui couple's dream home",
          "Flash flood destroys Maui couple's dream home",
          "Flash flood destroys Maui couple's dream home",
          "Flash flood destroys Maui couple's dream home",
          "Flash flood destroys Maui couple's dream home",
          "Flash flood destroys Maui couple's dream home",
          "Flash flood destroys Maui couple's dream home",
          "Flash flood destroys Maui couple's dream home",
          "Flash flood destroys Maui couple's dream home",
          "Flash flood destroys Maui couple's dream home",
          "Flash flood destroys Maui couple's dream home",
          "Flash flood destroys Maui couple's dream home",
          "Flash flood destroys Maui couple's dream home",
          "Flash flood destroys Maui couple's dream home",
          "Flash flood destroys Maui couple's dream home",
          "Flash flood destroys Maui couple's dream home",
          "Flash flood destroys Maui couple's dream home",
          "Flash flood destroys Maui couple's dream home",
          "Flash flood destroys Maui couple's dream home",
          "Flash flood destroys Maui couple's dream home",
          "Flash flood destroys Maui couple's dream home",
          "Flash flood destroys Maui couple's dream home",
          "Flash flood destroys Maui couple's dream home",
          "Flash flood destroys Maui couple's dream home",
          "Flash flood destroys Maui couple's dream home",
          "Flash flood destroys Maui couple's dream home",
          "Flash flood destroys Maui couple's dream home",
          "Flash flood destroys Maui couple's dream home",
          "Flash flood destroys Maui couple's dream home",
          "Flash flood destroys Maui couple's dream home",
          "Flash flood destroys Maui couple's dream home",
          "Flash flood destroys Maui couple's dream home",
          "Flash flood destroys Maui couple's dream home",
          "Flash flood destroys Maui couple's dream home",
          "Flash flood destroys Maui couple's dream home",
          "Flash flood destroys Maui couple's dream home",
          "Flash flood destroys Maui couple's dream home",
          "Flash flood destroys Maui couple's dream home",
          "Flash flood destroys Maui couple's dream home",
          "Flash flood destroys Maui couple's dream home",
          "Flash flood destroys Maui couple's dream home",
          "Flash flood destroys Maui couple's dream home",
          "Flash flood destroys Maui couple's dream home",
          "Flash flood warning extended for Maui; Flood advisory covers Oahu",
          "Flash flood warning posted for Maui as heavy rain intensifies",
          "Storm updates: Flash flood warnings issued for Maui, flood watches for Big Island",
          "Flash flood warning issued for east Maui as storm hits state",
          "Flash flood warning issued for east Maui as storm hits state",
          "Powerful kona storm brings warning level winds and flash flood risks; Flood Watch continues for Maui County",
          "NWS issues flash flood warning for Maui County",
          "NWS extends Flash Flood Warning for Big Island, Maui County, Molokai",
          "Flood Warning issued for flood-prone areas of Maui County",
          "Flood Advisory issued for flood-prone areas of Maui County",
          "Monday Weather Forecast | Flood advisory issued as heavy showers hit Maui County",
          "Monday Weather Forecast | Flood advisory issued as heavy showers hit Maui County",
          "NWS extends Flash Flood Warning for Big Island, Maui County, Molokai",
          "Flood advisory in effect for Molokai, state under flood watch"
        ]
      }
    },
    {
      "type": "Feature",
      "geometry": {
        "type": "Point",
        "coordinates": [
          -156.469,
          20.8949
        ]
      },
      "properties": {
        "source": "NOAA",
        "site_id": "1615680",
        "site_name": "Kahului, Kahului Harbor",
        "lat": "20.8949",
        "lon": "-156.469",
        "stage_ft": 1.676,
        "stage_datetime": "2026-06-29 21:54",
        "tier": "normal",
        "action_stage": 5.66,
        "flood_stage": 6.66,
        "major_stage": 8.66,
        "url": "https://tidesandcurrents.noaa.gov/stationhome.html?id=1615680",
        "city_lat": 20.8029568,
        "city_lon": -156.3106833,
        "fetched_at": "2026-06-29T22:01:32.713254+00:00",
        "flood_event_count": 92,
        "nearest_flood_miles": 12.04,
        "nearest_flood_title": "Powerful kona storm brings warning level winds and flash flood risks; Flood Warning issued for Maui until 2 p.m.",
        "color": "#2d6a4f",
        "nearby_flood_titles": [
          "Powerful kona storm brings warning level winds and flash flood risks; Flood Warning issued for Maui until 2 p.m.",
          "Flash flood destroys Maui couple's dream home",
          "Flash flood destroys Maui couple's dream home",
          "Flash flood destroys Maui couple's dream home",
          "Flash flood destroys Maui couple's dream home",
          "Flash flood destroys Maui couple's dream home",
          "Flash flood destroys Maui couple's dream home",
          "Flash flood destroys Maui couple's dream home",
          "Flash flood destroys Maui couple's dream home",
          "Flash flood destroys Maui couple's dream home",
          "Flash flood destroys Maui couple's dream home",
          "Flash flood destroys Maui couple's dream home",
          "Flash flood destroys Maui couple's dream home",
          "Flash flood destroys Maui couple's dream home",
          "Flash flood destroys Maui couple's dream home",
          "Flash flood destroys Maui couple's dream home",
          "Flash flood destroys Maui couple's dream home",
          "Flash flood destroys Maui couple's dream home",
          "Flash flood destroys Maui couple's dream home",
          "Flash flood destroys Maui couple's dream home",
          "Flash flood destroys Maui couple's dream home",
          "Flash flood destroys Maui couple's dream home",
          "Flash flood destroys Maui couple's dream home",
          "Flash flood destroys Maui couple's dream home",
          "Flash flood destroys Maui couple's dream home",
          "Flash flood destroys Maui couple's dream home",
          "Flash flood destroys Maui couple's dream home",
          "Flash flood destroys Maui couple's dream home",
          "Flash flood destroys Maui couple's dream home",
          "Flash flood destroys Maui couple's dream home",
          "Flash flood destroys Maui couple's dream home",
          "Flash flood destroys Maui couple's dream home",
          "Flash flood destroys Maui couple's dream home",
          "Flash flood destroys Maui couple's dream home",
          "Flash flood destroys Maui couple's dream home",
          "Flash flood destroys Maui couple's dream home",
          "Flash flood destroys Maui couple's dream home",
          "Flash flood destroys Maui couple's dream home",
          "Flash flood destroys Maui couple's dream home",
          "Flash flood destroys Maui couple's dream home",
          "Flash flood destroys Maui couple's dream home",
          "Flash flood destroys Maui couple's dream home",
          "Flash flood destroys Maui couple's dream home",
          "Flash flood destroys Maui couple's dream home",
          "Flash flood destroys Maui couple's dream home",
          "Flash flood destroys Maui couple's dream home",
          "Flash flood destroys Maui couple's dream home",
          "Flash flood destroys Maui couple's dream home",
          "Flash flood destroys Maui couple's dream home",
          "Flash flood destroys Maui couple's dream home",
          "Flash flood destroys Maui couple's dream home",
          "Flash flood destroys Maui couple's dream home",
          "Flash flood destroys Maui couple's dream home",
          "Flash flood destroys Maui couple's dream home",
          "Flash flood destroys Maui couple's dream home",
          "Flash flood destroys Maui couple's dream home",
          "Flash flood destroys Maui couple's dream home",
          "Flash flood destroys Maui couple's dream home",
          "Flash flood destroys Maui couple's dream home",
          "Flash flood destroys Maui couple's dream home",
          "Flash flood destroys Maui couple's dream home",
          "Flash flood destroys Maui couple's dream home",
          "Flash flood destroys Maui couple's dream home",
          "Flash flood destroys Maui couple's dream home",
          "Flash flood destroys Maui couple's dream home",
          "Flash flood destroys Maui couple's dream home",
          "Flash flood destroys Maui couple's dream home",
          "Flash flood destroys Maui couple's dream home",
          "Flash flood destroys Maui couple's dream home",
          "Flash flood destroys Maui couple's dream home",
          "Flash flood destroys Maui couple's dream home",
          "Flash flood destroys Maui couple's dream home",
          "Flash flood destroys Maui couple's dream home",
          "Flash flood destroys Maui couple's dream home",
          "Flash flood destroys Maui couple's dream home",
          "Flash flood destroys Maui couple's dream home",
          "Flash flood destroys Maui couple's dream home",
          "Flash flood destroys Maui couple's dream home",
          "Flash flood warning extended for Maui; Flood advisory covers Oahu",
          "Flash flood warning posted for Maui as heavy rain intensifies",
          "Storm updates: Flash flood warnings issued for Maui, flood watches for Big Island",
          "Flash flood warning issued for east Maui as storm hits state",
          "Flash flood warning issued for east Maui as storm hits state",
          "Powerful kona storm brings warning level winds and flash flood risks; Flood Watch continues for Maui County",
          "NWS issues flash flood warning for Maui County",
          "NWS extends Flash Flood Warning for Big Island, Maui County, Molokai",
          "Flood Warning issued for flood-prone areas of Maui County",
          "Flood Advisory issued for flood-prone areas of Maui County",
          "Monday Weather Forecast | Flood advisory issued as heavy showers hit Maui County",
          "Monday Weather Forecast | Flood advisory issued as heavy showers hit Maui County",
          "NWS extends Flash Flood Warning for Big Island, Maui County, Molokai",
          "Flood advisory in effect for Molokai, state under flood watch"
        ]
      }
    },
    {
      "type": "Feature",
      "geometry": {
        "type": "Point",
        "coordinates": [
          -156.469,
          20.8949
        ]
      },
      "properties": {
        "source": "NOAA",
        "site_id": "1615680",
        "site_name": "Kahului, Kahului Harbor",
        "lat": "20.8949",
        "lon": "-156.469",
        "stage_ft": 1.676,
        "stage_datetime": "2026-06-29 21:54",
        "tier": "normal",
        "action_stage": 5.66,
        "flood_stage": 6.66,
        "major_stage": 8.66,
        "url": "https://tidesandcurrents.noaa.gov/stationhome.html?id=1615680",
        "city_lat": 20.8029568,
        "city_lon": -156.3106833,
        "fetched_at": "2026-06-29T22:01:32.713254+00:00",
        "flood_event_count": 92,
        "nearest_flood_miles": 12.04,
        "nearest_flood_title": "Powerful kona storm brings warning level winds and flash flood risks; Flood Warning issued for Maui until 2 p.m.",
        "color": "#2d6a4f",
        "nearby_flood_titles": [
          "Powerful kona storm brings warning level winds and flash flood risks; Flood Warning issued for Maui until 2 p.m.",
          "Flash flood destroys Maui couple's dream home",
          "Flash flood destroys Maui couple's dream home",
          "Flash flood destroys Maui couple's dream home",
          "Flash flood destroys Maui couple's dream home",
          "Flash flood destroys Maui couple's dream home",
          "Flash flood destroys Maui couple's dream home",
          "Flash flood destroys Maui couple's dream home",
          "Flash flood destroys Maui couple's dream home",
          "Flash flood destroys Maui couple's dream home",
          "Flash flood destroys Maui couple's dream home",
          "Flash flood destroys Maui couple's dream home",
          "Flash flood destroys Maui couple's dream home",
          "Flash flood destroys Maui couple's dream home",
          "Flash flood destroys Maui couple's dream home",
          "Flash flood destroys Maui couple's dream home",
          "Flash flood destroys Maui couple's dream home",
          "Flash flood destroys Maui couple's dream home",
          "Flash flood destroys Maui couple's dream home",
          "Flash flood destroys Maui couple's dream home",
          "Flash flood destroys Maui couple's dream home",
          "Flash flood destroys Maui couple's dream home",
          "Flash flood destroys Maui couple's dream home",
          "Flash flood destroys Maui couple's dream home",
          "Flash flood destroys Maui couple's dream home",
          "Flash flood destroys Maui couple's dream home",
          "Flash flood destroys Maui couple's dream home",
          "Flash flood destroys Maui couple's dream home",
          "Flash flood destroys Maui couple's dream home",
          "Flash flood destroys Maui couple's dream home",
          "Flash flood destroys Maui couple's dream home",
          "Flash flood destroys Maui couple's dream home",
          "Flash flood destroys Maui couple's dream home",
          "Flash flood destroys Maui couple's dream home",
          "Flash flood destroys Maui couple's dream home",
          "Flash flood destroys Maui couple's dream home",
          "Flash flood destroys Maui couple's dream home",
          "Flash flood destroys Maui couple's dream home",
          "Flash flood destroys Maui couple's dream home",
          "Flash flood destroys Maui couple's dream home",
          "Flash flood destroys Maui couple's dream home",
          "Flash flood destroys Maui couple's dream home",
          "Flash flood destroys Maui couple's dream home",
          "Flash flood destroys Maui couple's dream home",
          "Flash flood destroys Maui couple's dream home",
          "Flash flood destroys Maui couple's dream home",
          "Flash flood destroys Maui couple's dream home",
          "Flash flood destroys Maui couple's dream home",
          "Flash flood destroys Maui couple's dream home",
          "Flash flood destroys Maui couple's dream home",
          "Flash flood destroys Maui couple's dream home",
          "Flash flood destroys Maui couple's dream home",
          "Flash flood destroys Maui couple's dream home",
          "Flash flood destroys Maui couple's dream home",
          "Flash flood destroys Maui couple's dream home",
          "Flash flood destroys Maui couple's dream home",
          "Flash flood destroys Maui couple's dream home",
          "Flash flood destroys Maui couple's dream home",
          "Flash flood destroys Maui couple's dream home",
          "Flash flood destroys Maui couple's dream home",
          "Flash flood destroys Maui couple's dream home",
          "Flash flood destroys Maui couple's dream home",
          "Flash flood destroys Maui couple's dream home",
          "Flash flood destroys Maui couple's dream home",
          "Flash flood destroys Maui couple's dream home",
          "Flash flood destroys Maui couple's dream home",
          "Flash flood destroys Maui couple's dream home",
          "Flash flood destroys Maui couple's dream home",
          "Flash flood destroys Maui couple's dream home",
          "Flash flood destroys Maui couple's dream home",
          "Flash flood destroys Maui couple's dream home",
          "Flash flood destroys Maui couple's dream home",
          "Flash flood destroys Maui couple's dream home",
          "Flash flood destroys Maui couple's dream home",
          "Flash flood destroys Maui couple's dream home",
          "Flash flood destroys Maui couple's dream home",
          "Flash flood destroys Maui couple's dream home",
          "Flash flood destroys Maui couple's dream home",
          "Flash flood warning extended for Maui; Flood advisory covers Oahu",
          "Flash flood warning posted for Maui as heavy rain intensifies",
          "Storm updates: Flash flood warnings issued for Maui, flood watches for Big Island",
          "Flash flood warning issued for east Maui as storm hits state",
          "Flash flood warning issued for east Maui as storm hits state",
          "Powerful kona storm brings warning level winds and flash flood risks; Flood Watch continues for Maui County",
          "NWS issues flash flood warning for Maui County",
          "NWS extends Flash Flood Warning for Big Island, Maui County, Molokai",
          "Flood Warning issued for flood-prone areas of Maui County",
          "Flood Advisory issued for flood-prone areas of Maui County",
          "Monday Weather Forecast | Flood advisory issued as heavy showers hit Maui County",
          "Monday Weather Forecast | Flood advisory issued as heavy showers hit Maui County",
          "NWS extends Flash Flood Warning for Big Island, Maui County, Molokai",
          "Flood advisory in effect for Molokai, state under flood watch"
        ]
      }
    },
    {
      "type": "Feature",
      "geometry": {
        "type": "Point",
        "coordinates": [
          -156.469,
          20.8949
        ]
      },
      "properties": {
        "source": "NOAA",
        "site_id": "1615680",
        "site_name": "Kahului, Kahului Harbor",
        "lat": "20.8949",
        "lon": "-156.469",
        "stage_ft": 1.676,
        "stage_datetime": "2026-06-29 21:54",
        "tier": "normal",
        "action_stage": 5.66,
        "flood_stage": 6.66,
        "major_stage": 8.66,
        "url": "https://tidesandcurrents.noaa.gov/stationhome.html?id=1615680",
        "city_lat": 20.8029568,
        "city_lon": -156.3106833,
        "fetched_at": "2026-06-29T22:01:32.713254+00:00",
        "flood_event_count": 92,
        "nearest_flood_miles": 12.04,
        "nearest_flood_title": "Powerful kona storm brings warning level winds and flash flood risks; Flood Warning issued for Maui until 2 p.m.",
        "color": "#2d6a4f",
        "nearby_flood_titles": [
          "Powerful kona storm brings warning level winds and flash flood risks; Flood Warning issued for Maui until 2 p.m.",
          "Flash flood destroys Maui couple's dream home",
          "Flash flood destroys Maui couple's dream home",
          "Flash flood destroys Maui couple's dream home",
          "Flash flood destroys Maui couple's dream home",
          "Flash flood destroys Maui couple's dream home",
          "Flash flood destroys Maui couple's dream home",
          "Flash flood destroys Maui couple's dream home",
          "Flash flood destroys Maui couple's dream home",
          "Flash flood destroys Maui couple's dream home",
          "Flash flood destroys Maui couple's dream home",
          "Flash flood destroys Maui couple's dream home",
          "Flash flood destroys Maui couple's dream home",
          "Flash flood destroys Maui couple's dream home",
          "Flash flood destroys Maui couple's dream home",
          "Flash flood destroys Maui couple's dream home",
          "Flash flood destroys Maui couple's dream home",
          "Flash flood destroys Maui couple's dream home",
          "Flash flood destroys Maui couple's dream home",
          "Flash flood destroys Maui couple's dream home",
          "Flash flood destroys Maui couple's dream home",
          "Flash flood destroys Maui couple's dream home",
          "Flash flood destroys Maui couple's dream home",
          "Flash flood destroys Maui couple's dream home",
          "Flash flood destroys Maui couple's dream home",
          "Flash flood destroys Maui couple's dream home",
          "Flash flood destroys Maui couple's dream home",
          "Flash flood destroys Maui couple's dream home",
          "Flash flood destroys Maui couple's dream home",
          "Flash flood destroys Maui couple's dream home",
          "Flash flood destroys Maui couple's dream home",
          "Flash flood destroys Maui couple's dream home",
          "Flash flood destroys Maui couple's dream home",
          "Flash flood destroys Maui couple's dream home",
          "Flash flood destroys Maui couple's dream home",
          "Flash flood destroys Maui couple's dream home",
          "Flash flood destroys Maui couple's dream home",
          "Flash flood destroys Maui couple's dream home",
          "Flash flood destroys Maui couple's dream home",
          "Flash flood destroys Maui couple's dream home",
          "Flash flood destroys Maui couple's dream home",
          "Flash flood destroys Maui couple's dream home",
          "Flash flood destroys Maui couple's dream home",
          "Flash flood destroys Maui couple's dream home",
          "Flash flood destroys Maui couple's dream home",
          "Flash flood destroys Maui couple's dream home",
          "Flash flood destroys Maui couple's dream home",
          "Flash flood destroys Maui couple's dream home",
          "Flash flood destroys Maui couple's dream home",
          "Flash flood destroys Maui couple's dream home",
          "Flash flood destroys Maui couple's dream home",
          "Flash flood destroys Maui couple's dream home",
          "Flash flood destroys Maui couple's dream home",
          "Flash flood destroys Maui couple's dream home",
          "Flash flood destroys Maui couple's dream home",
          "Flash flood destroys Maui couple's dream home",
          "Flash flood destroys Maui couple's dream home",
          "Flash flood destroys Maui couple's dream home",
          "Flash flood destroys Maui couple's dream home",
          "Flash flood destroys Maui couple's dream home",
          "Flash flood destroys Maui couple's dream home",
          "Flash flood destroys Maui couple's dream home",
          "Flash flood destroys Maui couple's dream home",
          "Flash flood destroys Maui couple's dream home",
          "Flash flood destroys Maui couple's dream home",
          "Flash flood destroys Maui couple's dream home",
          "Flash flood destroys Maui couple's dream home",
          "Flash flood destroys Maui couple's dream home",
          "Flash flood destroys Maui couple's dream home",
          "Flash flood destroys Maui couple's dream home",
          "Flash flood destroys Maui couple's dream home",
          "Flash flood destroys Maui couple's dream home",
          "Flash flood destroys Maui couple's dream home",
          "Flash flood destroys Maui couple's dream home",
          "Flash flood destroys Maui couple's dream home",
          "Flash flood destroys Maui couple's dream home",
          "Flash flood destroys Maui couple's dream home",
          "Flash flood destroys Maui couple's dream home",
          "Flash flood warning extended for Maui; Flood advisory covers Oahu",
          "Flash flood warning posted for Maui as heavy rain intensifies",
          "Storm updates: Flash flood warnings issued for Maui, flood watches for Big Island",
          "Flash flood warning issued for east Maui as storm hits state",
          "Flash flood warning issued for east Maui as storm hits state",
          "Powerful kona storm brings warning level winds and flash flood risks; Flood Watch continues for Maui County",
          "NWS issues flash flood warning for Maui County",
          "NWS extends Flash Flood Warning for Big Island, Maui County, Molokai",
          "Flood Warning issued for flood-prone areas of Maui County",
          "Flood Advisory issued for flood-prone areas of Maui County",
          "Monday Weather Forecast | Flood advisory issued as heavy showers hit Maui County",
          "Monday Weather Forecast | Flood advisory issued as heavy showers hit Maui County",
          "NWS extends Flash Flood Warning for Big Island, Maui County, Molokai",
          "Flood advisory in effect for Molokai, state under flood watch"
        ]
      }
    },
    {
      "type": "Feature",
      "geometry": {
        "type": "Point",
        "coordinates": [
          -156.469,
          20.8949
        ]
      },
      "properties": {
        "source": "NOAA",
        "site_id": "1615680",
        "site_name": "Kahului, Kahului Harbor",
        "lat": "20.8949",
        "lon": "-156.469",
        "stage_ft": 1.676,
        "stage_datetime": "2026-06-29 21:54",
        "tier": "normal",
        "action_stage": 5.66,
        "flood_stage": 6.66,
        "major_stage": 8.66,
        "url": "https://tidesandcurrents.noaa.gov/stationhome.html?id=1615680",
        "city_lat": 20.8029568,
        "city_lon": -156.3106833,
        "fetched_at": "2026-06-29T22:01:32.713254+00:00",
        "flood_event_count": 92,
        "nearest_flood_miles": 12.04,
        "nearest_flood_title": "Powerful kona storm brings warning level winds and flash flood risks; Flood Warning issued for Maui until 2 p.m.",
        "color": "#2d6a4f",
        "nearby_flood_titles": [
          "Powerful kona storm brings warning level winds and flash flood risks; Flood Warning issued for Maui until 2 p.m.",
          "Flash flood destroys Maui couple's dream home",
          "Flash flood destroys Maui couple's dream home",
          "Flash flood destroys Maui couple's dream home",
          "Flash flood destroys Maui couple's dream home",
          "Flash flood destroys Maui couple's dream home",
          "Flash flood destroys Maui couple's dream home",
          "Flash flood destroys Maui couple's dream home",
          "Flash flood destroys Maui couple's dream home",
          "Flash flood destroys Maui couple's dream home",
          "Flash flood destroys Maui couple's dream home",
          "Flash flood destroys Maui couple's dream home",
          "Flash flood destroys Maui couple's dream home",
          "Flash flood destroys Maui couple's dream home",
          "Flash flood destroys Maui couple's dream home",
          "Flash flood destroys Maui couple's dream home",
          "Flash flood destroys Maui couple's dream home",
          "Flash flood destroys Maui couple's dream home",
          "Flash flood destroys Maui couple's dream home",
          "Flash flood destroys Maui couple's dream home",
          "Flash flood destroys Maui couple's dream home",
          "Flash flood destroys Maui couple's dream home",
          "Flash flood destroys Maui couple's dream home",
          "Flash flood destroys Maui couple's dream home",
          "Flash flood destroys Maui couple's dream home",
          "Flash flood destroys Maui couple's dream home",
          "Flash flood destroys Maui couple's dream home",
          "Flash flood destroys Maui couple's dream home",
          "Flash flood destroys Maui couple's dream home",
          "Flash flood destroys Maui couple's dream home",
          "Flash flood destroys Maui couple's dream home",
          "Flash flood destroys Maui couple's dream home",
          "Flash flood destroys Maui couple's dream home",
          "Flash flood destroys Maui couple's dream home",
          "Flash flood destroys Maui couple's dream home",
          "Flash flood destroys Maui couple's dream home",
          "Flash flood destroys Maui couple's dream home",
          "Flash flood destroys Maui couple's dream home",
          "Flash flood destroys Maui couple's dream home",
          "Flash flood destroys Maui couple's dream home",
          "Flash flood destroys Maui couple's dream home",
          "Flash flood destroys Maui couple's dream home",
          "Flash flood destroys Maui couple's dream home",
          "Flash flood destroys Maui couple's dream home",
          "Flash flood destroys Maui couple's dream home",
          "Flash flood destroys Maui couple's dream home",
          "Flash flood destroys Maui couple's dream home",
          "Flash flood destroys Maui couple's dream home",
          "Flash flood destroys Maui couple's dream home",
          "Flash flood destroys Maui couple's dream home",
          "Flash flood destroys Maui couple's dream home",
          "Flash flood destroys Maui couple's dream home",
          "Flash flood destroys Maui couple's dream home",
          "Flash flood destroys Maui couple's dream home",
          "Flash flood destroys Maui couple's dream home",
          "Flash flood destroys Maui couple's dream home",
          "Flash flood destroys Maui couple's dream home",
          "Flash flood destroys Maui couple's dream home",
          "Flash flood destroys Maui couple's dream home",
          "Flash flood destroys Maui couple's dream home",
          "Flash flood destroys Maui couple's dream home",
          "Flash flood destroys Maui couple's dream home",
          "Flash flood destroys Maui couple's dream home",
          "Flash flood destroys Maui couple's dream home",
          "Flash flood destroys Maui couple's dream home",
          "Flash flood destroys Maui couple's dream home",
          "Flash flood destroys Maui couple's dream home",
          "Flash flood destroys Maui couple's dream home",
          "Flash flood destroys Maui couple's dream home",
          "Flash flood destroys Maui couple's dream home",
          "Flash flood destroys Maui couple's dream home",
          "Flash flood destroys Maui couple's dream home",
          "Flash flood destroys Maui couple's dream home",
          "Flash flood destroys Maui couple's dream home",
          "Flash flood destroys Maui couple's dream home",
          "Flash flood destroys Maui couple's dream home",
          "Flash flood destroys Maui couple's dream home",
          "Flash flood destroys Maui couple's dream home",
          "Flash flood warning extended for Maui; Flood advisory covers Oahu",
          "Flash flood warning posted for Maui as heavy rain intensifies",
          "Storm updates: Flash flood warnings issued for Maui, flood watches for Big Island",
          "Flash flood warning issued for east Maui as storm hits state",
          "Flash flood warning issued for east Maui as storm hits state",
          "Powerful kona storm brings warning level winds and flash flood risks; Flood Watch continues for Maui County",
          "NWS issues flash flood warning for Maui County",
          "NWS extends Flash Flood Warning for Big Island, Maui County, Molokai",
          "Flood Warning issued for flood-prone areas of Maui County",
          "Flood Advisory issued for flood-prone areas of Maui County",
          "Monday Weather Forecast | Flood advisory issued as heavy showers hit Maui County",
          "Monday Weather Forecast | Flood advisory issued as heavy showers hit Maui County",
          "NWS extends Flash Flood Warning for Big Island, Maui County, Molokai",
          "Flood advisory in effect for Molokai, state under flood watch"
        ]
      }
    },
    {
      "type": "Feature",
      "geometry": {
        "type": "Point",
        "coordinates": [
          -156.469,
          20.8949
        ]
      },
      "properties": {
        "source": "NOAA",
        "site_id": "1615680",
        "site_name": "Kahului, Kahului Harbor",
        "lat": "20.8949",
        "lon": "-156.469",
        "stage_ft": 1.676,
        "stage_datetime": "2026-06-29 21:54",
        "tier": "normal",
        "action_stage": 5.66,
        "flood_stage": 6.66,
        "major_stage": 8.66,
        "url": "https://tidesandcurrents.noaa.gov/stationhome.html?id=1615680",
        "city_lat": 20.8029568,
        "city_lon": -156.3106833,
        "fetched_at": "2026-06-29T22:01:32.713254+00:00",
        "flood_event_count": 92,
        "nearest_flood_miles": 12.04,
        "nearest_flood_title": "Powerful kona storm brings warning level winds and flash flood risks; Flood Warning issued for Maui until 2 p.m.",
        "color": "#2d6a4f",
        "nearby_flood_titles": [
          "Powerful kona storm brings warning level winds and flash flood risks; Flood Warning issued for Maui until 2 p.m.",
          "Flash flood destroys Maui couple's dream home",
          "Flash flood destroys Maui couple's dream home",
          "Flash flood destroys Maui couple's dream home",
          "Flash flood destroys Maui couple's dream home",
          "Flash flood destroys Maui couple's dream home",
          "Flash flood destroys Maui couple's dream home",
          "Flash flood destroys Maui couple's dream home",
          "Flash flood destroys Maui couple's dream home",
          "Flash flood destroys Maui couple's dream home",
          "Flash flood destroys Maui couple's dream home",
          "Flash flood destroys Maui couple's dream home",
          "Flash flood destroys Maui couple's dream home",
          "Flash flood destroys Maui couple's dream home",
          "Flash flood destroys Maui couple's dream home",
          "Flash flood destroys Maui couple's dream home",
          "Flash flood destroys Maui couple's dream home",
          "Flash flood destroys Maui couple's dream home",
          "Flash flood destroys Maui couple's dream home",
          "Flash flood destroys Maui couple's dream home",
          "Flash flood destroys Maui couple's dream home",
          "Flash flood destroys Maui couple's dream home",
          "Flash flood destroys Maui couple's dream home",
          "Flash flood destroys Maui couple's dream home",
          "Flash flood destroys Maui couple's dream home",
          "Flash flood destroys Maui couple's dream home",
          "Flash flood destroys Maui couple's dream home",
          "Flash flood destroys Maui couple's dream home",
          "Flash flood destroys Maui couple's dream home",
          "Flash flood destroys Maui couple's dream home",
          "Flash flood destroys Maui couple's dream home",
          "Flash flood destroys Maui couple's dream home",
          "Flash flood destroys Maui couple's dream home",
          "Flash flood destroys Maui couple's dream home",
          "Flash flood destroys Maui couple's dream home",
          "Flash flood destroys Maui couple's dream home",
          "Flash flood destroys Maui couple's dream home",
          "Flash flood destroys Maui couple's dream home",
          "Flash flood destroys Maui couple's dream home",
          "Flash flood destroys Maui couple's dream home",
          "Flash flood destroys Maui couple's dream home",
          "Flash flood destroys Maui couple's dream home",
          "Flash flood destroys Maui couple's dream home",
          "Flash flood destroys Maui couple's dream home",
          "Flash flood destroys Maui couple's dream home",
          "Flash flood destroys Maui couple's dream home",
          "Flash flood destroys Maui couple's dream home",
          "Flash flood destroys Maui couple's dream home",
          "Flash flood destroys Maui couple's dream home",
          "Flash flood destroys Maui couple's dream home",
          "Flash flood destroys Maui couple's dream home",
          "Flash flood destroys Maui couple's dream home",
          "Flash flood destroys Maui couple's dream home",
          "Flash flood destroys Maui couple's dream home",
          "Flash flood destroys Maui couple's dream home",
          "Flash flood destroys Maui couple's dream home",
          "Flash flood destroys Maui couple's dream home",
          "Flash flood destroys Maui couple's dream home",
          "Flash flood destroys Maui couple's dream home",
          "Flash flood destroys Maui couple's dream home",
          "Flash flood destroys Maui couple's dream home",
          "Flash flood destroys Maui couple's dream home",
          "Flash flood destroys Maui couple's dream home",
          "Flash flood destroys Maui couple's dream home",
          "Flash flood destroys Maui couple's dream home",
          "Flash flood destroys Maui couple's dream home",
          "Flash flood destroys Maui couple's dream home",
          "Flash flood destroys Maui couple's dream home",
          "Flash flood destroys Maui couple's dream home",
          "Flash flood destroys Maui couple's dream home",
          "Flash flood destroys Maui couple's dream home",
          "Flash flood destroys Maui couple's dream home",
          "Flash flood destroys Maui couple's dream home",
          "Flash flood destroys Maui couple's dream home",
          "Flash flood destroys Maui couple's dream home",
          "Flash flood destroys Maui couple's dream home",
          "Flash flood destroys Maui couple's dream home",
          "Flash flood destroys Maui couple's dream home",
          "Flash flood warning extended for Maui; Flood advisory covers Oahu",
          "Flash flood warning posted for Maui as heavy rain intensifies",
          "Storm updates: Flash flood warnings issued for Maui, flood watches for Big Island",
          "Flash flood warning issued for east Maui as storm hits state",
          "Flash flood warning issued for east Maui as storm hits state",
          "Powerful kona storm brings warning level winds and flash flood risks; Flood Watch continues for Maui County",
          "NWS issues flash flood warning for Maui County",
          "NWS extends Flash Flood Warning for Big Island, Maui County, Molokai",
          "Flood Warning issued for flood-prone areas of Maui County",
          "Flood Advisory issued for flood-prone areas of Maui County",
          "Monday Weather Forecast | Flood advisory issued as heavy showers hit Maui County",
          "Monday Weather Forecast | Flood advisory issued as heavy showers hit Maui County",
          "NWS extends Flash Flood Warning for Big Island, Maui County, Molokai",
          "Flood advisory in effect for Molokai, state under flood watch"
        ]
      }
    },
    {
      "type": "Feature",
      "geometry": {
        "type": "Point",
        "coordinates": [
          -156.469,
          20.8949
        ]
      },
      "properties": {
        "source": "NOAA",
        "site_id": "1615680",
        "site_name": "Kahului, Kahului Harbor",
        "lat": "20.8949",
        "lon": "-156.469",
        "stage_ft": 1.676,
        "stage_datetime": "2026-06-29 21:54",
        "tier": "normal",
        "action_stage": 5.66,
        "flood_stage": 6.66,
        "major_stage": 8.66,
        "url": "https://tidesandcurrents.noaa.gov/stationhome.html?id=1615680",
        "city_lat": 20.8029568,
        "city_lon": -156.3106833,
        "fetched_at": "2026-06-29T22:01:32.713254+00:00",
        "flood_event_count": 92,
        "nearest_flood_miles": 12.04,
        "nearest_flood_title": "Powerful kona storm brings warning level winds and flash flood risks; Flood Warning issued for Maui until 2 p.m.",
        "color": "#2d6a4f",
        "nearby_flood_titles": [
          "Powerful kona storm brings warning level winds and flash flood risks; Flood Warning issued for Maui until 2 p.m.",
          "Flash flood destroys Maui couple's dream home",
          "Flash flood destroys Maui couple's dream home",
          "Flash flood destroys Maui couple's dream home",
          "Flash flood destroys Maui couple's dream home",
          "Flash flood destroys Maui couple's dream home",
          "Flash flood destroys Maui couple's dream home",
          "Flash flood destroys Maui couple's dream home",
          "Flash flood destroys Maui couple's dream home",
          "Flash flood destroys Maui couple's dream home",
          "Flash flood destroys Maui couple's dream home",
          "Flash flood destroys Maui couple's dream home",
          "Flash flood destroys Maui couple's dream home",
          "Flash flood destroys Maui couple's dream home",
          "Flash flood destroys Maui couple's dream home",
          "Flash flood destroys Maui couple's dream home",
          "Flash flood destroys Maui couple's dream home",
          "Flash flood destroys Maui couple's dream home",
          "Flash flood destroys Maui couple's dream home",
          "Flash flood destroys Maui couple's dream home",
          "Flash flood destroys Maui couple's dream home",
          "Flash flood destroys Maui couple's dream home",
          "Flash flood destroys Maui couple's dream home",
          "Flash flood destroys Maui couple's dream home",
          "Flash flood destroys Maui couple's dream home",
          "Flash flood destroys Maui couple's dream home",
          "Flash flood destroys Maui couple's dream home",
          "Flash flood destroys Maui couple's dream home",
          "Flash flood destroys Maui couple's dream home",
          "Flash flood destroys Maui couple's dream home",
          "Flash flood destroys Maui couple's dream home",
          "Flash flood destroys Maui couple's dream home",
          "Flash flood destroys Maui couple's dream home",
          "Flash flood destroys Maui couple's dream home",
          "Flash flood destroys Maui couple's dream home",
          "Flash flood destroys Maui couple's dream home",
          "Flash flood destroys Maui couple's dream home",
          "Flash flood destroys Maui couple's dream home",
          "Flash flood destroys Maui couple's dream home",
          "Flash flood destroys Maui couple's dream home",
          "Flash flood destroys Maui couple's dream home",
          "Flash flood destroys Maui couple's dream home",
          "Flash flood destroys Maui couple's dream home",
          "Flash flood destroys Maui couple's dream home",
          "Flash flood destroys Maui couple's dream home",
          "Flash flood destroys Maui couple's dream home",
          "Flash flood destroys Maui couple's dream home",
          "Flash flood destroys Maui couple's dream home",
          "Flash flood destroys Maui couple's dream home",
          "Flash flood destroys Maui couple's dream home",
          "Flash flood destroys Maui couple's dream home",
          "Flash flood destroys Maui couple's dream home",
          "Flash flood destroys Maui couple's dream home",
          "Flash flood destroys Maui couple's dream home",
          "Flash flood destroys Maui couple's dream home",
          "Flash flood destroys Maui couple's dream home",
          "Flash flood destroys Maui couple's dream home",
          "Flash flood destroys Maui couple's dream home",
          "Flash flood destroys Maui couple's dream home",
          "Flash flood destroys Maui couple's dream home",
          "Flash flood destroys Maui couple's dream home",
          "Flash flood destroys Maui couple's dream home",
          "Flash flood destroys Maui couple's dream home",
          "Flash flood destroys Maui couple's dream home",
          "Flash flood destroys Maui couple's dream home",
          "Flash flood destroys Maui couple's dream home",
          "Flash flood destroys Maui couple's dream home",
          "Flash flood destroys Maui couple's dream home",
          "Flash flood destroys Maui couple's dream home",
          "Flash flood destroys Maui couple's dream home",
          "Flash flood destroys Maui couple's dream home",
          "Flash flood destroys Maui couple's dream home",
          "Flash flood destroys Maui couple's dream home",
          "Flash flood destroys Maui couple's dream home",
          "Flash flood destroys Maui couple's dream home",
          "Flash flood destroys Maui couple's dream home",
          "Flash flood destroys Maui couple's dream home",
          "Flash flood destroys Maui couple's dream home",
          "Flash flood warning extended for Maui; Flood advisory covers Oahu",
          "Flash flood warning posted for Maui as heavy rain intensifies",
          "Storm updates: Flash flood warnings issued for Maui, flood watches for Big Island",
          "Flash flood warning issued for east Maui as storm hits state",
          "Flash flood warning issued for east Maui as storm hits state",
          "Powerful kona storm brings warning level winds and flash flood risks; Flood Watch continues for Maui County",
          "NWS issues flash flood warning for Maui County",
          "NWS extends Flash Flood Warning for Big Island, Maui County, Molokai",
          "Flood Warning issued for flood-prone areas of Maui County",
          "Flood Advisory issued for flood-prone areas of Maui County",
          "Monday Weather Forecast | Flood advisory issued as heavy showers hit Maui County",
          "Monday Weather Forecast | Flood advisory issued as heavy showers hit Maui County",
          "NWS extends Flash Flood Warning for Big Island, Maui County, Molokai",
          "Flood advisory in effect for Molokai, state under flood watch"
        ]
      }
    },
    {
      "type": "Feature",
      "geometry": {
        "type": "Point",
        "coordinates": [
          -156.469,
          20.8949
        ]
      },
      "properties": {
        "source": "NOAA",
        "site_id": "1615680",
        "site_name": "Kahului, Kahului Harbor",
        "lat": "20.8949",
        "lon": "-156.469",
        "stage_ft": 1.676,
        "stage_datetime": "2026-06-29 21:54",
        "tier": "normal",
        "action_stage": 5.66,
        "flood_stage": 6.66,
        "major_stage": 8.66,
        "url": "https://tidesandcurrents.noaa.gov/stationhome.html?id=1615680",
        "city_lat": 20.8029568,
        "city_lon": -156.3106833,
        "fetched_at": "2026-06-29T22:01:32.713254+00:00",
        "flood_event_count": 92,
        "nearest_flood_miles": 12.04,
        "nearest_flood_title": "Powerful kona storm brings warning level winds and flash flood risks; Flood Warning issued for Maui until 2 p.m.",
        "color": "#2d6a4f",
        "nearby_flood_titles": [
          "Powerful kona storm brings warning level winds and flash flood risks; Flood Warning issued for Maui until 2 p.m.",
          "Flash flood destroys Maui couple's dream home",
          "Flash flood destroys Maui couple's dream home",
          "Flash flood destroys Maui couple's dream home",
          "Flash flood destroys Maui couple's dream home",
          "Flash flood destroys Maui couple's dream home",
          "Flash flood destroys Maui couple's dream home",
          "Flash flood destroys Maui couple's dream home",
          "Flash flood destroys Maui couple's dream home",
          "Flash flood destroys Maui couple's dream home",
          "Flash flood destroys Maui couple's dream home",
          "Flash flood destroys Maui couple's dream home",
          "Flash flood destroys Maui couple's dream home",
          "Flash flood destroys Maui couple's dream home",
          "Flash flood destroys Maui couple's dream home",
          "Flash flood destroys Maui couple's dream home",
          "Flash flood destroys Maui couple's dream home",
          "Flash flood destroys Maui couple's dream home",
          "Flash flood destroys Maui couple's dream home",
          "Flash flood destroys Maui couple's dream home",
          "Flash flood destroys Maui couple's dream home",
          "Flash flood destroys Maui couple's dream home",
          "Flash flood destroys Maui couple's dream home",
          "Flash flood destroys Maui couple's dream home",
          "Flash flood destroys Maui couple's dream home",
          "Flash flood destroys Maui couple's dream home",
          "Flash flood destroys Maui couple's dream home",
          "Flash flood destroys Maui couple's dream home",
          "Flash flood destroys Maui couple's dream home",
          "Flash flood destroys Maui couple's dream home",
          "Flash flood destroys Maui couple's dream home",
          "Flash flood destroys Maui couple's dream home",
          "Flash flood destroys Maui couple's dream home",
          "Flash flood destroys Maui couple's dream home",
          "Flash flood destroys Maui couple's dream home",
          "Flash flood destroys Maui couple's dream home",
          "Flash flood destroys Maui couple's dream home",
          "Flash flood destroys Maui couple's dream home",
          "Flash flood destroys Maui couple's dream home",
          "Flash flood destroys Maui couple's dream home",
          "Flash flood destroys Maui couple's dream home",
          "Flash flood destroys Maui couple's dream home",
          "Flash flood destroys Maui couple's dream home",
          "Flash flood destroys Maui couple's dream home",
          "Flash flood destroys Maui couple's dream home",
          "Flash flood destroys Maui couple's dream home",
          "Flash flood destroys Maui couple's dream home",
          "Flash flood destroys Maui couple's dream home",
          "Flash flood destroys Maui couple's dream home",
          "Flash flood destroys Maui couple's dream home",
          "Flash flood destroys Maui couple's dream home",
          "Flash flood destroys Maui couple's dream home",
          "Flash flood destroys Maui couple's dream home",
          "Flash flood destroys Maui couple's dream home",
          "Flash flood destroys Maui couple's dream home",
          "Flash flood destroys Maui couple's dream home",
          "Flash flood destroys Maui couple's dream home",
          "Flash flood destroys Maui couple's dream home",
          "Flash flood destroys Maui couple's dream home",
          "Flash flood destroys Maui couple's dream home",
          "Flash flood destroys Maui couple's dream home",
          "Flash flood destroys Maui couple's dream home",
          "Flash flood destroys Maui couple's dream home",
          "Flash flood destroys Maui couple's dream home",
          "Flash flood destroys Maui couple's dream home",
          "Flash flood destroys Maui couple's dream home",
          "Flash flood destroys Maui couple's dream home",
          "Flash flood destroys Maui couple's dream home",
          "Flash flood destroys Maui couple's dream home",
          "Flash flood destroys Maui couple's dream home",
          "Flash flood destroys Maui couple's dream home",
          "Flash flood destroys Maui couple's dream home",
          "Flash flood destroys Maui couple's dream home",
          "Flash flood destroys Maui couple's dream home",
          "Flash flood destroys Maui couple's dream home",
          "Flash flood destroys Maui couple's dream home",
          "Flash flood destroys Maui couple's dream home",
          "Flash flood destroys Maui couple's dream home",
          "Flash flood warning extended for Maui; Flood advisory covers Oahu",
          "Flash flood warning posted for Maui as heavy rain intensifies",
          "Storm updates: Flash flood warnings issued for Maui, flood watches for Big Island",
          "Flash flood warning issued for east Maui as storm hits state",
          "Flash flood warning issued for east Maui as storm hits state",
          "Powerful kona storm brings warning level winds and flash flood risks; Flood Watch continues for Maui County",
          "NWS issues flash flood warning for Maui County",
          "NWS extends Flash Flood Warning for Big Island, Maui County, Molokai",
          "Flood Warning issued for flood-prone areas of Maui County",
          "Flood Advisory issued for flood-prone areas of Maui County",
          "Monday Weather Forecast | Flood advisory issued as heavy showers hit Maui County",
          "Monday Weather Forecast | Flood advisory issued as heavy showers hit Maui County",
          "NWS extends Flash Flood Warning for Big Island, Maui County, Molokai",
          "Flood advisory in effect for Molokai, state under flood watch"
        ]
      }
    },
    {
      "type": "Feature",
      "geometry": {
        "type": "Point",
        "coordinates": [
          -156.469,
          20.8949
        ]
      },
      "properties": {
        "source": "NOAA",
        "site_id": "1615680",
        "site_name": "Kahului, Kahului Harbor",
        "lat": "20.8949",
        "lon": "-156.469",
        "stage_ft": 1.676,
        "stage_datetime": "2026-06-29 21:54",
        "tier": "normal",
        "action_stage": 5.66,
        "flood_stage": 6.66,
        "major_stage": 8.66,
        "url": "https://tidesandcurrents.noaa.gov/stationhome.html?id=1615680",
        "city_lat": 20.8029568,
        "city_lon": -156.3106833,
        "fetched_at": "2026-06-29T22:01:32.713254+00:00",
        "flood_event_count": 92,
        "nearest_flood_miles": 12.04,
        "nearest_flood_title": "Powerful kona storm brings warning level winds and flash flood risks; Flood Warning issued for Maui until 2 p.m.",
        "color": "#2d6a4f",
        "nearby_flood_titles": [
          "Powerful kona storm brings warning level winds and flash flood risks; Flood Warning issued for Maui until 2 p.m.",
          "Flash flood destroys Maui couple's dream home",
          "Flash flood destroys Maui couple's dream home",
          "Flash flood destroys Maui couple's dream home",
          "Flash flood destroys Maui couple's dream home",
          "Flash flood destroys Maui couple's dream home",
          "Flash flood destroys Maui couple's dream home",
          "Flash flood destroys Maui couple's dream home",
          "Flash flood destroys Maui couple's dream home",
          "Flash flood destroys Maui couple's dream home",
          "Flash flood destroys Maui couple's dream home",
          "Flash flood destroys Maui couple's dream home",
          "Flash flood destroys Maui couple's dream home",
          "Flash flood destroys Maui couple's dream home",
          "Flash flood destroys Maui couple's dream home",
          "Flash flood destroys Maui couple's dream home",
          "Flash flood destroys Maui couple's dream home",
          "Flash flood destroys Maui couple's dream home",
          "Flash flood destroys Maui couple's dream home",
          "Flash flood destroys Maui couple's dream home",
          "Flash flood destroys Maui couple's dream home",
          "Flash flood destroys Maui couple's dream home",
          "Flash flood destroys Maui couple's dream home",
          "Flash flood destroys Maui couple's dream home",
          "Flash flood destroys Maui couple's dream home",
          "Flash flood destroys Maui couple's dream home",
          "Flash flood destroys Maui couple's dream home",
          "Flash flood destroys Maui couple's dream home",
          "Flash flood destroys Maui couple's dream home",
          "Flash flood destroys Maui couple's dream home",
          "Flash flood destroys Maui couple's dream home",
          "Flash flood destroys Maui couple's dream home",
          "Flash flood destroys Maui couple's dream home",
          "Flash flood destroys Maui couple's dream home",
          "Flash flood destroys Maui couple's dream home",
          "Flash flood destroys Maui couple's dream home",
          "Flash flood destroys Maui couple's dream home",
          "Flash flood destroys Maui couple's dream home",
          "Flash flood destroys Maui couple's dream home",
          "Flash flood destroys Maui couple's dream home",
          "Flash flood destroys Maui couple's dream home",
          "Flash flood destroys Maui couple's dream home",
          "Flash flood destroys Maui couple's dream home",
          "Flash flood destroys Maui couple's dream home",
          "Flash flood destroys Maui couple's dream home",
          "Flash flood destroys Maui couple's dream home",
          "Flash flood destroys Maui couple's dream home",
          "Flash flood destroys Maui couple's dream home",
          "Flash flood destroys Maui couple's dream home",
          "Flash flood destroys Maui couple's dream home",
          "Flash flood destroys Maui couple's dream home",
          "Flash flood destroys Maui couple's dream home",
          "Flash flood destroys Maui couple's dream home",
          "Flash flood destroys Maui couple's dream home",
          "Flash flood destroys Maui couple's dream home",
          "Flash flood destroys Maui couple's dream home",
          "Flash flood destroys Maui couple's dream home",
          "Flash flood destroys Maui couple's dream home",
          "Flash flood destroys Maui couple's dream home",
          "Flash flood destroys Maui couple's dream home",
          "Flash flood destroys Maui couple's dream home",
          "Flash flood destroys Maui couple's dream home",
          "Flash flood destroys Maui couple's dream home",
          "Flash flood destroys Maui couple's dream home",
          "Flash flood destroys Maui couple's dream home",
          "Flash flood destroys Maui couple's dream home",
          "Flash flood destroys Maui couple's dream home",
          "Flash flood destroys Maui couple's dream home",
          "Flash flood destroys Maui couple's dream home",
          "Flash flood destroys Maui couple's dream home",
          "Flash flood destroys Maui couple's dream home",
          "Flash flood destroys Maui couple's dream home",
          "Flash flood destroys Maui couple's dream home",
          "Flash flood destroys Maui couple's dream home",
          "Flash flood destroys Maui couple's dream home",
          "Flash flood destroys Maui couple's dream home",
          "Flash flood destroys Maui couple's dream home",
          "Flash flood destroys Maui couple's dream home",
          "Flash flood warning extended for Maui; Flood advisory covers Oahu",
          "Flash flood warning posted for Maui as heavy rain intensifies",
          "Storm updates: Flash flood warnings issued for Maui, flood watches for Big Island",
          "Flash flood warning issued for east Maui as storm hits state",
          "Flash flood warning issued for east Maui as storm hits state",
          "Powerful kona storm brings warning level winds and flash flood risks; Flood Watch continues for Maui County",
          "NWS issues flash flood warning for Maui County",
          "NWS extends Flash Flood Warning for Big Island, Maui County, Molokai",
          "Flood Warning issued for flood-prone areas of Maui County",
          "Flood Advisory issued for flood-prone areas of Maui County",
          "Monday Weather Forecast | Flood advisory issued as heavy showers hit Maui County",
          "Monday Weather Forecast | Flood advisory issued as heavy showers hit Maui County",
          "NWS extends Flash Flood Warning for Big Island, Maui County, Molokai",
          "Flood advisory in effect for Molokai, state under flood watch"
        ]
      }
    },
    {
      "type": "Feature",
      "geometry": {
        "type": "Point",
        "coordinates": [
          -156.469,
          20.8949
        ]
      },
      "properties": {
        "source": "NOAA",
        "site_id": "1615680",
        "site_name": "Kahului, Kahului Harbor",
        "lat": "20.8949",
        "lon": "-156.469",
        "stage_ft": 1.676,
        "stage_datetime": "2026-06-29 21:54",
        "tier": "normal",
        "action_stage": 5.66,
        "flood_stage": 6.66,
        "major_stage": 8.66,
        "url": "https://tidesandcurrents.noaa.gov/stationhome.html?id=1615680",
        "city_lat": 20.8029568,
        "city_lon": -156.3106833,
        "fetched_at": "2026-06-29T22:01:32.713254+00:00",
        "flood_event_count": 92,
        "nearest_flood_miles": 12.04,
        "nearest_flood_title": "Powerful kona storm brings warning level winds and flash flood risks; Flood Warning issued for Maui until 2 p.m.",
        "color": "#2d6a4f",
        "nearby_flood_titles": [
          "Powerful kona storm brings warning level winds and flash flood risks; Flood Warning issued for Maui until 2 p.m.",
          "Flash flood destroys Maui couple's dream home",
          "Flash flood destroys Maui couple's dream home",
          "Flash flood destroys Maui couple's dream home",
          "Flash flood destroys Maui couple's dream home",
          "Flash flood destroys Maui couple's dream home",
          "Flash flood destroys Maui couple's dream home",
          "Flash flood destroys Maui couple's dream home",
          "Flash flood destroys Maui couple's dream home",
          "Flash flood destroys Maui couple's dream home",
          "Flash flood destroys Maui couple's dream home",
          "Flash flood destroys Maui couple's dream home",
          "Flash flood destroys Maui couple's dream home",
          "Flash flood destroys Maui couple's dream home",
          "Flash flood destroys Maui couple's dream home",
          "Flash flood destroys Maui couple's dream home",
          "Flash flood destroys Maui couple's dream home",
          "Flash flood destroys Maui couple's dream home",
          "Flash flood destroys Maui couple's dream home",
          "Flash flood destroys Maui couple's dream home",
          "Flash flood destroys Maui couple's dream home",
          "Flash flood destroys Maui couple's dream home",
          "Flash flood destroys Maui couple's dream home",
          "Flash flood destroys Maui couple's dream home",
          "Flash flood destroys Maui couple's dream home",
          "Flash flood destroys Maui couple's dream home",
          "Flash flood destroys Maui couple's dream home",
          "Flash flood destroys Maui couple's dream home",
          "Flash flood destroys Maui couple's dream home",
          "Flash flood destroys Maui couple's dream home",
          "Flash flood destroys Maui couple's dream home",
          "Flash flood destroys Maui couple's dream home",
          "Flash flood destroys Maui couple's dream home",
          "Flash flood destroys Maui couple's dream home",
          "Flash flood destroys Maui couple's dream home",
          "Flash flood destroys Maui couple's dream home",
          "Flash flood destroys Maui couple's dream home",
          "Flash flood destroys Maui couple's dream home",
          "Flash flood destroys Maui couple's dream home",
          "Flash flood destroys Maui couple's dream home",
          "Flash flood destroys Maui couple's dream home",
          "Flash flood destroys Maui couple's dream home",
          "Flash flood destroys Maui couple's dream home",
          "Flash flood destroys Maui couple's dream home",
          "Flash flood destroys Maui couple's dream home",
          "Flash flood destroys Maui couple's dream home",
          "Flash flood destroys Maui couple's dream home",
          "Flash flood destroys Maui couple's dream home",
          "Flash flood destroys Maui couple's dream home",
          "Flash flood destroys Maui couple's dream home",
          "Flash flood destroys Maui couple's dream home",
          "Flash flood destroys Maui couple's dream home",
          "Flash flood destroys Maui couple's dream home",
          "Flash flood destroys Maui couple's dream home",
          "Flash flood destroys Maui couple's dream home",
          "Flash flood destroys Maui couple's dream home",
          "Flash flood destroys Maui couple's dream home",
          "Flash flood destroys Maui couple's dream home",
          "Flash flood destroys Maui couple's dream home",
          "Flash flood destroys Maui couple's dream home",
          "Flash flood destroys Maui couple's dream home",
          "Flash flood destroys Maui couple's dream home",
          "Flash flood destroys Maui couple's dream home",
          "Flash flood destroys Maui couple's dream home",
          "Flash flood destroys Maui couple's dream home",
          "Flash flood destroys Maui couple's dream home",
          "Flash flood destroys Maui couple's dream home",
          "Flash flood destroys Maui couple's dream home",
          "Flash flood destroys Maui couple's dream home",
          "Flash flood destroys Maui couple's dream home",
          "Flash flood destroys Maui couple's dream home",
          "Flash flood destroys Maui couple's dream home",
          "Flash flood destroys Maui couple's dream home",
          "Flash flood destroys Maui couple's dream home",
          "Flash flood destroys Maui couple's dream home",
          "Flash flood destroys Maui couple's dream home",
          "Flash flood destroys Maui couple's dream home",
          "Flash flood destroys Maui couple's dream home",
          "Flash flood warning extended for Maui; Flood advisory covers Oahu",
          "Flash flood warning posted for Maui as heavy rain intensifies",
          "Storm updates: Flash flood warnings issued for Maui, flood watches for Big Island",
          "Flash flood warning issued for east Maui as storm hits state",
          "Flash flood warning issued for east Maui as storm hits state",
          "Powerful kona storm brings warning level winds and flash flood risks; Flood Watch continues for Maui County",
          "NWS issues flash flood warning for Maui County",
          "NWS extends Flash Flood Warning for Big Island, Maui County, Molokai",
          "Flood Warning issued for flood-prone areas of Maui County",
          "Flood Advisory issued for flood-prone areas of Maui County",
          "Monday Weather Forecast | Flood advisory issued as heavy showers hit Maui County",
          "Monday Weather Forecast | Flood advisory issued as heavy showers hit Maui County",
          "NWS extends Flash Flood Warning for Big Island, Maui County, Molokai",
          "Flood advisory in effect for Molokai, state under flood watch"
        ]
      }
    },
    {
      "type": "Feature",
      "geometry": {
        "type": "Point",
        "coordinates": [
          -156.469,
          20.8949
        ]
      },
      "properties": {
        "source": "NOAA",
        "site_id": "1615680",
        "site_name": "Kahului, Kahului Harbor",
        "lat": "20.8949",
        "lon": "-156.469",
        "stage_ft": 1.676,
        "stage_datetime": "2026-06-29 21:54",
        "tier": "normal",
        "action_stage": 5.66,
        "flood_stage": 6.66,
        "major_stage": 8.66,
        "url": "https://tidesandcurrents.noaa.gov/stationhome.html?id=1615680",
        "city_lat": 20.8029568,
        "city_lon": -156.3106833,
        "fetched_at": "2026-06-29T22:01:32.713254+00:00",
        "flood_event_count": 92,
        "nearest_flood_miles": 12.04,
        "nearest_flood_title": "Powerful kona storm brings warning level winds and flash flood risks; Flood Warning issued for Maui until 2 p.m.",
        "color": "#2d6a4f",
        "nearby_flood_titles": [
          "Powerful kona storm brings warning level winds and flash flood risks; Flood Warning issued for Maui until 2 p.m.",
          "Flash flood destroys Maui couple's dream home",
          "Flash flood destroys Maui couple's dream home",
          "Flash flood destroys Maui couple's dream home",
          "Flash flood destroys Maui couple's dream home",
          "Flash flood destroys Maui couple's dream home",
          "Flash flood destroys Maui couple's dream home",
          "Flash flood destroys Maui couple's dream home",
          "Flash flood destroys Maui couple's dream home",
          "Flash flood destroys Maui couple's dream home",
          "Flash flood destroys Maui couple's dream home",
          "Flash flood destroys Maui couple's dream home",
          "Flash flood destroys Maui couple's dream home",
          "Flash flood destroys Maui couple's dream home",
          "Flash flood destroys Maui couple's dream home",
          "Flash flood destroys Maui couple's dream home",
          "Flash flood destroys Maui couple's dream home",
          "Flash flood destroys Maui couple's dream home",
          "Flash flood destroys Maui couple's dream home",
          "Flash flood destroys Maui couple's dream home",
          "Flash flood destroys Maui couple's dream home",
          "Flash flood destroys Maui couple's dream home",
          "Flash flood destroys Maui couple's dream home",
          "Flash flood destroys Maui couple's dream home",
          "Flash flood destroys Maui couple's dream home",
          "Flash flood destroys Maui couple's dream home",
          "Flash flood destroys Maui couple's dream home",
          "Flash flood destroys Maui couple's dream home",
          "Flash flood destroys Maui couple's dream home",
          "Flash flood destroys Maui couple's dream home",
          "Flash flood destroys Maui couple's dream home",
          "Flash flood destroys Maui couple's dream home",
          "Flash flood destroys Maui couple's dream home",
          "Flash flood destroys Maui couple's dream home",
          "Flash flood destroys Maui couple's dream home",
          "Flash flood destroys Maui couple's dream home",
          "Flash flood destroys Maui couple's dream home",
          "Flash flood destroys Maui couple's dream home",
          "Flash flood destroys Maui couple's dream home",
          "Flash flood destroys Maui couple's dream home",
          "Flash flood destroys Maui couple's dream home",
          "Flash flood destroys Maui couple's dream home",
          "Flash flood destroys Maui couple's dream home",
          "Flash flood destroys Maui couple's dream home",
          "Flash flood destroys Maui couple's dream home",
          "Flash flood destroys Maui couple's dream home",
          "Flash flood destroys Maui couple's dream home",
          "Flash flood destroys Maui couple's dream home",
          "Flash flood destroys Maui couple's dream home",
          "Flash flood destroys Maui couple's dream home",
          "Flash flood destroys Maui couple's dream home",
          "Flash flood destroys Maui couple's dream home",
          "Flash flood destroys Maui couple's dream home",
          "Flash flood destroys Maui couple's dream home",
          "Flash flood destroys Maui couple's dream home",
          "Flash flood destroys Maui couple's dream home",
          "Flash flood destroys Maui couple's dream home",
          "Flash flood destroys Maui couple's dream home",
          "Flash flood destroys Maui couple's dream home",
          "Flash flood destroys Maui couple's dream home",
          "Flash flood destroys Maui couple's dream home",
          "Flash flood destroys Maui couple's dream home",
          "Flash flood destroys Maui couple's dream home",
          "Flash flood destroys Maui couple's dream home",
          "Flash flood destroys Maui couple's dream home",
          "Flash flood destroys Maui couple's dream home",
          "Flash flood destroys Maui couple's dream home",
          "Flash flood destroys Maui couple's dream home",
          "Flash flood destroys Maui couple's dream home",
          "Flash flood destroys Maui couple's dream home",
          "Flash flood destroys Maui couple's dream home",
          "Flash flood destroys Maui couple's dream home",
          "Flash flood destroys Maui couple's dream home",
          "Flash flood destroys Maui couple's dream home",
          "Flash flood destroys Maui couple's dream home",
          "Flash flood destroys Maui couple's dream home",
          "Flash flood destroys Maui couple's dream home",
          "Flash flood destroys Maui couple's dream home",
          "Flash flood warning extended for Maui; Flood advisory covers Oahu",
          "Flash flood warning posted for Maui as heavy rain intensifies",
          "Storm updates: Flash flood warnings issued for Maui, flood watches for Big Island",
          "Flash flood warning issued for east Maui as storm hits state",
          "Flash flood warning issued for east Maui as storm hits state",
          "Powerful kona storm brings warning level winds and flash flood risks; Flood Watch continues for Maui County",
          "NWS issues flash flood warning for Maui County",
          "NWS extends Flash Flood Warning for Big Island, Maui County, Molokai",
          "Flood Warning issued for flood-prone areas of Maui County",
          "Flood Advisory issued for flood-prone areas of Maui County",
          "Monday Weather Forecast | Flood advisory issued as heavy showers hit Maui County",
          "Monday Weather Forecast | Flood advisory issued as heavy showers hit Maui County",
          "NWS extends Flash Flood Warning for Big Island, Maui County, Molokai",
          "Flood advisory in effect for Molokai, state under flood watch"
        ]
      }
    },
    {
      "type": "Feature",
      "geometry": {
        "type": "Point",
        "coordinates": [
          -156.469,
          20.8949
        ]
      },
      "properties": {
        "source": "NOAA",
        "site_id": "1615680",
        "site_name": "Kahului, Kahului Harbor",
        "lat": "20.8949",
        "lon": "-156.469",
        "stage_ft": 1.676,
        "stage_datetime": "2026-06-29 21:54",
        "tier": "normal",
        "action_stage": 5.66,
        "flood_stage": 6.66,
        "major_stage": 8.66,
        "url": "https://tidesandcurrents.noaa.gov/stationhome.html?id=1615680",
        "city_lat": 20.8029568,
        "city_lon": -156.3106833,
        "fetched_at": "2026-06-29T22:01:32.713254+00:00",
        "flood_event_count": 92,
        "nearest_flood_miles": 12.04,
        "nearest_flood_title": "Powerful kona storm brings warning level winds and flash flood risks; Flood Warning issued for Maui until 2 p.m.",
        "color": "#2d6a4f",
        "nearby_flood_titles": [
          "Powerful kona storm brings warning level winds and flash flood risks; Flood Warning issued for Maui until 2 p.m.",
          "Flash flood destroys Maui couple's dream home",
          "Flash flood destroys Maui couple's dream home",
          "Flash flood destroys Maui couple's dream home",
          "Flash flood destroys Maui couple's dream home",
          "Flash flood destroys Maui couple's dream home",
          "Flash flood destroys Maui couple's dream home",
          "Flash flood destroys Maui couple's dream home",
          "Flash flood destroys Maui couple's dream home",
          "Flash flood destroys Maui couple's dream home",
          "Flash flood destroys Maui couple's dream home",
          "Flash flood destroys Maui couple's dream home",
          "Flash flood destroys Maui couple's dream home",
          "Flash flood destroys Maui couple's dream home",
          "Flash flood destroys Maui couple's dream home",
          "Flash flood destroys Maui couple's dream home",
          "Flash flood destroys Maui couple's dream home",
          "Flash flood destroys Maui couple's dream home",
          "Flash flood destroys Maui couple's dream home",
          "Flash flood destroys Maui couple's dream home",
          "Flash flood destroys Maui couple's dream home",
          "Flash flood destroys Maui couple's dream home",
          "Flash flood destroys Maui couple's dream home",
          "Flash flood destroys Maui couple's dream home",
          "Flash flood destroys Maui couple's dream home",
          "Flash flood destroys Maui couple's dream home",
          "Flash flood destroys Maui couple's dream home",
          "Flash flood destroys Maui couple's dream home",
          "Flash flood destroys Maui couple's dream home",
          "Flash flood destroys Maui couple's dream home",
          "Flash flood destroys Maui couple's dream home",
          "Flash flood destroys Maui couple's dream home",
          "Flash flood destroys Maui couple's dream home",
          "Flash flood destroys Maui couple's dream home",
          "Flash flood destroys Maui couple's dream home",
          "Flash flood destroys Maui couple's dream home",
          "Flash flood destroys Maui couple's dream home",
          "Flash flood destroys Maui couple's dream home",
          "Flash flood destroys Maui couple's dream home",
          "Flash flood destroys Maui couple's dream home",
          "Flash flood destroys Maui couple's dream home",
          "Flash flood destroys Maui couple's dream home",
          "Flash flood destroys Maui couple's dream home",
          "Flash flood destroys Maui couple's dream home",
          "Flash flood destroys Maui couple's dream home",
          "Flash flood destroys Maui couple's dream home",
          "Flash flood destroys Maui couple's dream home",
          "Flash flood destroys Maui couple's dream home",
          "Flash flood destroys Maui couple's dream home",
          "Flash flood destroys Maui couple's dream home",
          "Flash flood destroys Maui couple's dream home",
          "Flash flood destroys Maui couple's dream home",
          "Flash flood destroys Maui couple's dream home",
          "Flash flood destroys Maui couple's dream home",
          "Flash flood destroys Maui couple's dream home",
          "Flash flood destroys Maui couple's dream home",
          "Flash flood destroys Maui couple's dream home",
          "Flash flood destroys Maui couple's dream home",
          "Flash flood destroys Maui couple's dream home",
          "Flash flood destroys Maui couple's dream home",
          "Flash flood destroys Maui couple's dream home",
          "Flash flood destroys Maui couple's dream home",
          "Flash flood destroys Maui couple's dream home",
          "Flash flood destroys Maui couple's dream home",
          "Flash flood destroys Maui couple's dream home",
          "Flash flood destroys Maui couple's dream home",
          "Flash flood destroys Maui couple's dream home",
          "Flash flood destroys Maui couple's dream home",
          "Flash flood destroys Maui couple's dream home",
          "Flash flood destroys Maui couple's dream home",
          "Flash flood destroys Maui couple's dream home",
          "Flash flood destroys Maui couple's dream home",
          "Flash flood destroys Maui couple's dream home",
          "Flash flood destroys Maui couple's dream home",
          "Flash flood destroys Maui couple's dream home",
          "Flash flood destroys Maui couple's dream home",
          "Flash flood destroys Maui couple's dream home",
          "Flash flood destroys Maui couple's dream home",
          "Flash flood warning extended for Maui; Flood advisory covers Oahu",
          "Flash flood warning posted for Maui as heavy rain intensifies",
          "Storm updates: Flash flood warnings issued for Maui, flood watches for Big Island",
          "Flash flood warning issued for east Maui as storm hits state",
          "Flash flood warning issued for east Maui as storm hits state",
          "Powerful kona storm brings warning level winds and flash flood risks; Flood Watch continues for Maui County",
          "NWS issues flash flood warning for Maui County",
          "NWS extends Flash Flood Warning for Big Island, Maui County, Molokai",
          "Flood Warning issued for flood-prone areas of Maui County",
          "Flood Advisory issued for flood-prone areas of Maui County",
          "Monday Weather Forecast | Flood advisory issued as heavy showers hit Maui County",
          "Monday Weather Forecast | Flood advisory issued as heavy showers hit Maui County",
          "NWS extends Flash Flood Warning for Big Island, Maui County, Molokai",
          "Flood advisory in effect for Molokai, state under flood watch"
        ]
      }
    },
    {
      "type": "Feature",
      "geometry": {
        "type": "Point",
        "coordinates": [
          -156.469,
          20.8949
        ]
      },
      "properties": {
        "source": "NOAA",
        "site_id": "1615680",
        "site_name": "Kahului, Kahului Harbor",
        "lat": "20.8949",
        "lon": "-156.469",
        "stage_ft": 1.676,
        "stage_datetime": "2026-06-29 21:54",
        "tier": "normal",
        "action_stage": 5.66,
        "flood_stage": 6.66,
        "major_stage": 8.66,
        "url": "https://tidesandcurrents.noaa.gov/stationhome.html?id=1615680",
        "city_lat": 20.8029568,
        "city_lon": -156.3106833,
        "fetched_at": "2026-06-29T22:01:32.713254+00:00",
        "flood_event_count": 92,
        "nearest_flood_miles": 12.04,
        "nearest_flood_title": "Powerful kona storm brings warning level winds and flash flood risks; Flood Warning issued for Maui until 2 p.m.",
        "color": "#2d6a4f",
        "nearby_flood_titles": [
          "Powerful kona storm brings warning level winds and flash flood risks; Flood Warning issued for Maui until 2 p.m.",
          "Flash flood destroys Maui couple's dream home",
          "Flash flood destroys Maui couple's dream home",
          "Flash flood destroys Maui couple's dream home",
          "Flash flood destroys Maui couple's dream home",
          "Flash flood destroys Maui couple's dream home",
          "Flash flood destroys Maui couple's dream home",
          "Flash flood destroys Maui couple's dream home",
          "Flash flood destroys Maui couple's dream home",
          "Flash flood destroys Maui couple's dream home",
          "Flash flood destroys Maui couple's dream home",
          "Flash flood destroys Maui couple's dream home",
          "Flash flood destroys Maui couple's dream home",
          "Flash flood destroys Maui couple's dream home",
          "Flash flood destroys Maui couple's dream home",
          "Flash flood destroys Maui couple's dream home",
          "Flash flood destroys Maui couple's dream home",
          "Flash flood destroys Maui couple's dream home",
          "Flash flood destroys Maui couple's dream home",
          "Flash flood destroys Maui couple's dream home",
          "Flash flood destroys Maui couple's dream home",
          "Flash flood destroys Maui couple's dream home",
          "Flash flood destroys Maui couple's dream home",
          "Flash flood destroys Maui couple's dream home",
          "Flash flood destroys Maui couple's dream home",
          "Flash flood destroys Maui couple's dream home",
          "Flash flood destroys Maui couple's dream home",
          "Flash flood destroys Maui couple's dream home",
          "Flash flood destroys Maui couple's dream home",
          "Flash flood destroys Maui couple's dream home",
          "Flash flood destroys Maui couple's dream home",
          "Flash flood destroys Maui couple's dream home",
          "Flash flood destroys Maui couple's dream home",
          "Flash flood destroys Maui couple's dream home",
          "Flash flood destroys Maui couple's dream home",
          "Flash flood destroys Maui couple's dream home",
          "Flash flood destroys Maui couple's dream home",
          "Flash flood destroys Maui couple's dream home",
          "Flash flood destroys Maui couple's dream home",
          "Flash flood destroys Maui couple's dream home",
          "Flash flood destroys Maui couple's dream home",
          "Flash flood destroys Maui couple's dream home",
          "Flash flood destroys Maui couple's dream home",
          "Flash flood destroys Maui couple's dream home",
          "Flash flood destroys Maui couple's dream home",
          "Flash flood destroys Maui couple's dream home",
          "Flash flood destroys Maui couple's dream home",
          "Flash flood destroys Maui couple's dream home",
          "Flash flood destroys Maui couple's dream home",
          "Flash flood destroys Maui couple's dream home",
          "Flash flood destroys Maui couple's dream home",
          "Flash flood destroys Maui couple's dream home",
          "Flash flood destroys Maui couple's dream home",
          "Flash flood destroys Maui couple's dream home",
          "Flash flood destroys Maui couple's dream home",
          "Flash flood destroys Maui couple's dream home",
          "Flash flood destroys Maui couple's dream home",
          "Flash flood destroys Maui couple's dream home",
          "Flash flood destroys Maui couple's dream home",
          "Flash flood destroys Maui couple's dream home",
          "Flash flood destroys Maui couple's dream home",
          "Flash flood destroys Maui couple's dream home",
          "Flash flood destroys Maui couple's dream home",
          "Flash flood destroys Maui couple's dream home",
          "Flash flood destroys Maui couple's dream home",
          "Flash flood destroys Maui couple's dream home",
          "Flash flood destroys Maui couple's dream home",
          "Flash flood destroys Maui couple's dream home",
          "Flash flood destroys Maui couple's dream home",
          "Flash flood destroys Maui couple's dream home",
          "Flash flood destroys Maui couple's dream home",
          "Flash flood destroys Maui couple's dream home",
          "Flash flood destroys Maui couple's dream home",
          "Flash flood destroys Maui couple's dream home",
          "Flash flood destroys Maui couple's dream home",
          "Flash flood destroys Maui couple's dream home",
          "Flash flood destroys Maui couple's dream home",
          "Flash flood destroys Maui couple's dream home",
          "Flash flood warning extended for Maui; Flood advisory covers Oahu",
          "Flash flood warning posted for Maui as heavy rain intensifies",
          "Storm updates: Flash flood warnings issued for Maui, flood watches for Big Island",
          "Flash flood warning issued for east Maui as storm hits state",
          "Flash flood warning issued for east Maui as storm hits state",
          "Powerful kona storm brings warning level winds and flash flood risks; Flood Watch continues for Maui County",
          "NWS issues flash flood warning for Maui County",
          "NWS extends Flash Flood Warning for Big Island, Maui County, Molokai",
          "Flood Warning issued for flood-prone areas of Maui County",
          "Flood Advisory issued for flood-prone areas of Maui County",
          "Monday Weather Forecast | Flood advisory issued as heavy showers hit Maui County",
          "Monday Weather Forecast | Flood advisory issued as heavy showers hit Maui County",
          "NWS extends Flash Flood Warning for Big Island, Maui County, Molokai",
          "Flood advisory in effect for Molokai, state under flood watch"
        ]
      }
    },
    {
      "type": "Feature",
      "geometry": {
        "type": "Point",
        "coordinates": [
          -156.469,
          20.8949
        ]
      },
      "properties": {
        "source": "NOAA",
        "site_id": "1615680",
        "site_name": "Kahului, Kahului Harbor",
        "lat": "20.8949",
        "lon": "-156.469",
        "stage_ft": 1.676,
        "stage_datetime": "2026-06-29 21:54",
        "tier": "normal",
        "action_stage": 5.66,
        "flood_stage": 6.66,
        "major_stage": 8.66,
        "url": "https://tidesandcurrents.noaa.gov/stationhome.html?id=1615680",
        "city_lat": 20.8029568,
        "city_lon": -156.3106833,
        "fetched_at": "2026-06-29T22:01:32.713254+00:00",
        "flood_event_count": 92,
        "nearest_flood_miles": 12.04,
        "nearest_flood_title": "Powerful kona storm brings warning level winds and flash flood risks; Flood Warning issued for Maui until 2 p.m.",
        "color": "#2d6a4f",
        "nearby_flood_titles": [
          "Powerful kona storm brings warning level winds and flash flood risks; Flood Warning issued for Maui until 2 p.m.",
          "Flash flood destroys Maui couple's dream home",
          "Flash flood destroys Maui couple's dream home",
          "Flash flood destroys Maui couple's dream home",
          "Flash flood destroys Maui couple's dream home",
          "Flash flood destroys Maui couple's dream home",
          "Flash flood destroys Maui couple's dream home",
          "Flash flood destroys Maui couple's dream home",
          "Flash flood destroys Maui couple's dream home",
          "Flash flood destroys Maui couple's dream home",
          "Flash flood destroys Maui couple's dream home",
          "Flash flood destroys Maui couple's dream home",
          "Flash flood destroys Maui couple's dream home",
          "Flash flood destroys Maui couple's dream home",
          "Flash flood destroys Maui couple's dream home",
          "Flash flood destroys Maui couple's dream home",
          "Flash flood destroys Maui couple's dream home",
          "Flash flood destroys Maui couple's dream home",
          "Flash flood destroys Maui couple's dream home",
          "Flash flood destroys Maui couple's dream home",
          "Flash flood destroys Maui couple's dream home",
          "Flash flood destroys Maui couple's dream home",
          "Flash flood destroys Maui couple's dream home",
          "Flash flood destroys Maui couple's dream home",
          "Flash flood destroys Maui couple's dream home",
          "Flash flood destroys Maui couple's dream home",
          "Flash flood destroys Maui couple's dream home",
          "Flash flood destroys Maui couple's dream home",
          "Flash flood destroys Maui couple's dream home",
          "Flash flood destroys Maui couple's dream home",
          "Flash flood destroys Maui couple's dream home",
          "Flash flood destroys Maui couple's dream home",
          "Flash flood destroys Maui couple's dream home",
          "Flash flood destroys Maui couple's dream home",
          "Flash flood destroys Maui couple's dream home",
          "Flash flood destroys Maui couple's dream home",
          "Flash flood destroys Maui couple's dream home",
          "Flash flood destroys Maui couple's dream home",
          "Flash flood destroys Maui couple's dream home",
          "Flash flood destroys Maui couple's dream home",
          "Flash flood destroys Maui couple's dream home",
          "Flash flood destroys Maui couple's dream home",
          "Flash flood destroys Maui couple's dream home",
          "Flash flood destroys Maui couple's dream home",
          "Flash flood destroys Maui couple's dream home",
          "Flash flood destroys Maui couple's dream home",
          "Flash flood destroys Maui couple's dream home",
          "Flash flood destroys Maui couple's dream home",
          "Flash flood destroys Maui couple's dream home",
          "Flash flood destroys Maui couple's dream home",
          "Flash flood destroys Maui couple's dream home",
          "Flash flood destroys Maui couple's dream home",
          "Flash flood destroys Maui couple's dream home",
          "Flash flood destroys Maui couple's dream home",
          "Flash flood destroys Maui couple's dream home",
          "Flash flood destroys Maui couple's dream home",
          "Flash flood destroys Maui couple's dream home",
          "Flash flood destroys Maui couple's dream home",
          "Flash flood destroys Maui couple's dream home",
          "Flash flood destroys Maui couple's dream home",
          "Flash flood destroys Maui couple's dream home",
          "Flash flood destroys Maui couple's dream home",
          "Flash flood destroys Maui couple's dream home",
          "Flash flood destroys Maui couple's dream home",
          "Flash flood destroys Maui couple's dream home",
          "Flash flood destroys Maui couple's dream home",
          "Flash flood destroys Maui couple's dream home",
          "Flash flood destroys Maui couple's dream home",
          "Flash flood destroys Maui couple's dream home",
          "Flash flood destroys Maui couple's dream home",
          "Flash flood destroys Maui couple's dream home",
          "Flash flood destroys Maui couple's dream home",
          "Flash flood destroys Maui couple's dream home",
          "Flash flood destroys Maui couple's dream home",
          "Flash flood destroys Maui couple's dream home",
          "Flash flood destroys Maui couple's dream home",
          "Flash flood destroys Maui couple's dream home",
          "Flash flood destroys Maui couple's dream home",
          "Flash flood warning extended for Maui; Flood advisory covers Oahu",
          "Flash flood warning posted for Maui as heavy rain intensifies",
          "Storm updates: Flash flood warnings issued for Maui, flood watches for Big Island",
          "Flash flood warning issued for east Maui as storm hits state",
          "Flash flood warning issued for east Maui as storm hits state",
          "Powerful kona storm brings warning level winds and flash flood risks; Flood Watch continues for Maui County",
          "NWS issues flash flood warning for Maui County",
          "NWS extends Flash Flood Warning for Big Island, Maui County, Molokai",
          "Flood Warning issued for flood-prone areas of Maui County",
          "Flood Advisory issued for flood-prone areas of Maui County",
          "Monday Weather Forecast | Flood advisory issued as heavy showers hit Maui County",
          "Monday Weather Forecast | Flood advisory issued as heavy showers hit Maui County",
          "NWS extends Flash Flood Warning for Big Island, Maui County, Molokai",
          "Flood advisory in effect for Molokai, state under flood watch"
        ]
      }
    },
    {
      "type": "Feature",
      "geometry": {
        "type": "Point",
        "coordinates": [
          -156.469,
          20.8949
        ]
      },
      "properties": {
        "source": "NOAA",
        "site_id": "1615680",
        "site_name": "Kahului, Kahului Harbor",
        "lat": "20.8949",
        "lon": "-156.469",
        "stage_ft": 1.676,
        "stage_datetime": "2026-06-29 21:54",
        "tier": "normal",
        "action_stage": 5.66,
        "flood_stage": 6.66,
        "major_stage": 8.66,
        "url": "https://tidesandcurrents.noaa.gov/stationhome.html?id=1615680",
        "city_lat": 20.7580586,
        "city_lon": -156.3105232,
        "fetched_at": "2026-06-29T22:01:32.713254+00:00",
        "flood_event_count": 92,
        "nearest_flood_miles": 12.04,
        "nearest_flood_title": "Powerful kona storm brings warning level winds and flash flood risks; Flood Warning issued for Maui until 2 p.m.",
        "color": "#2d6a4f",
        "nearby_flood_titles": [
          "Powerful kona storm brings warning level winds and flash flood risks; Flood Warning issued for Maui until 2 p.m.",
          "Flash flood destroys Maui couple's dream home",
          "Flash flood destroys Maui couple's dream home",
          "Flash flood destroys Maui couple's dream home",
          "Flash flood destroys Maui couple's dream home",
          "Flash flood destroys Maui couple's dream home",
          "Flash flood destroys Maui couple's dream home",
          "Flash flood destroys Maui couple's dream home",
          "Flash flood destroys Maui couple's dream home",
          "Flash flood destroys Maui couple's dream home",
          "Flash flood destroys Maui couple's dream home",
          "Flash flood destroys Maui couple's dream home",
          "Flash flood destroys Maui couple's dream home",
          "Flash flood destroys Maui couple's dream home",
          "Flash flood destroys Maui couple's dream home",
          "Flash flood destroys Maui couple's dream home",
          "Flash flood destroys Maui couple's dream home",
          "Flash flood destroys Maui couple's dream home",
          "Flash flood destroys Maui couple's dream home",
          "Flash flood destroys Maui couple's dream home",
          "Flash flood destroys Maui couple's dream home",
          "Flash flood destroys Maui couple's dream home",
          "Flash flood destroys Maui couple's dream home",
          "Flash flood destroys Maui couple's dream home",
          "Flash flood destroys Maui couple's dream home",
          "Flash flood destroys Maui couple's dream home",
          "Flash flood destroys Maui couple's dream home",
          "Flash flood destroys Maui couple's dream home",
          "Flash flood destroys Maui couple's dream home",
          "Flash flood destroys Maui couple's dream home",
          "Flash flood destroys Maui couple's dream home",
          "Flash flood destroys Maui couple's dream home",
          "Flash flood destroys Maui couple's dream home",
          "Flash flood destroys Maui couple's dream home",
          "Flash flood destroys Maui couple's dream home",
          "Flash flood destroys Maui couple's dream home",
          "Flash flood destroys Maui couple's dream home",
          "Flash flood destroys Maui couple's dream home",
          "Flash flood destroys Maui couple's dream home",
          "Flash flood destroys Maui couple's dream home",
          "Flash flood destroys Maui couple's dream home",
          "Flash flood destroys Maui couple's dream home",
          "Flash flood destroys Maui couple's dream home",
          "Flash flood destroys Maui couple's dream home",
          "Flash flood destroys Maui couple's dream home",
          "Flash flood destroys Maui couple's dream home",
          "Flash flood destroys Maui couple's dream home",
          "Flash flood destroys Maui couple's dream home",
          "Flash flood destroys Maui couple's dream home",
          "Flash flood destroys Maui couple's dream home",
          "Flash flood destroys Maui couple's dream home",
          "Flash flood destroys Maui couple's dream home",
          "Flash flood destroys Maui couple's dream home",
          "Flash flood destroys Maui couple's dream home",
          "Flash flood destroys Maui couple's dream home",
          "Flash flood destroys Maui couple's dream home",
          "Flash flood destroys Maui couple's dream home",
          "Flash flood destroys Maui couple's dream home",
          "Flash flood destroys Maui couple's dream home",
          "Flash flood destroys Maui couple's dream home",
          "Flash flood destroys Maui couple's dream home",
          "Flash flood destroys Maui couple's dream home",
          "Flash flood destroys Maui couple's dream home",
          "Flash flood destroys Maui couple's dream home",
          "Flash flood destroys Maui couple's dream home",
          "Flash flood destroys Maui couple's dream home",
          "Flash flood destroys Maui couple's dream home",
          "Flash flood destroys Maui couple's dream home",
          "Flash flood destroys Maui couple's dream home",
          "Flash flood destroys Maui couple's dream home",
          "Flash flood destroys Maui couple's dream home",
          "Flash flood destroys Maui couple's dream home",
          "Flash flood destroys Maui couple's dream home",
          "Flash flood destroys Maui couple's dream home",
          "Flash flood destroys Maui couple's dream home",
          "Flash flood destroys Maui couple's dream home",
          "Flash flood destroys Maui couple's dream home",
          "Flash flood destroys Maui couple's dream home",
          "Flash flood warning extended for Maui; Flood advisory covers Oahu",
          "Flash flood warning posted for Maui as heavy rain intensifies",
          "Storm updates: Flash flood warnings issued for Maui, flood watches for Big Island",
          "Flash flood warning issued for east Maui as storm hits state",
          "Flash flood warning issued for east Maui as storm hits state",
          "Powerful kona storm brings warning level winds and flash flood risks; Flood Watch continues for Maui County",
          "NWS issues flash flood warning for Maui County",
          "NWS extends Flash Flood Warning for Big Island, Maui County, Molokai",
          "Flood Warning issued for flood-prone areas of Maui County",
          "Flood Advisory issued for flood-prone areas of Maui County",
          "Monday Weather Forecast | Flood advisory issued as heavy showers hit Maui County",
          "Monday Weather Forecast | Flood advisory issued as heavy showers hit Maui County",
          "NWS extends Flash Flood Warning for Big Island, Maui County, Molokai",
          "Flood advisory in effect for Molokai, state under flood watch"
        ]
      }
    },
    {
      "type": "Feature",
      "geometry": {
        "type": "Point",
        "coordinates": [
          -156.469,
          20.8949
        ]
      },
      "properties": {
        "source": "NOAA",
        "site_id": "1615680",
        "site_name": "Kahului, Kahului Harbor",
        "lat": "20.8949",
        "lon": "-156.469",
        "stage_ft": 1.676,
        "stage_datetime": "2026-06-29 21:54",
        "tier": "normal",
        "action_stage": 5.66,
        "flood_stage": 6.66,
        "major_stage": 8.66,
        "url": "https://tidesandcurrents.noaa.gov/stationhome.html?id=1615680",
        "city_lat": 20.8029568,
        "city_lon": -156.3106833,
        "fetched_at": "2026-06-29T22:01:32.713254+00:00",
        "flood_event_count": 92,
        "nearest_flood_miles": 12.04,
        "nearest_flood_title": "Powerful kona storm brings warning level winds and flash flood risks; Flood Warning issued for Maui until 2 p.m.",
        "color": "#2d6a4f",
        "nearby_flood_titles": [
          "Powerful kona storm brings warning level winds and flash flood risks; Flood Warning issued for Maui until 2 p.m.",
          "Flash flood destroys Maui couple's dream home",
          "Flash flood destroys Maui couple's dream home",
          "Flash flood destroys Maui couple's dream home",
          "Flash flood destroys Maui couple's dream home",
          "Flash flood destroys Maui couple's dream home",
          "Flash flood destroys Maui couple's dream home",
          "Flash flood destroys Maui couple's dream home",
          "Flash flood destroys Maui couple's dream home",
          "Flash flood destroys Maui couple's dream home",
          "Flash flood destroys Maui couple's dream home",
          "Flash flood destroys Maui couple's dream home",
          "Flash flood destroys Maui couple's dream home",
          "Flash flood destroys Maui couple's dream home",
          "Flash flood destroys Maui couple's dream home",
          "Flash flood destroys Maui couple's dream home",
          "Flash flood destroys Maui couple's dream home",
          "Flash flood destroys Maui couple's dream home",
          "Flash flood destroys Maui couple's dream home",
          "Flash flood destroys Maui couple's dream home",
          "Flash flood destroys Maui couple's dream home",
          "Flash flood destroys Maui couple's dream home",
          "Flash flood destroys Maui couple's dream home",
          "Flash flood destroys Maui couple's dream home",
          "Flash flood destroys Maui couple's dream home",
          "Flash flood destroys Maui couple's dream home",
          "Flash flood destroys Maui couple's dream home",
          "Flash flood destroys Maui couple's dream home",
          "Flash flood destroys Maui couple's dream home",
          "Flash flood destroys Maui couple's dream home",
          "Flash flood destroys Maui couple's dream home",
          "Flash flood destroys Maui couple's dream home",
          "Flash flood destroys Maui couple's dream home",
          "Flash flood destroys Maui couple's dream home",
          "Flash flood destroys Maui couple's dream home",
          "Flash flood destroys Maui couple's dream home",
          "Flash flood destroys Maui couple's dream home",
          "Flash flood destroys Maui couple's dream home",
          "Flash flood destroys Maui couple's dream home",
          "Flash flood destroys Maui couple's dream home",
          "Flash flood destroys Maui couple's dream home",
          "Flash flood destroys Maui couple's dream home",
          "Flash flood destroys Maui couple's dream home",
          "Flash flood destroys Maui couple's dream home",
          "Flash flood destroys Maui couple's dream home",
          "Flash flood destroys Maui couple's dream home",
          "Flash flood destroys Maui couple's dream home",
          "Flash flood destroys Maui couple's dream home",
          "Flash flood destroys Maui couple's dream home",
          "Flash flood destroys Maui couple's dream home",
          "Flash flood destroys Maui couple's dream home",
          "Flash flood destroys Maui couple's dream home",
          "Flash flood destroys Maui couple's dream home",
          "Flash flood destroys Maui couple's dream home",
          "Flash flood destroys Maui couple's dream home",
          "Flash flood destroys Maui couple's dream home",
          "Flash flood destroys Maui couple's dream home",
          "Flash flood destroys Maui couple's dream home",
          "Flash flood destroys Maui couple's dream home",
          "Flash flood destroys Maui couple's dream home",
          "Flash flood destroys Maui couple's dream home",
          "Flash flood destroys Maui couple's dream home",
          "Flash flood destroys Maui couple's dream home",
          "Flash flood destroys Maui couple's dream home",
          "Flash flood destroys Maui couple's dream home",
          "Flash flood destroys Maui couple's dream home",
          "Flash flood destroys Maui couple's dream home",
          "Flash flood destroys Maui couple's dream home",
          "Flash flood destroys Maui couple's dream home",
          "Flash flood destroys Maui couple's dream home",
          "Flash flood destroys Maui couple's dream home",
          "Flash flood destroys Maui couple's dream home",
          "Flash flood destroys Maui couple's dream home",
          "Flash flood destroys Maui couple's dream home",
          "Flash flood destroys Maui couple's dream home",
          "Flash flood destroys Maui couple's dream home",
          "Flash flood destroys Maui couple's dream home",
          "Flash flood destroys Maui couple's dream home",
          "Flash flood warning extended for Maui; Flood advisory covers Oahu",
          "Flash flood warning posted for Maui as heavy rain intensifies",
          "Storm updates: Flash flood warnings issued for Maui, flood watches for Big Island",
          "Flash flood warning issued for east Maui as storm hits state",
          "Flash flood warning issued for east Maui as storm hits state",
          "Powerful kona storm brings warning level winds and flash flood risks; Flood Watch continues for Maui County",
          "NWS issues flash flood warning for Maui County",
          "NWS extends Flash Flood Warning for Big Island, Maui County, Molokai",
          "Flood Warning issued for flood-prone areas of Maui County",
          "Flood Advisory issued for flood-prone areas of Maui County",
          "Monday Weather Forecast | Flood advisory issued as heavy showers hit Maui County",
          "Monday Weather Forecast | Flood advisory issued as heavy showers hit Maui County",
          "NWS extends Flash Flood Warning for Big Island, Maui County, Molokai",
          "Flood advisory in effect for Molokai, state under flood watch"
        ]
      }
    },
    {
      "type": "Feature",
      "geometry": {
        "type": "Point",
        "coordinates": [
          -156.469,
          20.8949
        ]
      },
      "properties": {
        "source": "NOAA",
        "site_id": "1615680",
        "site_name": "Kahului, Kahului Harbor",
        "lat": "20.8949",
        "lon": "-156.469",
        "stage_ft": 1.676,
        "stage_datetime": "2026-06-29 21:54",
        "tier": "normal",
        "action_stage": 5.66,
        "flood_stage": 6.66,
        "major_stage": 8.66,
        "url": "https://tidesandcurrents.noaa.gov/stationhome.html?id=1615680",
        "city_lat": 20.7580586,
        "city_lon": -156.3105232,
        "fetched_at": "2026-06-29T22:01:32.713254+00:00",
        "flood_event_count": 92,
        "nearest_flood_miles": 12.04,
        "nearest_flood_title": "Powerful kona storm brings warning level winds and flash flood risks; Flood Warning issued for Maui until 2 p.m.",
        "color": "#2d6a4f",
        "nearby_flood_titles": [
          "Powerful kona storm brings warning level winds and flash flood risks; Flood Warning issued for Maui until 2 p.m.",
          "Flash flood destroys Maui couple's dream home",
          "Flash flood destroys Maui couple's dream home",
          "Flash flood destroys Maui couple's dream home",
          "Flash flood destroys Maui couple's dream home",
          "Flash flood destroys Maui couple's dream home",
          "Flash flood destroys Maui couple's dream home",
          "Flash flood destroys Maui couple's dream home",
          "Flash flood destroys Maui couple's dream home",
          "Flash flood destroys Maui couple's dream home",
          "Flash flood destroys Maui couple's dream home",
          "Flash flood destroys Maui couple's dream home",
          "Flash flood destroys Maui couple's dream home",
          "Flash flood destroys Maui couple's dream home",
          "Flash flood destroys Maui couple's dream home",
          "Flash flood destroys Maui couple's dream home",
          "Flash flood destroys Maui couple's dream home",
          "Flash flood destroys Maui couple's dream home",
          "Flash flood destroys Maui couple's dream home",
          "Flash flood destroys Maui couple's dream home",
          "Flash flood destroys Maui couple's dream home",
          "Flash flood destroys Maui couple's dream home",
          "Flash flood destroys Maui couple's dream home",
          "Flash flood destroys Maui couple's dream home",
          "Flash flood destroys Maui couple's dream home",
          "Flash flood destroys Maui couple's dream home",
          "Flash flood destroys Maui couple's dream home",
          "Flash flood destroys Maui couple's dream home",
          "Flash flood destroys Maui couple's dream home",
          "Flash flood destroys Maui couple's dream home",
          "Flash flood destroys Maui couple's dream home",
          "Flash flood destroys Maui couple's dream home",
          "Flash flood destroys Maui couple's dream home",
          "Flash flood destroys Maui couple's dream home",
          "Flash flood destroys Maui couple's dream home",
          "Flash flood destroys Maui couple's dream home",
          "Flash flood destroys Maui couple's dream home",
          "Flash flood destroys Maui couple's dream home",
          "Flash flood destroys Maui couple's dream home",
          "Flash flood destroys Maui couple's dream home",
          "Flash flood destroys Maui couple's dream home",
          "Flash flood destroys Maui couple's dream home",
          "Flash flood destroys Maui couple's dream home",
          "Flash flood destroys Maui couple's dream home",
          "Flash flood destroys Maui couple's dream home",
          "Flash flood destroys Maui couple's dream home",
          "Flash flood destroys Maui couple's dream home",
          "Flash flood destroys Maui couple's dream home",
          "Flash flood destroys Maui couple's dream home",
          "Flash flood destroys Maui couple's dream home",
          "Flash flood destroys Maui couple's dream home",
          "Flash flood destroys Maui couple's dream home",
          "Flash flood destroys Maui couple's dream home",
          "Flash flood destroys Maui couple's dream home",
          "Flash flood destroys Maui couple's dream home",
          "Flash flood destroys Maui couple's dream home",
          "Flash flood destroys Maui couple's dream home",
          "Flash flood destroys Maui couple's dream home",
          "Flash flood destroys Maui couple's dream home",
          "Flash flood destroys Maui couple's dream home",
          "Flash flood destroys Maui couple's dream home",
          "Flash flood destroys Maui couple's dream home",
          "Flash flood destroys Maui couple's dream home",
          "Flash flood destroys Maui couple's dream home",
          "Flash flood destroys Maui couple's dream home",
          "Flash flood destroys Maui couple's dream home",
          "Flash flood destroys Maui couple's dream home",
          "Flash flood destroys Maui couple's dream home",
          "Flash flood destroys Maui couple's dream home",
          "Flash flood destroys Maui couple's dream home",
          "Flash flood destroys Maui couple's dream home",
          "Flash flood destroys Maui couple's dream home",
          "Flash flood destroys Maui couple's dream home",
          "Flash flood destroys Maui couple's dream home",
          "Flash flood destroys Maui couple's dream home",
          "Flash flood destroys Maui couple's dream home",
          "Flash flood destroys Maui couple's dream home",
          "Flash flood destroys Maui couple's dream home",
          "Flash flood warning extended for Maui; Flood advisory covers Oahu",
          "Flash flood warning posted for Maui as heavy rain intensifies",
          "Storm updates: Flash flood warnings issued for Maui, flood watches for Big Island",
          "Flash flood warning issued for east Maui as storm hits state",
          "Flash flood warning issued for east Maui as storm hits state",
          "Powerful kona storm brings warning level winds and flash flood risks; Flood Watch continues for Maui County",
          "NWS issues flash flood warning for Maui County",
          "NWS extends Flash Flood Warning for Big Island, Maui County, Molokai",
          "Flood Warning issued for flood-prone areas of Maui County",
          "Flood Advisory issued for flood-prone areas of Maui County",
          "Monday Weather Forecast | Flood advisory issued as heavy showers hit Maui County",
          "Monday Weather Forecast | Flood advisory issued as heavy showers hit Maui County",
          "NWS extends Flash Flood Warning for Big Island, Maui County, Molokai",
          "Flood advisory in effect for Molokai, state under flood watch"
        ]
      }
    },
    {
      "type": "Feature",
      "geometry": {
        "type": "Point",
        "coordinates": [
          -156.469,
          20.8949
        ]
      },
      "properties": {
        "source": "NOAA",
        "site_id": "1615680",
        "site_name": "Kahului, Kahului Harbor",
        "lat": "20.8949",
        "lon": "-156.469",
        "stage_ft": 1.676,
        "stage_datetime": "2026-06-29 21:54",
        "tier": "normal",
        "action_stage": 5.66,
        "flood_stage": 6.66,
        "major_stage": 8.66,
        "url": "https://tidesandcurrents.noaa.gov/stationhome.html?id=1615680",
        "city_lat": 20.8029568,
        "city_lon": -156.3106833,
        "fetched_at": "2026-06-29T22:01:32.713254+00:00",
        "flood_event_count": 92,
        "nearest_flood_miles": 12.04,
        "nearest_flood_title": "Powerful kona storm brings warning level winds and flash flood risks; Flood Warning issued for Maui until 2 p.m.",
        "color": "#2d6a4f",
        "nearby_flood_titles": [
          "Powerful kona storm brings warning level winds and flash flood risks; Flood Warning issued for Maui until 2 p.m.",
          "Flash flood destroys Maui couple's dream home",
          "Flash flood destroys Maui couple's dream home",
          "Flash flood destroys Maui couple's dream home",
          "Flash flood destroys Maui couple's dream home",
          "Flash flood destroys Maui couple's dream home",
          "Flash flood destroys Maui couple's dream home",
          "Flash flood destroys Maui couple's dream home",
          "Flash flood destroys Maui couple's dream home",
          "Flash flood destroys Maui couple's dream home",
          "Flash flood destroys Maui couple's dream home",
          "Flash flood destroys Maui couple's dream home",
          "Flash flood destroys Maui couple's dream home",
          "Flash flood destroys Maui couple's dream home",
          "Flash flood destroys Maui couple's dream home",
          "Flash flood destroys Maui couple's dream home",
          "Flash flood destroys Maui couple's dream home",
          "Flash flood destroys Maui couple's dream home",
          "Flash flood destroys Maui couple's dream home",
          "Flash flood destroys Maui couple's dream home",
          "Flash flood destroys Maui couple's dream home",
          "Flash flood destroys Maui couple's dream home",
          "Flash flood destroys Maui couple's dream home",
          "Flash flood destroys Maui couple's dream home",
          "Flash flood destroys Maui couple's dream home",
          "Flash flood destroys Maui couple's dream home",
          "Flash flood destroys Maui couple's dream home",
          "Flash flood destroys Maui couple's dream home",
          "Flash flood destroys Maui couple's dream home",
          "Flash flood destroys Maui couple's dream home",
          "Flash flood destroys Maui couple's dream home",
          "Flash flood destroys Maui couple's dream home",
          "Flash flood destroys Maui couple's dream home",
          "Flash flood destroys Maui couple's dream home",
          "Flash flood destroys Maui couple's dream home",
          "Flash flood destroys Maui couple's dream home",
          "Flash flood destroys Maui couple's dream home",
          "Flash flood destroys Maui couple's dream home",
          "Flash flood destroys Maui couple's dream home",
          "Flash flood destroys Maui couple's dream home",
          "Flash flood destroys Maui couple's dream home",
          "Flash flood destroys Maui couple's dream home",
          "Flash flood destroys Maui couple's dream home",
          "Flash flood destroys Maui couple's dream home",
          "Flash flood destroys Maui couple's dream home",
          "Flash flood destroys Maui couple's dream home",
          "Flash flood destroys Maui couple's dream home",
          "Flash flood destroys Maui couple's dream home",
          "Flash flood destroys Maui couple's dream home",
          "Flash flood destroys Maui couple's dream home",
          "Flash flood destroys Maui couple's dream home",
          "Flash flood destroys Maui couple's dream home",
          "Flash flood destroys Maui couple's dream home",
          "Flash flood destroys Maui couple's dream home",
          "Flash flood destroys Maui couple's dream home",
          "Flash flood destroys Maui couple's dream home",
          "Flash flood destroys Maui couple's dream home",
          "Flash flood destroys Maui couple's dream home",
          "Flash flood destroys Maui couple's dream home",
          "Flash flood destroys Maui couple's dream home",
          "Flash flood destroys Maui couple's dream home",
          "Flash flood destroys Maui couple's dream home",
          "Flash flood destroys Maui couple's dream home",
          "Flash flood destroys Maui couple's dream home",
          "Flash flood destroys Maui couple's dream home",
          "Flash flood destroys Maui couple's dream home",
          "Flash flood destroys Maui couple's dream home",
          "Flash flood destroys Maui couple's dream home",
          "Flash flood destroys Maui couple's dream home",
          "Flash flood destroys Maui couple's dream home",
          "Flash flood destroys Maui couple's dream home",
          "Flash flood destroys Maui couple's dream home",
          "Flash flood destroys Maui couple's dream home",
          "Flash flood destroys Maui couple's dream home",
          "Flash flood destroys Maui couple's dream home",
          "Flash flood destroys Maui couple's dream home",
          "Flash flood destroys Maui couple's dream home",
          "Flash flood destroys Maui couple's dream home",
          "Flash flood warning extended for Maui; Flood advisory covers Oahu",
          "Flash flood warning posted for Maui as heavy rain intensifies",
          "Storm updates: Flash flood warnings issued for Maui, flood watches for Big Island",
          "Flash flood warning issued for east Maui as storm hits state",
          "Flash flood warning issued for east Maui as storm hits state",
          "Powerful kona storm brings warning level winds and flash flood risks; Flood Watch continues for Maui County",
          "NWS issues flash flood warning for Maui County",
          "NWS extends Flash Flood Warning for Big Island, Maui County, Molokai",
          "Flood Warning issued for flood-prone areas of Maui County",
          "Flood Advisory issued for flood-prone areas of Maui County",
          "Monday Weather Forecast | Flood advisory issued as heavy showers hit Maui County",
          "Monday Weather Forecast | Flood advisory issued as heavy showers hit Maui County",
          "NWS extends Flash Flood Warning for Big Island, Maui County, Molokai",
          "Flood advisory in effect for Molokai, state under flood watch"
        ]
      }
    },
    {
      "type": "Feature",
      "geometry": {
        "type": "Point",
        "coordinates": [
          -156.469,
          20.8949
        ]
      },
      "properties": {
        "source": "NOAA",
        "site_id": "1615680",
        "site_name": "Kahului, Kahului Harbor",
        "lat": "20.8949",
        "lon": "-156.469",
        "stage_ft": 1.676,
        "stage_datetime": "2026-06-29 21:54",
        "tier": "normal",
        "action_stage": 5.66,
        "flood_stage": 6.66,
        "major_stage": 8.66,
        "url": "https://tidesandcurrents.noaa.gov/stationhome.html?id=1615680",
        "city_lat": 20.8029568,
        "city_lon": -156.3106833,
        "fetched_at": "2026-06-29T22:01:32.713254+00:00",
        "flood_event_count": 92,
        "nearest_flood_miles": 12.04,
        "nearest_flood_title": "Powerful kona storm brings warning level winds and flash flood risks; Flood Warning issued for Maui until 2 p.m.",
        "color": "#2d6a4f",
        "nearby_flood_titles": [
          "Powerful kona storm brings warning level winds and flash flood risks; Flood Warning issued for Maui until 2 p.m.",
          "Flash flood destroys Maui couple's dream home",
          "Flash flood destroys Maui couple's dream home",
          "Flash flood destroys Maui couple's dream home",
          "Flash flood destroys Maui couple's dream home",
          "Flash flood destroys Maui couple's dream home",
          "Flash flood destroys Maui couple's dream home",
          "Flash flood destroys Maui couple's dream home",
          "Flash flood destroys Maui couple's dream home",
          "Flash flood destroys Maui couple's dream home",
          "Flash flood destroys Maui couple's dream home",
          "Flash flood destroys Maui couple's dream home",
          "Flash flood destroys Maui couple's dream home",
          "Flash flood destroys Maui couple's dream home",
          "Flash flood destroys Maui couple's dream home",
          "Flash flood destroys Maui couple's dream home",
          "Flash flood destroys Maui couple's dream home",
          "Flash flood destroys Maui couple's dream home",
          "Flash flood destroys Maui couple's dream home",
          "Flash flood destroys Maui couple's dream home",
          "Flash flood destroys Maui couple's dream home",
          "Flash flood destroys Maui couple's dream home",
          "Flash flood destroys Maui couple's dream home",
          "Flash flood destroys Maui couple's dream home",
          "Flash flood destroys Maui couple's dream home",
          "Flash flood destroys Maui couple's dream home",
          "Flash flood destroys Maui couple's dream home",
          "Flash flood destroys Maui couple's dream home",
          "Flash flood destroys Maui couple's dream home",
          "Flash flood destroys Maui couple's dream home",
          "Flash flood destroys Maui couple's dream home",
          "Flash flood destroys Maui couple's dream home",
          "Flash flood destroys Maui couple's dream home",
          "Flash flood destroys Maui couple's dream home",
          "Flash flood destroys Maui couple's dream home",
          "Flash flood destroys Maui couple's dream home",
          "Flash flood destroys Maui couple's dream home",
          "Flash flood destroys Maui couple's dream home",
          "Flash flood destroys Maui couple's dream home",
          "Flash flood destroys Maui couple's dream home",
          "Flash flood destroys Maui couple's dream home",
          "Flash flood destroys Maui couple's dream home",
          "Flash flood destroys Maui couple's dream home",
          "Flash flood destroys Maui couple's dream home",
          "Flash flood destroys Maui couple's dream home",
          "Flash flood destroys Maui couple's dream home",
          "Flash flood destroys Maui couple's dream home",
          "Flash flood destroys Maui couple's dream home",
          "Flash flood destroys Maui couple's dream home",
          "Flash flood destroys Maui couple's dream home",
          "Flash flood destroys Maui couple's dream home",
          "Flash flood destroys Maui couple's dream home",
          "Flash flood destroys Maui couple's dream home",
          "Flash flood destroys Maui couple's dream home",
          "Flash flood destroys Maui couple's dream home",
          "Flash flood destroys Maui couple's dream home",
          "Flash flood destroys Maui couple's dream home",
          "Flash flood destroys Maui couple's dream home",
          "Flash flood destroys Maui couple's dream home",
          "Flash flood destroys Maui couple's dream home",
          "Flash flood destroys Maui couple's dream home",
          "Flash flood destroys Maui couple's dream home",
          "Flash flood destroys Maui couple's dream home",
          "Flash flood destroys Maui couple's dream home",
          "Flash flood destroys Maui couple's dream home",
          "Flash flood destroys Maui couple's dream home",
          "Flash flood destroys Maui couple's dream home",
          "Flash flood destroys Maui couple's dream home",
          "Flash flood destroys Maui couple's dream home",
          "Flash flood destroys Maui couple's dream home",
          "Flash flood destroys Maui couple's dream home",
          "Flash flood destroys Maui couple's dream home",
          "Flash flood destroys Maui couple's dream home",
          "Flash flood destroys Maui couple's dream home",
          "Flash flood destroys Maui couple's dream home",
          "Flash flood destroys Maui couple's dream home",
          "Flash flood destroys Maui couple's dream home",
          "Flash flood destroys Maui couple's dream home",
          "Flash flood warning extended for Maui; Flood advisory covers Oahu",
          "Flash flood warning posted for Maui as heavy rain intensifies",
          "Storm updates: Flash flood warnings issued for Maui, flood watches for Big Island",
          "Flash flood warning issued for east Maui as storm hits state",
          "Flash flood warning issued for east Maui as storm hits state",
          "Powerful kona storm brings warning level winds and flash flood risks; Flood Watch continues for Maui County",
          "NWS issues flash flood warning for Maui County",
          "NWS extends Flash Flood Warning for Big Island, Maui County, Molokai",
          "Flood Warning issued for flood-prone areas of Maui County",
          "Flood Advisory issued for flood-prone areas of Maui County",
          "Monday Weather Forecast | Flood advisory issued as heavy showers hit Maui County",
          "Monday Weather Forecast | Flood advisory issued as heavy showers hit Maui County",
          "NWS extends Flash Flood Warning for Big Island, Maui County, Molokai",
          "Flood advisory in effect for Molokai, state under flood watch"
        ]
      }
    },
    {
      "type": "Feature",
      "geometry": {
        "type": "Point",
        "coordinates": [
          -156.469,
          20.8949
        ]
      },
      "properties": {
        "source": "NOAA",
        "site_id": "1615680",
        "site_name": "Kahului, Kahului Harbor",
        "lat": "20.8949",
        "lon": "-156.469",
        "stage_ft": 1.676,
        "stage_datetime": "2026-06-29 21:54",
        "tier": "normal",
        "action_stage": 5.66,
        "flood_stage": 6.66,
        "major_stage": 8.66,
        "url": "https://tidesandcurrents.noaa.gov/stationhome.html?id=1615680",
        "city_lat": 20.8029568,
        "city_lon": -156.3106833,
        "fetched_at": "2026-06-29T22:01:32.713254+00:00",
        "flood_event_count": 92,
        "nearest_flood_miles": 12.04,
        "nearest_flood_title": "Powerful kona storm brings warning level winds and flash flood risks; Flood Warning issued for Maui until 2 p.m.",
        "color": "#2d6a4f",
        "nearby_flood_titles": [
          "Powerful kona storm brings warning level winds and flash flood risks; Flood Warning issued for Maui until 2 p.m.",
          "Flash flood destroys Maui couple's dream home",
          "Flash flood destroys Maui couple's dream home",
          "Flash flood destroys Maui couple's dream home",
          "Flash flood destroys Maui couple's dream home",
          "Flash flood destroys Maui couple's dream home",
          "Flash flood destroys Maui couple's dream home",
          "Flash flood destroys Maui couple's dream home",
          "Flash flood destroys Maui couple's dream home",
          "Flash flood destroys Maui couple's dream home",
          "Flash flood destroys Maui couple's dream home",
          "Flash flood destroys Maui couple's dream home",
          "Flash flood destroys Maui couple's dream home",
          "Flash flood destroys Maui couple's dream home",
          "Flash flood destroys Maui couple's dream home",
          "Flash flood destroys Maui couple's dream home",
          "Flash flood destroys Maui couple's dream home",
          "Flash flood destroys Maui couple's dream home",
          "Flash flood destroys Maui couple's dream home",
          "Flash flood destroys Maui couple's dream home",
          "Flash flood destroys Maui couple's dream home",
          "Flash flood destroys Maui couple's dream home",
          "Flash flood destroys Maui couple's dream home",
          "Flash flood destroys Maui couple's dream home",
          "Flash flood destroys Maui couple's dream home",
          "Flash flood destroys Maui couple's dream home",
          "Flash flood destroys Maui couple's dream home",
          "Flash flood destroys Maui couple's dream home",
          "Flash flood destroys Maui couple's dream home",
          "Flash flood destroys Maui couple's dream home",
          "Flash flood destroys Maui couple's dream home",
          "Flash flood destroys Maui couple's dream home",
          "Flash flood destroys Maui couple's dream home",
          "Flash flood destroys Maui couple's dream home",
          "Flash flood destroys Maui couple's dream home",
          "Flash flood destroys Maui couple's dream home",
          "Flash flood destroys Maui couple's dream home",
          "Flash flood destroys Maui couple's dream home",
          "Flash flood destroys Maui couple's dream home",
          "Flash flood destroys Maui couple's dream home",
          "Flash flood destroys Maui couple's dream home",
          "Flash flood destroys Maui couple's dream home",
          "Flash flood destroys Maui couple's dream home",
          "Flash flood destroys Maui couple's dream home",
          "Flash flood destroys Maui couple's dream home",
          "Flash flood destroys Maui couple's dream home",
          "Flash flood destroys Maui couple's dream home",
          "Flash flood destroys Maui couple's dream home",
          "Flash flood destroys Maui couple's dream home",
          "Flash flood destroys Maui couple's dream home",
          "Flash flood destroys Maui couple's dream home",
          "Flash flood destroys Maui couple's dream home",
          "Flash flood destroys Maui couple's dream home",
          "Flash flood destroys Maui couple's dream home",
          "Flash flood destroys Maui couple's dream home",
          "Flash flood destroys Maui couple's dream home",
          "Flash flood destroys Maui couple's dream home",
          "Flash flood destroys Maui couple's dream home",
          "Flash flood destroys Maui couple's dream home",
          "Flash flood destroys Maui couple's dream home",
          "Flash flood destroys Maui couple's dream home",
          "Flash flood destroys Maui couple's dream home",
          "Flash flood destroys Maui couple's dream home",
          "Flash flood destroys Maui couple's dream home",
          "Flash flood destroys Maui couple's dream home",
          "Flash flood destroys Maui couple's dream home",
          "Flash flood destroys Maui couple's dream home",
          "Flash flood destroys Maui couple's dream home",
          "Flash flood destroys Maui couple's dream home",
          "Flash flood destroys Maui couple's dream home",
          "Flash flood destroys Maui couple's dream home",
          "Flash flood destroys Maui couple's dream home",
          "Flash flood destroys Maui couple's dream home",
          "Flash flood destroys Maui couple's dream home",
          "Flash flood destroys Maui couple's dream home",
          "Flash flood destroys Maui couple's dream home",
          "Flash flood destroys Maui couple's dream home",
          "Flash flood destroys Maui couple's dream home",
          "Flash flood warning extended for Maui; Flood advisory covers Oahu",
          "Flash flood warning posted for Maui as heavy rain intensifies",
          "Storm updates: Flash flood warnings issued for Maui, flood watches for Big Island",
          "Flash flood warning issued for east Maui as storm hits state",
          "Flash flood warning issued for east Maui as storm hits state",
          "Powerful kona storm brings warning level winds and flash flood risks; Flood Watch continues for Maui County",
          "NWS issues flash flood warning for Maui County",
          "NWS extends Flash Flood Warning for Big Island, Maui County, Molokai",
          "Flood Warning issued for flood-prone areas of Maui County",
          "Flood Advisory issued for flood-prone areas of Maui County",
          "Monday Weather Forecast | Flood advisory issued as heavy showers hit Maui County",
          "Monday Weather Forecast | Flood advisory issued as heavy showers hit Maui County",
          "NWS extends Flash Flood Warning for Big Island, Maui County, Molokai",
          "Flood advisory in effect for Molokai, state under flood watch"
        ]
      }
    },
    {
      "type": "Feature",
      "geometry": {
        "type": "Point",
        "coordinates": [
          -156.469,
          20.8949
        ]
      },
      "properties": {
        "source": "NOAA",
        "site_id": "1615680",
        "site_name": "Kahului, Kahului Harbor",
        "lat": "20.8949",
        "lon": "-156.469",
        "stage_ft": 1.676,
        "stage_datetime": "2026-06-29 21:54",
        "tier": "normal",
        "action_stage": 5.66,
        "flood_stage": 6.66,
        "major_stage": 8.66,
        "url": "https://tidesandcurrents.noaa.gov/stationhome.html?id=1615680",
        "city_lat": 20.8029568,
        "city_lon": -156.3106833,
        "fetched_at": "2026-06-29T22:01:32.713254+00:00",
        "flood_event_count": 92,
        "nearest_flood_miles": 12.04,
        "nearest_flood_title": "Powerful kona storm brings warning level winds and flash flood risks; Flood Warning issued for Maui until 2 p.m.",
        "color": "#2d6a4f",
        "nearby_flood_titles": [
          "Powerful kona storm brings warning level winds and flash flood risks; Flood Warning issued for Maui until 2 p.m.",
          "Flash flood destroys Maui couple's dream home",
          "Flash flood destroys Maui couple's dream home",
          "Flash flood destroys Maui couple's dream home",
          "Flash flood destroys Maui couple's dream home",
          "Flash flood destroys Maui couple's dream home",
          "Flash flood destroys Maui couple's dream home",
          "Flash flood destroys Maui couple's dream home",
          "Flash flood destroys Maui couple's dream home",
          "Flash flood destroys Maui couple's dream home",
          "Flash flood destroys Maui couple's dream home",
          "Flash flood destroys Maui couple's dream home",
          "Flash flood destroys Maui couple's dream home",
          "Flash flood destroys Maui couple's dream home",
          "Flash flood destroys Maui couple's dream home",
          "Flash flood destroys Maui couple's dream home",
          "Flash flood destroys Maui couple's dream home",
          "Flash flood destroys Maui couple's dream home",
          "Flash flood destroys Maui couple's dream home",
          "Flash flood destroys Maui couple's dream home",
          "Flash flood destroys Maui couple's dream home",
          "Flash flood destroys Maui couple's dream home",
          "Flash flood destroys Maui couple's dream home",
          "Flash flood destroys Maui couple's dream home",
          "Flash flood destroys Maui couple's dream home",
          "Flash flood destroys Maui couple's dream home",
          "Flash flood destroys Maui couple's dream home",
          "Flash flood destroys Maui couple's dream home",
          "Flash flood destroys Maui couple's dream home",
          "Flash flood destroys Maui couple's dream home",
          "Flash flood destroys Maui couple's dream home",
          "Flash flood destroys Maui couple's dream home",
          "Flash flood destroys Maui couple's dream home",
          "Flash flood destroys Maui couple's dream home",
          "Flash flood destroys Maui couple's dream home",
          "Flash flood destroys Maui couple's dream home",
          "Flash flood destroys Maui couple's dream home",
          "Flash flood destroys Maui couple's dream home",
          "Flash flood destroys Maui couple's dream home",
          "Flash flood destroys Maui couple's dream home",
          "Flash flood destroys Maui couple's dream home",
          "Flash flood destroys Maui couple's dream home",
          "Flash flood destroys Maui couple's dream home",
          "Flash flood destroys Maui couple's dream home",
          "Flash flood destroys Maui couple's dream home",
          "Flash flood destroys Maui couple's dream home",
          "Flash flood destroys Maui couple's dream home",
          "Flash flood destroys Maui couple's dream home",
          "Flash flood destroys Maui couple's dream home",
          "Flash flood destroys Maui couple's dream home",
          "Flash flood destroys Maui couple's dream home",
          "Flash flood destroys Maui couple's dream home",
          "Flash flood destroys Maui couple's dream home",
          "Flash flood destroys Maui couple's dream home",
          "Flash flood destroys Maui couple's dream home",
          "Flash flood destroys Maui couple's dream home",
          "Flash flood destroys Maui couple's dream home",
          "Flash flood destroys Maui couple's dream home",
          "Flash flood destroys Maui couple's dream home",
          "Flash flood destroys Maui couple's dream home",
          "Flash flood destroys Maui couple's dream home",
          "Flash flood destroys Maui couple's dream home",
          "Flash flood destroys Maui couple's dream home",
          "Flash flood destroys Maui couple's dream home",
          "Flash flood destroys Maui couple's dream home",
          "Flash flood destroys Maui couple's dream home",
          "Flash flood destroys Maui couple's dream home",
          "Flash flood destroys Maui couple's dream home",
          "Flash flood destroys Maui couple's dream home",
          "Flash flood destroys Maui couple's dream home",
          "Flash flood destroys Maui couple's dream home",
          "Flash flood destroys Maui couple's dream home",
          "Flash flood destroys Maui couple's dream home",
          "Flash flood destroys Maui couple's dream home",
          "Flash flood destroys Maui couple's dream home",
          "Flash flood destroys Maui couple's dream home",
          "Flash flood destroys Maui couple's dream home",
          "Flash flood destroys Maui couple's dream home",
          "Flash flood warning extended for Maui; Flood advisory covers Oahu",
          "Flash flood warning posted for Maui as heavy rain intensifies",
          "Storm updates: Flash flood warnings issued for Maui, flood watches for Big Island",
          "Flash flood warning issued for east Maui as storm hits state",
          "Flash flood warning issued for east Maui as storm hits state",
          "Powerful kona storm brings warning level winds and flash flood risks; Flood Watch continues for Maui County",
          "NWS issues flash flood warning for Maui County",
          "NWS extends Flash Flood Warning for Big Island, Maui County, Molokai",
          "Flood Warning issued for flood-prone areas of Maui County",
          "Flood Advisory issued for flood-prone areas of Maui County",
          "Monday Weather Forecast | Flood advisory issued as heavy showers hit Maui County",
          "Monday Weather Forecast | Flood advisory issued as heavy showers hit Maui County",
          "NWS extends Flash Flood Warning for Big Island, Maui County, Molokai",
          "Flood advisory in effect for Molokai, state under flood watch"
        ]
      }
    },
    {
      "type": "Feature",
      "geometry": {
        "type": "Point",
        "coordinates": [
          -156.469,
          20.8949
        ]
      },
      "properties": {
        "source": "NOAA",
        "site_id": "1615680",
        "site_name": "Kahului, Kahului Harbor",
        "lat": "20.8949",
        "lon": "-156.469",
        "stage_ft": 1.676,
        "stage_datetime": "2026-06-29 21:54",
        "tier": "normal",
        "action_stage": 5.66,
        "flood_stage": 6.66,
        "major_stage": 8.66,
        "url": "https://tidesandcurrents.noaa.gov/stationhome.html?id=1615680",
        "city_lat": 21.1344895,
        "city_lon": -157.0071539,
        "fetched_at": "2026-06-29T22:01:32.713254+00:00",
        "flood_event_count": 92,
        "nearest_flood_miles": 12.04,
        "nearest_flood_title": "Powerful kona storm brings warning level winds and flash flood risks; Flood Warning issued for Maui until 2 p.m.",
        "color": "#2d6a4f",
        "nearby_flood_titles": [
          "Powerful kona storm brings warning level winds and flash flood risks; Flood Warning issued for Maui until 2 p.m.",
          "Flash flood destroys Maui couple's dream home",
          "Flash flood destroys Maui couple's dream home",
          "Flash flood destroys Maui couple's dream home",
          "Flash flood destroys Maui couple's dream home",
          "Flash flood destroys Maui couple's dream home",
          "Flash flood destroys Maui couple's dream home",
          "Flash flood destroys Maui couple's dream home",
          "Flash flood destroys Maui couple's dream home",
          "Flash flood destroys Maui couple's dream home",
          "Flash flood destroys Maui couple's dream home",
          "Flash flood destroys Maui couple's dream home",
          "Flash flood destroys Maui couple's dream home",
          "Flash flood destroys Maui couple's dream home",
          "Flash flood destroys Maui couple's dream home",
          "Flash flood destroys Maui couple's dream home",
          "Flash flood destroys Maui couple's dream home",
          "Flash flood destroys Maui couple's dream home",
          "Flash flood destroys Maui couple's dream home",
          "Flash flood destroys Maui couple's dream home",
          "Flash flood destroys Maui couple's dream home",
          "Flash flood destroys Maui couple's dream home",
          "Flash flood destroys Maui couple's dream home",
          "Flash flood destroys Maui couple's dream home",
          "Flash flood destroys Maui couple's dream home",
          "Flash flood destroys Maui couple's dream home",
          "Flash flood destroys Maui couple's dream home",
          "Flash flood destroys Maui couple's dream home",
          "Flash flood destroys Maui couple's dream home",
          "Flash flood destroys Maui couple's dream home",
          "Flash flood destroys Maui couple's dream home",
          "Flash flood destroys Maui couple's dream home",
          "Flash flood destroys Maui couple's dream home",
          "Flash flood destroys Maui couple's dream home",
          "Flash flood destroys Maui couple's dream home",
          "Flash flood destroys Maui couple's dream home",
          "Flash flood destroys Maui couple's dream home",
          "Flash flood destroys Maui couple's dream home",
          "Flash flood destroys Maui couple's dream home",
          "Flash flood destroys Maui couple's dream home",
          "Flash flood destroys Maui couple's dream home",
          "Flash flood destroys Maui couple's dream home",
          "Flash flood destroys Maui couple's dream home",
          "Flash flood destroys Maui couple's dream home",
          "Flash flood destroys Maui couple's dream home",
          "Flash flood destroys Maui couple's dream home",
          "Flash flood destroys Maui couple's dream home",
          "Flash flood destroys Maui couple's dream home",
          "Flash flood destroys Maui couple's dream home",
          "Flash flood destroys Maui couple's dream home",
          "Flash flood destroys Maui couple's dream home",
          "Flash flood destroys Maui couple's dream home",
          "Flash flood destroys Maui couple's dream home",
          "Flash flood destroys Maui couple's dream home",
          "Flash flood destroys Maui couple's dream home",
          "Flash flood destroys Maui couple's dream home",
          "Flash flood destroys Maui couple's dream home",
          "Flash flood destroys Maui couple's dream home",
          "Flash flood destroys Maui couple's dream home",
          "Flash flood destroys Maui couple's dream home",
          "Flash flood destroys Maui couple's dream home",
          "Flash flood destroys Maui couple's dream home",
          "Flash flood destroys Maui couple's dream home",
          "Flash flood destroys Maui couple's dream home",
          "Flash flood destroys Maui couple's dream home",
          "Flash flood destroys Maui couple's dream home",
          "Flash flood destroys Maui couple's dream home",
          "Flash flood destroys Maui couple's dream home",
          "Flash flood destroys Maui couple's dream home",
          "Flash flood destroys Maui couple's dream home",
          "Flash flood destroys Maui couple's dream home",
          "Flash flood destroys Maui couple's dream home",
          "Flash flood destroys Maui couple's dream home",
          "Flash flood destroys Maui couple's dream home",
          "Flash flood destroys Maui couple's dream home",
          "Flash flood destroys Maui couple's dream home",
          "Flash flood destroys Maui couple's dream home",
          "Flash flood destroys Maui couple's dream home",
          "Flash flood warning extended for Maui; Flood advisory covers Oahu",
          "Flash flood warning posted for Maui as heavy rain intensifies",
          "Storm updates: Flash flood warnings issued for Maui, flood watches for Big Island",
          "Flash flood warning issued for east Maui as storm hits state",
          "Flash flood warning issued for east Maui as storm hits state",
          "Powerful kona storm brings warning level winds and flash flood risks; Flood Watch continues for Maui County",
          "NWS issues flash flood warning for Maui County",
          "NWS extends Flash Flood Warning for Big Island, Maui County, Molokai",
          "Flood Warning issued for flood-prone areas of Maui County",
          "Flood Advisory issued for flood-prone areas of Maui County",
          "Monday Weather Forecast | Flood advisory issued as heavy showers hit Maui County",
          "Monday Weather Forecast | Flood advisory issued as heavy showers hit Maui County",
          "NWS extends Flash Flood Warning for Big Island, Maui County, Molokai",
          "Flood advisory in effect for Molokai, state under flood watch"
        ]
      }
    },
    {
      "type": "Feature",
      "geometry": {
        "type": "Point",
        "coordinates": [
          -156.469,
          20.8949
        ]
      },
      "properties": {
        "source": "NOAA",
        "site_id": "1615680",
        "site_name": "Kahului, Kahului Harbor",
        "lat": "20.8949",
        "lon": "-156.469",
        "stage_ft": 1.676,
        "stage_datetime": "2026-06-29 21:54",
        "tier": "normal",
        "action_stage": 5.66,
        "flood_stage": 6.66,
        "major_stage": 8.66,
        "url": "https://tidesandcurrents.noaa.gov/stationhome.html?id=1615680",
        "city_lat": 20.8029568,
        "city_lon": -156.3106833,
        "fetched_at": "2026-06-29T22:01:32.713254+00:00",
        "flood_event_count": 92,
        "nearest_flood_miles": 12.04,
        "nearest_flood_title": "Powerful kona storm brings warning level winds and flash flood risks; Flood Warning issued for Maui until 2 p.m.",
        "color": "#2d6a4f",
        "nearby_flood_titles": [
          "Powerful kona storm brings warning level winds and flash flood risks; Flood Warning issued for Maui until 2 p.m.",
          "Flash flood destroys Maui couple's dream home",
          "Flash flood destroys Maui couple's dream home",
          "Flash flood destroys Maui couple's dream home",
          "Flash flood destroys Maui couple's dream home",
          "Flash flood destroys Maui couple's dream home",
          "Flash flood destroys Maui couple's dream home",
          "Flash flood destroys Maui couple's dream home",
          "Flash flood destroys Maui couple's dream home",
          "Flash flood destroys Maui couple's dream home",
          "Flash flood destroys Maui couple's dream home",
          "Flash flood destroys Maui couple's dream home",
          "Flash flood destroys Maui couple's dream home",
          "Flash flood destroys Maui couple's dream home",
          "Flash flood destroys Maui couple's dream home",
          "Flash flood destroys Maui couple's dream home",
          "Flash flood destroys Maui couple's dream home",
          "Flash flood destroys Maui couple's dream home",
          "Flash flood destroys Maui couple's dream home",
          "Flash flood destroys Maui couple's dream home",
          "Flash flood destroys Maui couple's dream home",
          "Flash flood destroys Maui couple's dream home",
          "Flash flood destroys Maui couple's dream home",
          "Flash flood destroys Maui couple's dream home",
          "Flash flood destroys Maui couple's dream home",
          "Flash flood destroys Maui couple's dream home",
          "Flash flood destroys Maui couple's dream home",
          "Flash flood destroys Maui couple's dream home",
          "Flash flood destroys Maui couple's dream home",
          "Flash flood destroys Maui couple's dream home",
          "Flash flood destroys Maui couple's dream home",
          "Flash flood destroys Maui couple's dream home",
          "Flash flood destroys Maui couple's dream home",
          "Flash flood destroys Maui couple's dream home",
          "Flash flood destroys Maui couple's dream home",
          "Flash flood destroys Maui couple's dream home",
          "Flash flood destroys Maui couple's dream home",
          "Flash flood destroys Maui couple's dream home",
          "Flash flood destroys Maui couple's dream home",
          "Flash flood destroys Maui couple's dream home",
          "Flash flood destroys Maui couple's dream home",
          "Flash flood destroys Maui couple's dream home",
          "Flash flood destroys Maui couple's dream home",
          "Flash flood destroys Maui couple's dream home",
          "Flash flood destroys Maui couple's dream home",
          "Flash flood destroys Maui couple's dream home",
          "Flash flood destroys Maui couple's dream home",
          "Flash flood destroys Maui couple's dream home",
          "Flash flood destroys Maui couple's dream home",
          "Flash flood destroys Maui couple's dream home",
          "Flash flood destroys Maui couple's dream home",
          "Flash flood destroys Maui couple's dream home",
          "Flash flood destroys Maui couple's dream home",
          "Flash flood destroys Maui couple's dream home",
          "Flash flood destroys Maui couple's dream home",
          "Flash flood destroys Maui couple's dream home",
          "Flash flood destroys Maui couple's dream home",
          "Flash flood destroys Maui couple's dream home",
          "Flash flood destroys Maui couple's dream home",
          "Flash flood destroys Maui couple's dream home",
          "Flash flood destroys Maui couple's dream home",
          "Flash flood destroys Maui couple's dream home",
          "Flash flood destroys Maui couple's dream home",
          "Flash flood destroys Maui couple's dream home",
          "Flash flood destroys Maui couple's dream home",
          "Flash flood destroys Maui couple's dream home",
          "Flash flood destroys Maui couple's dream home",
          "Flash flood destroys Maui couple's dream home",
          "Flash flood destroys Maui couple's dream home",
          "Flash flood destroys Maui couple's dream home",
          "Flash flood destroys Maui couple's dream home",
          "Flash flood destroys Maui couple's dream home",
          "Flash flood destroys Maui couple's dream home",
          "Flash flood destroys Maui couple's dream home",
          "Flash flood destroys Maui couple's dream home",
          "Flash flood destroys Maui couple's dream home",
          "Flash flood destroys Maui couple's dream home",
          "Flash flood destroys Maui couple's dream home",
          "Flash flood warning extended for Maui; Flood advisory covers Oahu",
          "Flash flood warning posted for Maui as heavy rain intensifies",
          "Storm updates: Flash flood warnings issued for Maui, flood watches for Big Island",
          "Flash flood warning issued for east Maui as storm hits state",
          "Flash flood warning issued for east Maui as storm hits state",
          "Powerful kona storm brings warning level winds and flash flood risks; Flood Watch continues for Maui County",
          "NWS issues flash flood warning for Maui County",
          "NWS extends Flash Flood Warning for Big Island, Maui County, Molokai",
          "Flood Warning issued for flood-prone areas of Maui County",
          "Flood Advisory issued for flood-prone areas of Maui County",
          "Monday Weather Forecast | Flood advisory issued as heavy showers hit Maui County",
          "Monday Weather Forecast | Flood advisory issued as heavy showers hit Maui County",
          "NWS extends Flash Flood Warning for Big Island, Maui County, Molokai",
          "Flood advisory in effect for Molokai, state under flood watch"
        ]
      }
    },
    {
      "type": "Feature",
      "geometry": {
        "type": "Point",
        "coordinates": [
          -156.469,
          20.8949
        ]
      },
      "properties": {
        "source": "NOAA",
        "site_id": "1615680",
        "site_name": "Kahului, Kahului Harbor",
        "lat": "20.8949",
        "lon": "-156.469",
        "stage_ft": 1.676,
        "stage_datetime": "2026-06-29 21:54",
        "tier": "normal",
        "action_stage": 5.66,
        "flood_stage": 6.66,
        "major_stage": 8.66,
        "url": "https://tidesandcurrents.noaa.gov/stationhome.html?id=1615680",
        "city_lat": 20.7580586,
        "city_lon": -156.3105232,
        "fetched_at": "2026-06-29T22:01:32.713254+00:00",
        "flood_event_count": 92,
        "nearest_flood_miles": 12.04,
        "nearest_flood_title": "Powerful kona storm brings warning level winds and flash flood risks; Flood Warning issued for Maui until 2 p.m.",
        "color": "#2d6a4f",
        "nearby_flood_titles": [
          "Powerful kona storm brings warning level winds and flash flood risks; Flood Warning issued for Maui until 2 p.m.",
          "Flash flood destroys Maui couple's dream home",
          "Flash flood destroys Maui couple's dream home",
          "Flash flood destroys Maui couple's dream home",
          "Flash flood destroys Maui couple's dream home",
          "Flash flood destroys Maui couple's dream home",
          "Flash flood destroys Maui couple's dream home",
          "Flash flood destroys Maui couple's dream home",
          "Flash flood destroys Maui couple's dream home",
          "Flash flood destroys Maui couple's dream home",
          "Flash flood destroys Maui couple's dream home",
          "Flash flood destroys Maui couple's dream home",
          "Flash flood destroys Maui couple's dream home",
          "Flash flood destroys Maui couple's dream home",
          "Flash flood destroys Maui couple's dream home",
          "Flash flood destroys Maui couple's dream home",
          "Flash flood destroys Maui couple's dream home",
          "Flash flood destroys Maui couple's dream home",
          "Flash flood destroys Maui couple's dream home",
          "Flash flood destroys Maui couple's dream home",
          "Flash flood destroys Maui couple's dream home",
          "Flash flood destroys Maui couple's dream home",
          "Flash flood destroys Maui couple's dream home",
          "Flash flood destroys Maui couple's dream home",
          "Flash flood destroys Maui couple's dream home",
          "Flash flood destroys Maui couple's dream home",
          "Flash flood destroys Maui couple's dream home",
          "Flash flood destroys Maui couple's dream home",
          "Flash flood destroys Maui couple's dream home",
          "Flash flood destroys Maui couple's dream home",
          "Flash flood destroys Maui couple's dream home",
          "Flash flood destroys Maui couple's dream home",
          "Flash flood destroys Maui couple's dream home",
          "Flash flood destroys Maui couple's dream home",
          "Flash flood destroys Maui couple's dream home",
          "Flash flood destroys Maui couple's dream home",
          "Flash flood destroys Maui couple's dream home",
          "Flash flood destroys Maui couple's dream home",
          "Flash flood destroys Maui couple's dream home",
          "Flash flood destroys Maui couple's dream home",
          "Flash flood destroys Maui couple's dream home",
          "Flash flood destroys Maui couple's dream home",
          "Flash flood destroys Maui couple's dream home",
          "Flash flood destroys Maui couple's dream home",
          "Flash flood destroys Maui couple's dream home",
          "Flash flood destroys Maui couple's dream home",
          "Flash flood destroys Maui couple's dream home",
          "Flash flood destroys Maui couple's dream home",
          "Flash flood destroys Maui couple's dream home",
          "Flash flood destroys Maui couple's dream home",
          "Flash flood destroys Maui couple's dream home",
          "Flash flood destroys Maui couple's dream home",
          "Flash flood destroys Maui couple's dream home",
          "Flash flood destroys Maui couple's dream home",
          "Flash flood destroys Maui couple's dream home",
          "Flash flood destroys Maui couple's dream home",
          "Flash flood destroys Maui couple's dream home",
          "Flash flood destroys Maui couple's dream home",
          "Flash flood destroys Maui couple's dream home",
          "Flash flood destroys Maui couple's dream home",
          "Flash flood destroys Maui couple's dream home",
          "Flash flood destroys Maui couple's dream home",
          "Flash flood destroys Maui couple's dream home",
          "Flash flood destroys Maui couple's dream home",
          "Flash flood destroys Maui couple's dream home",
          "Flash flood destroys Maui couple's dream home",
          "Flash flood destroys Maui couple's dream home",
          "Flash flood destroys Maui couple's dream home",
          "Flash flood destroys Maui couple's dream home",
          "Flash flood destroys Maui couple's dream home",
          "Flash flood destroys Maui couple's dream home",
          "Flash flood destroys Maui couple's dream home",
          "Flash flood destroys Maui couple's dream home",
          "Flash flood destroys Maui couple's dream home",
          "Flash flood destroys Maui couple's dream home",
          "Flash flood destroys Maui couple's dream home",
          "Flash flood destroys Maui couple's dream home",
          "Flash flood destroys Maui couple's dream home",
          "Flash flood warning extended for Maui; Flood advisory covers Oahu",
          "Flash flood warning posted for Maui as heavy rain intensifies",
          "Storm updates: Flash flood warnings issued for Maui, flood watches for Big Island",
          "Flash flood warning issued for east Maui as storm hits state",
          "Flash flood warning issued for east Maui as storm hits state",
          "Powerful kona storm brings warning level winds and flash flood risks; Flood Watch continues for Maui County",
          "NWS issues flash flood warning for Maui County",
          "NWS extends Flash Flood Warning for Big Island, Maui County, Molokai",
          "Flood Warning issued for flood-prone areas of Maui County",
          "Flood Advisory issued for flood-prone areas of Maui County",
          "Monday Weather Forecast | Flood advisory issued as heavy showers hit Maui County",
          "Monday Weather Forecast | Flood advisory issued as heavy showers hit Maui County",
          "NWS extends Flash Flood Warning for Big Island, Maui County, Molokai",
          "Flood advisory in effect for Molokai, state under flood watch"
        ]
      }
    },
    {
      "type": "Feature",
      "geometry": {
        "type": "Point",
        "coordinates": [
          -156.469,
          20.8949
        ]
      },
      "properties": {
        "source": "NOAA",
        "site_id": "1615680",
        "site_name": "Kahului, Kahului Harbor",
        "lat": "20.8949",
        "lon": "-156.469",
        "stage_ft": 1.676,
        "stage_datetime": "2026-06-29 21:54",
        "tier": "normal",
        "action_stage": 5.66,
        "flood_stage": 6.66,
        "major_stage": 8.66,
        "url": "https://tidesandcurrents.noaa.gov/stationhome.html?id=1615680",
        "city_lat": 20.7580586,
        "city_lon": -156.3105232,
        "fetched_at": "2026-06-29T22:01:32.713254+00:00",
        "flood_event_count": 92,
        "nearest_flood_miles": 12.04,
        "nearest_flood_title": "Powerful kona storm brings warning level winds and flash flood risks; Flood Warning issued for Maui until 2 p.m.",
        "color": "#2d6a4f",
        "nearby_flood_titles": [
          "Powerful kona storm brings warning level winds and flash flood risks; Flood Warning issued for Maui until 2 p.m.",
          "Flash flood destroys Maui couple's dream home",
          "Flash flood destroys Maui couple's dream home",
          "Flash flood destroys Maui couple's dream home",
          "Flash flood destroys Maui couple's dream home",
          "Flash flood destroys Maui couple's dream home",
          "Flash flood destroys Maui couple's dream home",
          "Flash flood destroys Maui couple's dream home",
          "Flash flood destroys Maui couple's dream home",
          "Flash flood destroys Maui couple's dream home",
          "Flash flood destroys Maui couple's dream home",
          "Flash flood destroys Maui couple's dream home",
          "Flash flood destroys Maui couple's dream home",
          "Flash flood destroys Maui couple's dream home",
          "Flash flood destroys Maui couple's dream home",
          "Flash flood destroys Maui couple's dream home",
          "Flash flood destroys Maui couple's dream home",
          "Flash flood destroys Maui couple's dream home",
          "Flash flood destroys Maui couple's dream home",
          "Flash flood destroys Maui couple's dream home",
          "Flash flood destroys Maui couple's dream home",
          "Flash flood destroys Maui couple's dream home",
          "Flash flood destroys Maui couple's dream home",
          "Flash flood destroys Maui couple's dream home",
          "Flash flood destroys Maui couple's dream home",
          "Flash flood destroys Maui couple's dream home",
          "Flash flood destroys Maui couple's dream home",
          "Flash flood destroys Maui couple's dream home",
          "Flash flood destroys Maui couple's dream home",
          "Flash flood destroys Maui couple's dream home",
          "Flash flood destroys Maui couple's dream home",
          "Flash flood destroys Maui couple's dream home",
          "Flash flood destroys Maui couple's dream home",
          "Flash flood destroys Maui couple's dream home",
          "Flash flood destroys Maui couple's dream home",
          "Flash flood destroys Maui couple's dream home",
          "Flash flood destroys Maui couple's dream home",
          "Flash flood destroys Maui couple's dream home",
          "Flash flood destroys Maui couple's dream home",
          "Flash flood destroys Maui couple's dream home",
          "Flash flood destroys Maui couple's dream home",
          "Flash flood destroys Maui couple's dream home",
          "Flash flood destroys Maui couple's dream home",
          "Flash flood destroys Maui couple's dream home",
          "Flash flood destroys Maui couple's dream home",
          "Flash flood destroys Maui couple's dream home",
          "Flash flood destroys Maui couple's dream home",
          "Flash flood destroys Maui couple's dream home",
          "Flash flood destroys Maui couple's dream home",
          "Flash flood destroys Maui couple's dream home",
          "Flash flood destroys Maui couple's dream home",
          "Flash flood destroys Maui couple's dream home",
          "Flash flood destroys Maui couple's dream home",
          "Flash flood destroys Maui couple's dream home",
          "Flash flood destroys Maui couple's dream home",
          "Flash flood destroys Maui couple's dream home",
          "Flash flood destroys Maui couple's dream home",
          "Flash flood destroys Maui couple's dream home",
          "Flash flood destroys Maui couple's dream home",
          "Flash flood destroys Maui couple's dream home",
          "Flash flood destroys Maui couple's dream home",
          "Flash flood destroys Maui couple's dream home",
          "Flash flood destroys Maui couple's dream home",
          "Flash flood destroys Maui couple's dream home",
          "Flash flood destroys Maui couple's dream home",
          "Flash flood destroys Maui couple's dream home",
          "Flash flood destroys Maui couple's dream home",
          "Flash flood destroys Maui couple's dream home",
          "Flash flood destroys Maui couple's dream home",
          "Flash flood destroys Maui couple's dream home",
          "Flash flood destroys Maui couple's dream home",
          "Flash flood destroys Maui couple's dream home",
          "Flash flood destroys Maui couple's dream home",
          "Flash flood destroys Maui couple's dream home",
          "Flash flood destroys Maui couple's dream home",
          "Flash flood destroys Maui couple's dream home",
          "Flash flood destroys Maui couple's dream home",
          "Flash flood destroys Maui couple's dream home",
          "Flash flood warning extended for Maui; Flood advisory covers Oahu",
          "Flash flood warning posted for Maui as heavy rain intensifies",
          "Storm updates: Flash flood warnings issued for Maui, flood watches for Big Island",
          "Flash flood warning issued for east Maui as storm hits state",
          "Flash flood warning issued for east Maui as storm hits state",
          "Powerful kona storm brings warning level winds and flash flood risks; Flood Watch continues for Maui County",
          "NWS issues flash flood warning for Maui County",
          "NWS extends Flash Flood Warning for Big Island, Maui County, Molokai",
          "Flood Warning issued for flood-prone areas of Maui County",
          "Flood Advisory issued for flood-prone areas of Maui County",
          "Monday Weather Forecast | Flood advisory issued as heavy showers hit Maui County",
          "Monday Weather Forecast | Flood advisory issued as heavy showers hit Maui County",
          "NWS extends Flash Flood Warning for Big Island, Maui County, Molokai",
          "Flood advisory in effect for Molokai, state under flood watch"
        ]
      }
    },
    {
      "type": "Feature",
      "geometry": {
        "type": "Point",
        "coordinates": [
          -70.7411,
          43.0797
        ]
      },
      "properties": {
        "source": "NOAA",
        "site_id": "8419870",
        "site_name": "Seavey Island",
        "lat": "43.0797",
        "lon": "-70.7411",
        "stage_ft": 2.375,
        "stage_datetime": "2026-06-29 23:06",
        "tier": "normal",
        "action_stage": 12.16,
        "flood_stage": 13.16,
        "major_stage": 15.16,
        "url": "https://tidesandcurrents.noaa.gov/stationhome.html?id=8419870",
        "city_lat": 43.4849133,
        "city_lon": -71.6553992,
        "fetched_at": "2026-06-29T22:01:32.713254+00:00",
        "flood_event_count": 0,
        "nearest_flood_miles": null,
        "nearest_flood_title": null,
        "color": "#2d6a4f",
        "nearby_flood_titles": []
      }
    },
    {
      "type": "Feature",
      "geometry": {
        "type": "Point",
        "coordinates": [
          -70.7411,
          43.0797
        ]
      },
      "properties": {
        "source": "NOAA",
        "site_id": "8419870",
        "site_name": "Seavey Island",
        "lat": "43.0797",
        "lon": "-70.7411",
        "stage_ft": 2.375,
        "stage_datetime": "2026-06-29 23:06",
        "tier": "normal",
        "action_stage": 12.16,
        "flood_stage": 13.16,
        "major_stage": 15.16,
        "url": "https://tidesandcurrents.noaa.gov/stationhome.html?id=8419870",
        "city_lat": 43.4849133,
        "city_lon": -71.6553992,
        "fetched_at": "2026-06-29T22:01:32.713254+00:00",
        "flood_event_count": 0,
        "nearest_flood_miles": null,
        "nearest_flood_title": null,
        "color": "#2d6a4f",
        "nearby_flood_titles": []
      }
    },
    {
      "type": "Feature",
      "geometry": {
        "type": "Point",
        "coordinates": [
          -75.142,
          39.9331
        ]
      },
      "properties": {
        "source": "NOAA",
        "site_id": "8545240",
        "site_name": "Philadelphia",
        "lat": "39.9331",
        "lon": "-75.142",
        "stage_ft": 1.833,
        "stage_datetime": "2026-06-29 23:06",
        "tier": "normal",
        "action_stage": 11.51,
        "flood_stage": 12.51,
        "major_stage": 14.51,
        "url": "https://tidesandcurrents.noaa.gov/stationhome.html?id=8545240",
        "city_lat": 39.9527237,
        "city_lon": -75.1635262,
        "fetched_at": "2026-06-29T22:01:32.713254+00:00",
        "flood_event_count": 23,
        "nearest_flood_miles": 1.77,
        "nearest_flood_title": "Severe thunderstorms bring flash flood warnings across Philadelphia region",
        "color": "#2d6a4f",
        "nearby_flood_titles": [
          "Severe thunderstorms bring flash flood warnings across Philadelphia region",
          "Flash flood warning in Philadelphia area Sunday night",
          "Flash flood warning issued for Philadelphia area Sunday evening",
          "Flash flood warning affecting Delaware County until Tuesday night caused by thunderstorms",
          "NY weather: Flash flood warning issued for Delaware County until Tuesday night caused by thunderstorms",
          "Flash flood warning issued for Montgomery County",
          "Update: The current coastal flood advisory for Salem County will be expiring at 4 a.m.",
          "Coastal flood advisory for Salem County for Saturday and Sunday",
          "Coastal flood advisory affecting Salem County until 1 a.m. Thursday",
          "Flood advisory issued for Central West Florida Wednesday evening caused by heavy rainfall",
          "Flash flood emergency declared for Trenton, Missouri amidst torrential rain",
          "Flash flood warning issued for Bucks County",
          "Update: Coastal flood advisory issued for Bucks County until early Thursday",
          "Flood advisory active for 4 N.J. counties until 2 a.m. Friday",
          "Update: Coastal flood advisory issued for 4 N.J. counties until early Monday evening",
          "Coastal flood advisory active for 7 N.J. counties Saturday and Sunday",
          "Coastal flood advisory for 3 N.J. counties for Saturday and Sunday",
          "Coastal flood advisory affecting 3 N.J. counties Sunday",
          "Update: Coastal flood advisory issued for 3 N.J. counties until early Thursday morning",
          "N.J. weather: Severe thunderstorm, flash flood warnings issued. Live weather alerts.",
          "N.J. weather: Flash flood warning, extreme heat watches blanket region",
          "Coastal flood advisory for Ocean County until 2 a.m. Tuesday",
          "Tornado watch issued for most of NJ, flood advisory in Ocean County"
        ]
      }
    },
    {
      "type": "Feature",
      "geometry": {
        "type": "Point",
        "coordinates": [
          -122.0395,
          38.056
        ]
      },
      "properties": {
        "source": "NOAA",
        "site_id": "9415144",
        "site_name": "Port Chicago",
        "lat": "38.056",
        "lon": "-122.0395",
        "stage_ft": 4.288,
        "stage_datetime": "2026-06-29 23:00",
        "tier": "normal",
        "action_stage": 9.9,
        "flood_stage": 10.9,
        "major_stage": 12.9,
        "url": "https://tidesandcurrents.noaa.gov/stationhome.html?id=9415144",
        "city_lat": 38.0,
        "city_lon": -121.4,
        "fetched_at": "2026-06-29T22:01:32.713254+00:00",
        "flood_event_count": 67,
        "nearest_flood_miles": 18.04,
        "nearest_flood_title": "Coastal flood advisory issued for area including Berkeley shoreline",
        "color": "#2d6a4f",
        "nearby_flood_titles": [
          "Coastal flood advisory issued for area including Berkeley shoreline",
          "The Piedmont region placed under a flood advisory until Tuesday evening",
          "The Piedmont region placed under a flood advisory until Tuesday evening",
          "UPDATE: The Piedmont region placed under a flood advisory Sunday evening",
          "Flood advisory in effect for Bay Area shoreline",
          "King Tides to return for New Year; flood advisory issued for Bay Area",
          "Update: Flood advisory for Bay Area Tuesday evening due to intense downpours",
          "UPDATE: Flood advisory for Bay Area likely to expire at 7 p.m., says the NWS",
          "Coastal Flood Advisory Issued for San Francisco Bay Area as High Tides Threaten Low-Lying Shorelines Through Tuesday Morning : Read Now To Know More",
          "Flood advisory for Northern California until 3 a.m. Thursday caused by prolonged downpours",
          "UPDATE: Coastal flood advisory for North Bay Interior Valleys and San Francisco Bay Shoreline",
          "UPDATE: San Francisco Bay Shoreline and San Francisco County placed under a coastal flood advisory",
          "The coastal flood advisory for Northern California is likely to expire at 3 p.m.",
          "UPDATE: Flood advisory affecting Northern California until early Monday evening",
          "UPDATE: Coastal flood advisory issued for Northern California until Sunday midday",
          "Coastal flood advisory issued for Northern California until Sunday midday",
          "UPDATE: Northern California under a flood advisory until early Sunday",
          "UPDATE: Coastal flood advisory in place for Northern California from Saturday to Tuesday",
          "Coastal Flood Advisory Issued In NorCal",
          "UPDATE: Northern California under a flood advisory until early Sunday",
          "UPDATE: Flood advisory affecting Northern California until early Monday evening",
          "UPDATE: Coastal flood advisory issued for Northern California until Sunday midday",
          "UPDATE: Flood advisory for Northern California predicted to expire at 11:30 p.m.",
          "Coastal flood advisory for Northern California from Thursday to Sunday",
          "Update: Coastal flood advisory issued for Northern California until Tuesday afternoon",
          "The coastal flood advisory for Northern California is likely to expire at 3 p.m.",
          "UPDATE: Flood advisory for Northern California predicted to expire at 11:30 p.m.",
          "UPDATE: Coastal flood advisory in place for Northern California until Tuesday afternoon",
          "UPDATE: Coastal flood advisory in place for Northern California until Tuesday afternoon",
          "UPDATE: Flood advisory affecting Northern California until early Monday evening",
          "UPDATE: Flood advisory for Northern California predicted to expire at 11:30 p.m.",
          "UPDATE: Coastal flood advisory for Northern California until early Wednesday morning",
          "UPDATE: Flood advisory for Northern California predicted to expire at 11:30 p.m.",
          "UPDATE: The current flood advisory for Northern California will be expiring at 7:30 p.m.",
          "Flood advisory affecting Northern California until Tuesday evening due to thunderstorms",
          "Coastal flood advisory affecting Northern California from Saturday to Tuesday",
          "UPDATE: Coastal flood advisory in place for Northern California from Saturday to Tuesday",
          "Coastal flood advisory affecting Northern California from Saturday to Tuesday",
          "UPDATE: Coastal flood advisory in place for Northern California from Saturday to Tuesday",
          "Rainstorm prompts flood advisory Sacramento area, 17 Northern California counties",
          "UPDATE: The current flood advisory for Northern California will be expiring at 7:30 p.m.",
          "Coastal flood advisory in place for San Francisco Bay Shoreline and San Francisco County from Thursday to Saturday",
          "UPDATE: San Francisco Bay Shoreline and San Francisco County placed under a coastal flood advisory",
          "UPDATE: Flood advisory previously issued for Marin and Sonoma counties will expire at 12:30 a.m.",
          "UPDATE: The current flood advisory for Marin County will be expiring at 6 a.m.",
          "Flood advisory for Marin County early Monday morning due to excessive rainfall",
          "Flood advisory for Marin County early Monday morning due to excessive rainfall",
          "UPDATE: The current flood advisory for Marin County will be expiring at 6 a.m.",
          "Flood advisory for Marin County early Monday morning due to excessive rainfall",
          "UPDATE: Flood advisory for Alameda County Thursday morning, says the NWS",
          "UPDATE: Flood advisory for Alameda County Thursday morning, says the NWS",
          "Update: Flood advisory affecting Alameda County Thursday morning triggered by persistent downpours",
          "UPDATE: Flood advisory for Alameda County Thursday morning, says the NWS",
          "Coastal flood advisory for Bay Area Shorelines from Wednesday to Sunday",
          "Coastal flood advisory issued for Bay Area Shorelines until Sunday midday",
          "UPDATE: Flood advisory active for Napa County Monday evening caused by prolonged rain",
          "Flood advisory in place for Napa County early Monday evening due to persistent downpours",
          "Flood advisory in place for Central Valley Sunday evening caused by persistent rainfall",
          "Flood advisory in place for Central Valley Sunday evening caused by persistent rainfall",
          "Flood advisory in place for Central Valley Sunday evening caused by persistent rainfall",
          "Flood advisory issued for Fremont, Page, Johnson, Nemaha, Otoe, Pawnee, & Richardson cos. until 10 p.m.",
          "Flash flood warning for Fremont, Montgomery, Page counties until 9:30 p.m.",
          "Coastal flood advisory in place for San Francisco Bay Shoreline and San Francisco County from Thursday to Saturday",
          "Christmas nightmare: Flash flood destroys multiple cars in San Mateo County",
          "Flood advisory affecting San Mateo and Santa Cruz counties early Wednesday morning triggered by substantial downpours",
          "Storm Watch: Thunderstorms Trigger Flood Advisory Across Rio Linda and Greater Sacramento",
          "Rainstorm prompts flood advisory Sacramento area, 17 Northern California counties"
        ]
      }
    },
    {
      "type": "Feature",
      "geometry": {
        "type": "Point",
        "coordinates": [
          -75.1193,
          38.7828
        ]
      },
      "properties": {
        "source": "NOAA",
        "site_id": "8557380",
        "site_name": "Lewes",
        "lat": "38.7828",
        "lon": "-75.1193",
        "stage_ft": 4.222,
        "stage_datetime": "2026-06-29 23:06",
        "tier": "normal",
        "action_stage": 8.43,
        "flood_stage": 9.43,
        "major_stage": 11.43,
        "url": "https://tidesandcurrents.noaa.gov/stationhome.html?id=8557380",
        "city_lat": 38.6898781,
        "city_lon": -75.3595655,
        "fetched_at": "2026-06-29T22:01:32.713254+00:00",
        "flood_event_count": 4,
        "nearest_flood_miles": 14.45,
        "nearest_flood_title": "UPDATE: Coastal flood advisory issued for Myrtle Beach area and Coastal Georgetown Sunday night",
        "color": "#2d6a4f",
        "nearby_flood_titles": [
          "UPDATE: Coastal flood advisory issued for Myrtle Beach area and Coastal Georgetown Sunday night",
          "UPDATE: Coastal flood advisory issued for Myrtle Beach area and Coastal Georgetown",
          "UPDATE: Coastal flood advisory issued for Myrtle Beach area and Coastal Georgetown",
          "UPDATE: Coastal flood advisory issued for Myrtle Beach area and Coastal Georgetown"
        ]
      }
    },
    {
      "type": "Feature",
      "geometry": {
        "type": "Point",
        "coordinates": [
          -97.0217,
          28.1183
        ]
      },
      "properties": {
        "source": "NOAA",
        "site_id": "8774513",
        "site_name": "Copano Bay",
        "lat": "28.1183",
        "lon": "-97.0217",
        "stage_ft": 0.686,
        "stage_datetime": "2026-06-29 23:00",
        "tier": "normal",
        "action_stage": 6.6,
        "flood_stage": 7.6,
        "major_stage": 9.6,
        "url": "https://tidesandcurrents.noaa.gov/stationhome.html?id=8774513",
        "city_lat": 28.8782341,
        "city_lon": -97.7547964,
        "fetched_at": "2026-06-29T22:01:32.713254+00:00",
        "flood_event_count": 0,
        "nearest_flood_miles": null,
        "nearest_flood_title": null,
        "color": "#2d6a4f",
        "nearby_flood_titles": []
      }
    },
    {
      "type": "Feature",
      "geometry": {
        "type": "Point",
        "coordinates": [
          -75.1193,
          38.7828
        ]
      },
      "properties": {
        "source": "NOAA",
        "site_id": "8557380",
        "site_name": "Lewes",
        "lat": "38.7828",
        "lon": "-75.1193",
        "stage_ft": 4.222,
        "stage_datetime": "2026-06-29 23:06",
        "tier": "normal",
        "action_stage": 8.43,
        "flood_stage": 9.43,
        "major_stage": 11.43,
        "url": "https://tidesandcurrents.noaa.gov/stationhome.html?id=8557380",
        "city_lat": 38.6898781,
        "city_lon": -75.3595655,
        "fetched_at": "2026-06-29T22:01:32.713254+00:00",
        "flood_event_count": 4,
        "nearest_flood_miles": 14.45,
        "nearest_flood_title": "UPDATE: Coastal flood advisory issued for Myrtle Beach area and Coastal Georgetown Sunday night",
        "color": "#2d6a4f",
        "nearby_flood_titles": [
          "UPDATE: Coastal flood advisory issued for Myrtle Beach area and Coastal Georgetown Sunday night",
          "UPDATE: Coastal flood advisory issued for Myrtle Beach area and Coastal Georgetown",
          "UPDATE: Coastal flood advisory issued for Myrtle Beach area and Coastal Georgetown",
          "UPDATE: Coastal flood advisory issued for Myrtle Beach area and Coastal Georgetown"
        ]
      }
    },
    {
      "type": "Feature",
      "geometry": {
        "type": "Point",
        "coordinates": [
          -75.1193,
          38.7828
        ]
      },
      "properties": {
        "source": "NOAA",
        "site_id": "8557380",
        "site_name": "Lewes",
        "lat": "38.7828",
        "lon": "-75.1193",
        "stage_ft": 4.222,
        "stage_datetime": "2026-06-29 23:06",
        "tier": "normal",
        "action_stage": 8.43,
        "flood_stage": 9.43,
        "major_stage": 11.43,
        "url": "https://tidesandcurrents.noaa.gov/stationhome.html?id=8557380",
        "city_lat": 38.6898781,
        "city_lon": -75.3595655,
        "fetched_at": "2026-06-29T22:01:32.713254+00:00",
        "flood_event_count": 4,
        "nearest_flood_miles": 14.45,
        "nearest_flood_title": "UPDATE: Coastal flood advisory issued for Myrtle Beach area and Coastal Georgetown Sunday night",
        "color": "#2d6a4f",
        "nearby_flood_titles": [
          "UPDATE: Coastal flood advisory issued for Myrtle Beach area and Coastal Georgetown Sunday night",
          "UPDATE: Coastal flood advisory issued for Myrtle Beach area and Coastal Georgetown",
          "UPDATE: Coastal flood advisory issued for Myrtle Beach area and Coastal Georgetown",
          "UPDATE: Coastal flood advisory issued for Myrtle Beach area and Coastal Georgetown"
        ]
      }
    },
    {
      "type": "Feature",
      "geometry": {
        "type": "Point",
        "coordinates": [
          -122.0395,
          38.056
        ]
      },
      "properties": {
        "source": "NOAA",
        "site_id": "9415144",
        "site_name": "Port Chicago",
        "lat": "38.056",
        "lon": "-122.0395",
        "stage_ft": 4.288,
        "stage_datetime": "2026-06-29 23:00",
        "tier": "normal",
        "action_stage": 9.9,
        "flood_stage": 10.9,
        "major_stage": 12.9,
        "url": "https://tidesandcurrents.noaa.gov/stationhome.html?id=9415144",
        "city_lat": 38.0,
        "city_lon": -121.4,
        "fetched_at": "2026-06-29T22:01:32.713254+00:00",
        "flood_event_count": 67,
        "nearest_flood_miles": 18.04,
        "nearest_flood_title": "Coastal flood advisory issued for area including Berkeley shoreline",
        "color": "#2d6a4f",
        "nearby_flood_titles": [
          "Coastal flood advisory issued for area including Berkeley shoreline",
          "The Piedmont region placed under a flood advisory until Tuesday evening",
          "The Piedmont region placed under a flood advisory until Tuesday evening",
          "UPDATE: The Piedmont region placed under a flood advisory Sunday evening",
          "Flood advisory in effect for Bay Area shoreline",
          "King Tides to return for New Year; flood advisory issued for Bay Area",
          "Update: Flood advisory for Bay Area Tuesday evening due to intense downpours",
          "UPDATE: Flood advisory for Bay Area likely to expire at 7 p.m., says the NWS",
          "Coastal Flood Advisory Issued for San Francisco Bay Area as High Tides Threaten Low-Lying Shorelines Through Tuesday Morning : Read Now To Know More",
          "Flood advisory for Northern California until 3 a.m. Thursday caused by prolonged downpours",
          "UPDATE: Coastal flood advisory for North Bay Interior Valleys and San Francisco Bay Shoreline",
          "UPDATE: San Francisco Bay Shoreline and San Francisco County placed under a coastal flood advisory",
          "The coastal flood advisory for Northern California is likely to expire at 3 p.m.",
          "UPDATE: Flood advisory affecting Northern California until early Monday evening",
          "UPDATE: Coastal flood advisory issued for Northern California until Sunday midday",
          "Coastal flood advisory issued for Northern California until Sunday midday",
          "UPDATE: Northern California under a flood advisory until early Sunday",
          "UPDATE: Coastal flood advisory in place for Northern California from Saturday to Tuesday",
          "Coastal Flood Advisory Issued In NorCal",
          "UPDATE: Northern California under a flood advisory until early Sunday",
          "UPDATE: Flood advisory affecting Northern California until early Monday evening",
          "UPDATE: Coastal flood advisory issued for Northern California until Sunday midday",
          "UPDATE: Flood advisory for Northern California predicted to expire at 11:30 p.m.",
          "Coastal flood advisory for Northern California from Thursday to Sunday",
          "Update: Coastal flood advisory issued for Northern California until Tuesday afternoon",
          "The coastal flood advisory for Northern California is likely to expire at 3 p.m.",
          "UPDATE: Flood advisory for Northern California predicted to expire at 11:30 p.m.",
          "UPDATE: Coastal flood advisory in place for Northern California until Tuesday afternoon",
          "UPDATE: Coastal flood advisory in place for Northern California until Tuesday afternoon",
          "UPDATE: Flood advisory affecting Northern California until early Monday evening",
          "UPDATE: Flood advisory for Northern California predicted to expire at 11:30 p.m.",
          "UPDATE: Coastal flood advisory for Northern California until early Wednesday morning",
          "UPDATE: Flood advisory for Northern California predicted to expire at 11:30 p.m.",
          "UPDATE: The current flood advisory for Northern California will be expiring at 7:30 p.m.",
          "Flood advisory affecting Northern California until Tuesday evening due to thunderstorms",
          "Coastal flood advisory affecting Northern California from Saturday to Tuesday",
          "UPDATE: Coastal flood advisory in place for Northern California from Saturday to Tuesday",
          "Coastal flood advisory affecting Northern California from Saturday to Tuesday",
          "UPDATE: Coastal flood advisory in place for Northern California from Saturday to Tuesday",
          "Rainstorm prompts flood advisory Sacramento area, 17 Northern California counties",
          "UPDATE: The current flood advisory for Northern California will be expiring at 7:30 p.m.",
          "Coastal flood advisory in place for San Francisco Bay Shoreline and San Francisco County from Thursday to Saturday",
          "UPDATE: San Francisco Bay Shoreline and San Francisco County placed under a coastal flood advisory",
          "UPDATE: Flood advisory previously issued for Marin and Sonoma counties will expire at 12:30 a.m.",
          "UPDATE: The current flood advisory for Marin County will be expiring at 6 a.m.",
          "Flood advisory for Marin County early Monday morning due to excessive rainfall",
          "Flood advisory for Marin County early Monday morning due to excessive rainfall",
          "UPDATE: The current flood advisory for Marin County will be expiring at 6 a.m.",
          "Flood advisory for Marin County early Monday morning due to excessive rainfall",
          "UPDATE: Flood advisory for Alameda County Thursday morning, says the NWS",
          "UPDATE: Flood advisory for Alameda County Thursday morning, says the NWS",
          "Update: Flood advisory affecting Alameda County Thursday morning triggered by persistent downpours",
          "UPDATE: Flood advisory for Alameda County Thursday morning, says the NWS",
          "Coastal flood advisory for Bay Area Shorelines from Wednesday to Sunday",
          "Coastal flood advisory issued for Bay Area Shorelines until Sunday midday",
          "UPDATE: Flood advisory active for Napa County Monday evening caused by prolonged rain",
          "Flood advisory in place for Napa County early Monday evening due to persistent downpours",
          "Flood advisory in place for Central Valley Sunday evening caused by persistent rainfall",
          "Flood advisory in place for Central Valley Sunday evening caused by persistent rainfall",
          "Flood advisory in place for Central Valley Sunday evening caused by persistent rainfall",
          "Flood advisory issued for Fremont, Page, Johnson, Nemaha, Otoe, Pawnee, & Richardson cos. until 10 p.m.",
          "Flash flood warning for Fremont, Montgomery, Page counties until 9:30 p.m.",
          "Coastal flood advisory in place for San Francisco Bay Shoreline and San Francisco County from Thursday to Saturday",
          "Christmas nightmare: Flash flood destroys multiple cars in San Mateo County",
          "Flood advisory affecting San Mateo and Santa Cruz counties early Wednesday morning triggered by substantial downpours",
          "Storm Watch: Thunderstorms Trigger Flood Advisory Across Rio Linda and Greater Sacramento",
          "Rainstorm prompts flood advisory Sacramento area, 17 Northern California counties"
        ]
      }
    },
    {
      "type": "Feature",
      "geometry": {
        "type": "Point",
        "coordinates": [
          -75.0793,
          39.9797
        ]
      },
      "properties": {
        "source": "NOAA",
        "site_id": "8546252",
        "site_name": "Bridesburg",
        "lat": "39.9797",
        "lon": "-75.0793",
        "stage_ft": 2.087,
        "stage_datetime": "2026-06-29 23:06",
        "tier": "normal",
        "action_stage": 27.5,
        "flood_stage": 28.5,
        "major_stage": 30.5,
        "url": "https://tidesandcurrents.noaa.gov/stationhome.html?id=8546252",
        "city_lat": 40.2154361,
        "city_lon": -75.3702305,
        "fetched_at": "2026-06-29T22:01:32.713254+00:00",
        "flood_event_count": 23,
        "nearest_flood_miles": 4.83,
        "nearest_flood_title": "Severe thunderstorms bring flash flood warnings across Philadelphia region",
        "color": "#2d6a4f",
        "nearby_flood_titles": [
          "Severe thunderstorms bring flash flood warnings across Philadelphia region",
          "Flash flood warning in Philadelphia area Sunday night",
          "Flash flood warning issued for Philadelphia area Sunday evening",
          "Flash flood warning affecting Delaware County until Tuesday night caused by thunderstorms",
          "NY weather: Flash flood warning issued for Delaware County until Tuesday night caused by thunderstorms",
          "Flash flood warning issued for Montgomery County",
          "Flood advisory issued for Central West Florida Wednesday evening caused by heavy rainfall",
          "Flash flood emergency declared for Trenton, Missouri amidst torrential rain",
          "Flash flood warning issued for Bucks County",
          "Update: Coastal flood advisory issued for Bucks County until early Thursday",
          "Update: The current coastal flood advisory for Salem County will be expiring at 4 a.m.",
          "Coastal flood advisory for Salem County for Saturday and Sunday",
          "Coastal flood advisory affecting Salem County until 1 a.m. Thursday",
          "Flood advisory active for 4 N.J. counties until 2 a.m. Friday",
          "Update: Coastal flood advisory issued for 4 N.J. counties until early Monday evening",
          "Coastal flood advisory active for 7 N.J. counties Saturday and Sunday",
          "Coastal flood advisory for 3 N.J. counties for Saturday and Sunday",
          "Coastal flood advisory affecting 3 N.J. counties Sunday",
          "Update: Coastal flood advisory issued for 3 N.J. counties until early Thursday morning",
          "N.J. weather: Severe thunderstorm, flash flood warnings issued. Live weather alerts.",
          "N.J. weather: Flash flood warning, extreme heat watches blanket region",
          "Coastal flood advisory for Ocean County until 2 a.m. Tuesday",
          "Tornado watch issued for most of NJ, flood advisory in Ocean County"
        ]
      }
    },
    {
      "type": "Feature",
      "geometry": {
        "type": "Point",
        "coordinates": [
          -70.7411,
          43.0797
        ]
      },
      "properties": {
        "source": "NOAA",
        "site_id": "8419870",
        "site_name": "Seavey Island",
        "lat": "43.0797",
        "lon": "-70.7411",
        "stage_ft": 2.375,
        "stage_datetime": "2026-06-29 23:06",
        "tier": "normal",
        "action_stage": 12.16,
        "flood_stage": 13.16,
        "major_stage": 15.16,
        "url": "https://tidesandcurrents.noaa.gov/stationhome.html?id=8419870",
        "city_lat": 43.4849133,
        "city_lon": -71.6553992,
        "fetched_at": "2026-06-29T22:01:32.713254+00:00",
        "flood_event_count": 0,
        "nearest_flood_miles": null,
        "nearest_flood_title": null,
        "color": "#2d6a4f",
        "nearby_flood_titles": []
      }
    },
    {
      "type": "Feature",
      "geometry": {
        "type": "Point",
        "coordinates": [
          -70.7411,
          43.0797
        ]
      },
      "properties": {
        "source": "NOAA",
        "site_id": "8419870",
        "site_name": "Seavey Island",
        "lat": "43.0797",
        "lon": "-70.7411",
        "stage_ft": 2.375,
        "stage_datetime": "2026-06-29 23:06",
        "tier": "normal",
        "action_stage": 12.16,
        "flood_stage": 13.16,
        "major_stage": 15.16,
        "url": "https://tidesandcurrents.noaa.gov/stationhome.html?id=8419870",
        "city_lat": 43.4849133,
        "city_lon": -71.6553992,
        "fetched_at": "2026-06-29T22:01:32.713254+00:00",
        "flood_event_count": 0,
        "nearest_flood_miles": null,
        "nearest_flood_title": null,
        "color": "#2d6a4f",
        "nearby_flood_titles": []
      }
    },
    {
      "type": "Feature",
      "geometry": {
        "type": "Point",
        "coordinates": [
          -76.3286,
          36.9428
        ]
      },
      "properties": {
        "source": "NOAA",
        "site_id": "8638610",
        "site_name": "Sewells Point",
        "lat": "36.9428",
        "lon": "-76.3286",
        "stage_ft": 2.615,
        "stage_datetime": "2026-06-29 23:06",
        "tier": "normal",
        "action_stage": 8.14,
        "flood_stage": 9.14,
        "major_stage": 11.14,
        "url": "https://tidesandcurrents.noaa.gov/stationhome.html?id=8638610",
        "city_lat": 36.9507552,
        "city_lon": -76.4114187,
        "fetched_at": "2026-06-29T22:01:32.713254+00:00",
        "flood_event_count": 4,
        "nearest_flood_miles": 4.61,
        "nearest_flood_title": "Flash flood warning issued for parts of Hampton Roads as strong storms move through",
        "color": "#2d6a4f",
        "nearby_flood_titles": [
          "Flash flood warning issued for parts of Hampton Roads as strong storms move through",
          "Coastal flood advisory issued for Norfolk, Chesapeake and surrounding areas",
          "Former Browns running back rescued from flooded road",
          "Coastal flood advisory issued for Norfolk, Chesapeake and surrounding areas"
        ]
      }
    },
    {
      "type": "Feature",
      "geometry": {
        "type": "Point",
        "coordinates": [
          -151.7199,
          59.4405
        ]
      },
      "properties": {
        "source": "NOAA",
        "site_id": "9455500",
        "site_name": "Seldovia",
        "lat": "59.4405",
        "lon": "-151.7199",
        "stage_ft": 14.931,
        "stage_datetime": "2026-06-29 23:06",
        "tier": "normal",
        "action_stage": 25.83,
        "flood_stage": 26.83,
        "major_stage": 28.83,
        "url": "https://tidesandcurrents.noaa.gov/stationhome.html?id=9455500",
        "city_lat": 59.6454064,
        "city_lon": -151.5445643,
        "fetched_at": "2026-06-29T22:01:32.713254+00:00",
        "flood_event_count": 1,
        "nearest_flood_miles": 15.43,
        "nearest_flood_title": "Flash flooding triggers water rescue in Homer as storms slam ArkLaTex",
        "color": "#2d6a4f",
        "nearby_flood_titles": [
          "Flash flooding triggers water rescue in Homer as storms slam ArkLaTex"
        ]
      }
    },
    {
      "type": "Feature",
      "geometry": {
        "type": "Point",
        "coordinates": [
          -71.4007,
          41.8072
        ]
      },
      "properties": {
        "source": "NOAA",
        "site_id": "8454000",
        "site_name": "Providence",
        "lat": "41.8072",
        "lon": "-71.4007",
        "stage_ft": 4.168,
        "stage_datetime": "2026-06-29 23:06",
        "tier": "normal",
        "action_stage": 9.33,
        "flood_stage": 10.33,
        "major_stage": 12.33,
        "url": "https://tidesandcurrents.noaa.gov/stationhome.html?id=8454000",
        "city_lat": 41.7962409,
        "city_lon": -71.5992372,
        "fetched_at": "2026-06-29T22:01:32.713254+00:00",
        "flood_event_count": 4,
        "nearest_flood_miles": 10.25,
        "nearest_flood_title": "Flash flood warning issued for parts of Massachusetts, Rhode Island this morning",
        "color": "#2d6a4f",
        "nearby_flood_titles": [
          "Flash flood warning issued for parts of Massachusetts, Rhode Island this morning",
          "Flash flood warning issued for parts of Massachusetts, Rhode Island this morning",
          "High tides, storm surge may splash over Boston as 12-foot waves peak",
          "Flood warning issued for Wolf River in New London April 4 to 10"
        ]
      }
    },
    {
      "type": "Feature",
      "geometry": {
        "type": "Point",
        "coordinates": [
          -71.4007,
          41.8072
        ]
      },
      "properties": {
        "source": "NOAA",
        "site_id": "8454000",
        "site_name": "Providence",
        "lat": "41.8072",
        "lon": "-71.4007",
        "stage_ft": 4.168,
        "stage_datetime": "2026-06-29 23:06",
        "tier": "normal",
        "action_stage": 9.33,
        "flood_stage": 10.33,
        "major_stage": 12.33,
        "url": "https://tidesandcurrents.noaa.gov/stationhome.html?id=8454000",
        "city_lat": 41.7962409,
        "city_lon": -71.5992372,
        "fetched_at": "2026-06-29T22:01:32.713254+00:00",
        "flood_event_count": 4,
        "nearest_flood_miles": 10.25,
        "nearest_flood_title": "Flash flood warning issued for parts of Massachusetts, Rhode Island this morning",
        "color": "#2d6a4f",
        "nearby_flood_titles": [
          "Flash flood warning issued for parts of Massachusetts, Rhode Island this morning",
          "Flash flood warning issued for parts of Massachusetts, Rhode Island this morning",
          "High tides, storm surge may splash over Boston as 12-foot waves peak",
          "Flood warning issued for Wolf River in New London April 4 to 10"
        ]
      }
    },
    {
      "type": "Feature",
      "geometry": {
        "type": "Point",
        "coordinates": [
          -146.362,
          61.125
        ]
      },
      "properties": {
        "source": "NOAA",
        "site_id": "9454240",
        "site_name": "Valdez",
        "lat": "61.125",
        "lon": "-146.362",
        "stage_ft": 8.684,
        "stage_datetime": "2026-06-29 23:00",
        "tier": "normal",
        "action_stage": 19.89,
        "flood_stage": 20.89,
        "major_stage": 22.89,
        "url": "https://tidesandcurrents.noaa.gov/stationhome.html?id=9454240",
        "city_lat": 65.538809,
        "city_lon": -144.708313,
        "fetched_at": "2026-06-29T22:01:32.713254+00:00",
        "flood_event_count": 0,
        "nearest_flood_miles": null,
        "nearest_flood_title": null,
        "color": "#2d6a4f",
        "nearby_flood_titles": []
      }
    },
    {
      "type": "Feature",
      "geometry": {
        "type": "Point",
        "coordinates": [
          -122.0395,
          38.056
        ]
      },
      "properties": {
        "source": "NOAA",
        "site_id": "9415144",
        "site_name": "Port Chicago",
        "lat": "38.056",
        "lon": "-122.0395",
        "stage_ft": 4.288,
        "stage_datetime": "2026-06-29 23:00",
        "tier": "normal",
        "action_stage": 9.9,
        "flood_stage": 10.9,
        "major_stage": 12.9,
        "url": "https://tidesandcurrents.noaa.gov/stationhome.html?id=9415144",
        "city_lat": 38.0,
        "city_lon": -121.4,
        "fetched_at": "2026-06-29T22:01:32.713254+00:00",
        "flood_event_count": 67,
        "nearest_flood_miles": 18.04,
        "nearest_flood_title": "Coastal flood advisory issued for area including Berkeley shoreline",
        "color": "#2d6a4f",
        "nearby_flood_titles": [
          "Coastal flood advisory issued for area including Berkeley shoreline",
          "The Piedmont region placed under a flood advisory until Tuesday evening",
          "The Piedmont region placed under a flood advisory until Tuesday evening",
          "UPDATE: The Piedmont region placed under a flood advisory Sunday evening",
          "Flood advisory in effect for Bay Area shoreline",
          "King Tides to return for New Year; flood advisory issued for Bay Area",
          "Update: Flood advisory for Bay Area Tuesday evening due to intense downpours",
          "UPDATE: Flood advisory for Bay Area likely to expire at 7 p.m., says the NWS",
          "Coastal Flood Advisory Issued for San Francisco Bay Area as High Tides Threaten Low-Lying Shorelines Through Tuesday Morning : Read Now To Know More",
          "Flood advisory for Northern California until 3 a.m. Thursday caused by prolonged downpours",
          "UPDATE: Coastal flood advisory for North Bay Interior Valleys and San Francisco Bay Shoreline",
          "UPDATE: San Francisco Bay Shoreline and San Francisco County placed under a coastal flood advisory",
          "The coastal flood advisory for Northern California is likely to expire at 3 p.m.",
          "UPDATE: Flood advisory affecting Northern California until early Monday evening",
          "UPDATE: Coastal flood advisory issued for Northern California until Sunday midday",
          "Coastal flood advisory issued for Northern California until Sunday midday",
          "UPDATE: Northern California under a flood advisory until early Sunday",
          "UPDATE: Coastal flood advisory in place for Northern California from Saturday to Tuesday",
          "Coastal Flood Advisory Issued In NorCal",
          "UPDATE: Northern California under a flood advisory until early Sunday",
          "UPDATE: Flood advisory affecting Northern California until early Monday evening",
          "UPDATE: Coastal flood advisory issued for Northern California until Sunday midday",
          "UPDATE: Flood advisory for Northern California predicted to expire at 11:30 p.m.",
          "Coastal flood advisory for Northern California from Thursday to Sunday",
          "Update: Coastal flood advisory issued for Northern California until Tuesday afternoon",
          "The coastal flood advisory for Northern California is likely to expire at 3 p.m.",
          "UPDATE: Flood advisory for Northern California predicted to expire at 11:30 p.m.",
          "UPDATE: Coastal flood advisory in place for Northern California until Tuesday afternoon",
          "UPDATE: Coastal flood advisory in place for Northern California until Tuesday afternoon",
          "UPDATE: Flood advisory affecting Northern California until early Monday evening",
          "UPDATE: Flood advisory for Northern California predicted to expire at 11:30 p.m.",
          "UPDATE: Coastal flood advisory for Northern California until early Wednesday morning",
          "UPDATE: Flood advisory for Northern California predicted to expire at 11:30 p.m.",
          "UPDATE: The current flood advisory for Northern California will be expiring at 7:30 p.m.",
          "Flood advisory affecting Northern California until Tuesday evening due to thunderstorms",
          "Coastal flood advisory affecting Northern California from Saturday to Tuesday",
          "UPDATE: Coastal flood advisory in place for Northern California from Saturday to Tuesday",
          "Coastal flood advisory affecting Northern California from Saturday to Tuesday",
          "UPDATE: Coastal flood advisory in place for Northern California from Saturday to Tuesday",
          "Rainstorm prompts flood advisory Sacramento area, 17 Northern California counties",
          "UPDATE: The current flood advisory for Northern California will be expiring at 7:30 p.m.",
          "Coastal flood advisory in place for San Francisco Bay Shoreline and San Francisco County from Thursday to Saturday",
          "UPDATE: San Francisco Bay Shoreline and San Francisco County placed under a coastal flood advisory",
          "UPDATE: Flood advisory previously issued for Marin and Sonoma counties will expire at 12:30 a.m.",
          "UPDATE: The current flood advisory for Marin County will be expiring at 6 a.m.",
          "Flood advisory for Marin County early Monday morning due to excessive rainfall",
          "Flood advisory for Marin County early Monday morning due to excessive rainfall",
          "UPDATE: The current flood advisory for Marin County will be expiring at 6 a.m.",
          "Flood advisory for Marin County early Monday morning due to excessive rainfall",
          "UPDATE: Flood advisory for Alameda County Thursday morning, says the NWS",
          "UPDATE: Flood advisory for Alameda County Thursday morning, says the NWS",
          "Update: Flood advisory affecting Alameda County Thursday morning triggered by persistent downpours",
          "UPDATE: Flood advisory for Alameda County Thursday morning, says the NWS",
          "Coastal flood advisory for Bay Area Shorelines from Wednesday to Sunday",
          "Coastal flood advisory issued for Bay Area Shorelines until Sunday midday",
          "UPDATE: Flood advisory active for Napa County Monday evening caused by prolonged rain",
          "Flood advisory in place for Napa County early Monday evening due to persistent downpours",
          "Flood advisory in place for Central Valley Sunday evening caused by persistent rainfall",
          "Flood advisory in place for Central Valley Sunday evening caused by persistent rainfall",
          "Flood advisory in place for Central Valley Sunday evening caused by persistent rainfall",
          "Flood advisory issued for Fremont, Page, Johnson, Nemaha, Otoe, Pawnee, & Richardson cos. until 10 p.m.",
          "Flash flood warning for Fremont, Montgomery, Page counties until 9:30 p.m.",
          "Coastal flood advisory in place for San Francisco Bay Shoreline and San Francisco County from Thursday to Saturday",
          "Christmas nightmare: Flash flood destroys multiple cars in San Mateo County",
          "Flood advisory affecting San Mateo and Santa Cruz counties early Wednesday morning triggered by substantial downpours",
          "Storm Watch: Thunderstorms Trigger Flood Advisory Across Rio Linda and Greater Sacramento",
          "Rainstorm prompts flood advisory Sacramento area, 17 Northern California counties"
        ]
      }
    },
    {
      "type": "Feature",
      "geometry": {
        "type": "Point",
        "coordinates": [
          -75.5482,
          35.7957
        ]
      },
      "properties": {
        "source": "NOAA",
        "site_id": "8652587",
        "site_name": "Oregon Inlet Marina",
        "lat": "35.7957",
        "lon": "-75.5482",
        "stage_ft": 1.28,
        "stage_datetime": "2026-06-29 23:06",
        "tier": "normal",
        "action_stage": 4.77,
        "flood_stage": 5.77,
        "major_stage": 7.77,
        "url": "https://tidesandcurrents.noaa.gov/stationhome.html?id=8652587",
        "city_lat": 35.6333866,
        "city_lon": -75.6869011,
        "fetched_at": "2026-06-29T22:01:32.713254+00:00",
        "flood_event_count": 1,
        "nearest_flood_miles": 13.65,
        "nearest_flood_title": "UPDATE: Flood advisory for Dare County Saturday afternoon due to substantial downpours",
        "color": "#2d6a4f",
        "nearby_flood_titles": [
          "UPDATE: Flood advisory for Dare County Saturday afternoon due to substantial downpours"
        ]
      }
    },
    {
      "type": "Feature",
      "geometry": {
        "type": "Point",
        "coordinates": [
          -75.1193,
          38.7828
        ]
      },
      "properties": {
        "source": "NOAA",
        "site_id": "8557380",
        "site_name": "Lewes",
        "lat": "38.7828",
        "lon": "-75.1193",
        "stage_ft": 4.222,
        "stage_datetime": "2026-06-29 23:06",
        "tier": "normal",
        "action_stage": 8.43,
        "flood_stage": 9.43,
        "major_stage": 11.43,
        "url": "https://tidesandcurrents.noaa.gov/stationhome.html?id=8557380",
        "city_lat": 38.6898781,
        "city_lon": -75.3595655,
        "fetched_at": "2026-06-29T22:01:32.713254+00:00",
        "flood_event_count": 4,
        "nearest_flood_miles": 14.45,
        "nearest_flood_title": "UPDATE: Coastal flood advisory issued for Myrtle Beach area and Coastal Georgetown Sunday night",
        "color": "#2d6a4f",
        "nearby_flood_titles": [
          "UPDATE: Coastal flood advisory issued for Myrtle Beach area and Coastal Georgetown Sunday night",
          "UPDATE: Coastal flood advisory issued for Myrtle Beach area and Coastal Georgetown",
          "UPDATE: Coastal flood advisory issued for Myrtle Beach area and Coastal Georgetown",
          "UPDATE: Coastal flood advisory issued for Myrtle Beach area and Coastal Georgetown"
        ]
      }
    },
    {
      "type": "Feature",
      "geometry": {
        "type": "Point",
        "coordinates": [
          -75.142,
          39.9331
        ]
      },
      "properties": {
        "source": "NOAA",
        "site_id": "8545240",
        "site_name": "Philadelphia",
        "lat": "39.9331",
        "lon": "-75.142",
        "stage_ft": 1.833,
        "stage_datetime": "2026-06-29 23:06",
        "tier": "normal",
        "action_stage": 11.51,
        "flood_stage": 12.51,
        "major_stage": 14.51,
        "url": "https://tidesandcurrents.noaa.gov/stationhome.html?id=8545240",
        "city_lat": 39.9527237,
        "city_lon": -75.1635262,
        "fetched_at": "2026-06-29T22:01:32.713254+00:00",
        "flood_event_count": 23,
        "nearest_flood_miles": 1.77,
        "nearest_flood_title": "Severe thunderstorms bring flash flood warnings across Philadelphia region",
        "color": "#2d6a4f",
        "nearby_flood_titles": [
          "Severe thunderstorms bring flash flood warnings across Philadelphia region",
          "Flash flood warning in Philadelphia area Sunday night",
          "Flash flood warning issued for Philadelphia area Sunday evening",
          "Flash flood warning affecting Delaware County until Tuesday night caused by thunderstorms",
          "NY weather: Flash flood warning issued for Delaware County until Tuesday night caused by thunderstorms",
          "Flash flood warning issued for Montgomery County",
          "Update: The current coastal flood advisory for Salem County will be expiring at 4 a.m.",
          "Coastal flood advisory for Salem County for Saturday and Sunday",
          "Coastal flood advisory affecting Salem County until 1 a.m. Thursday",
          "Flood advisory issued for Central West Florida Wednesday evening caused by heavy rainfall",
          "Flash flood emergency declared for Trenton, Missouri amidst torrential rain",
          "Flash flood warning issued for Bucks County",
          "Update: Coastal flood advisory issued for Bucks County until early Thursday",
          "Flood advisory active for 4 N.J. counties until 2 a.m. Friday",
          "Update: Coastal flood advisory issued for 4 N.J. counties until early Monday evening",
          "Coastal flood advisory active for 7 N.J. counties Saturday and Sunday",
          "Coastal flood advisory for 3 N.J. counties for Saturday and Sunday",
          "Coastal flood advisory affecting 3 N.J. counties Sunday",
          "Update: Coastal flood advisory issued for 3 N.J. counties until early Thursday morning",
          "N.J. weather: Severe thunderstorm, flash flood warnings issued. Live weather alerts.",
          "N.J. weather: Flash flood warning, extreme heat watches blanket region",
          "Coastal flood advisory for Ocean County until 2 a.m. Tuesday",
          "Tornado watch issued for most of NJ, flood advisory in Ocean County"
        ]
      }
    },
    {
      "type": "Feature",
      "geometry": {
        "type": "Point",
        "coordinates": [
          -75.142,
          39.9331
        ]
      },
      "properties": {
        "source": "NOAA",
        "site_id": "8545240",
        "site_name": "Philadelphia",
        "lat": "39.9331",
        "lon": "-75.142",
        "stage_ft": 1.833,
        "stage_datetime": "2026-06-29 23:06",
        "tier": "normal",
        "action_stage": 11.51,
        "flood_stage": 12.51,
        "major_stage": 14.51,
        "url": "https://tidesandcurrents.noaa.gov/stationhome.html?id=8545240",
        "city_lat": 39.9527237,
        "city_lon": -75.1635262,
        "fetched_at": "2026-06-29T22:01:32.713254+00:00",
        "flood_event_count": 23,
        "nearest_flood_miles": 1.77,
        "nearest_flood_title": "Severe thunderstorms bring flash flood warnings across Philadelphia region",
        "color": "#2d6a4f",
        "nearby_flood_titles": [
          "Severe thunderstorms bring flash flood warnings across Philadelphia region",
          "Flash flood warning in Philadelphia area Sunday night",
          "Flash flood warning issued for Philadelphia area Sunday evening",
          "Flash flood warning affecting Delaware County until Tuesday night caused by thunderstorms",
          "NY weather: Flash flood warning issued for Delaware County until Tuesday night caused by thunderstorms",
          "Flash flood warning issued for Montgomery County",
          "Update: The current coastal flood advisory for Salem County will be expiring at 4 a.m.",
          "Coastal flood advisory for Salem County for Saturday and Sunday",
          "Coastal flood advisory affecting Salem County until 1 a.m. Thursday",
          "Flood advisory issued for Central West Florida Wednesday evening caused by heavy rainfall",
          "Flash flood emergency declared for Trenton, Missouri amidst torrential rain",
          "Flash flood warning issued for Bucks County",
          "Update: Coastal flood advisory issued for Bucks County until early Thursday",
          "Flood advisory active for 4 N.J. counties until 2 a.m. Friday",
          "Update: Coastal flood advisory issued for 4 N.J. counties until early Monday evening",
          "Coastal flood advisory active for 7 N.J. counties Saturday and Sunday",
          "Coastal flood advisory for 3 N.J. counties for Saturday and Sunday",
          "Coastal flood advisory affecting 3 N.J. counties Sunday",
          "Update: Coastal flood advisory issued for 3 N.J. counties until early Thursday morning",
          "N.J. weather: Severe thunderstorm, flash flood warnings issued. Live weather alerts.",
          "N.J. weather: Flash flood warning, extreme heat watches blanket region",
          "Coastal flood advisory for Ocean County until 2 a.m. Tuesday",
          "Tornado watch issued for most of NJ, flood advisory in Ocean County"
        ]
      }
    },
    {
      "type": "Feature",
      "geometry": {
        "type": "Point",
        "coordinates": [
          -159.3561,
          21.9544
        ]
      },
      "properties": {
        "source": "NOAA",
        "site_id": "1611400",
        "site_name": "Nawiliwili",
        "lat": "21.9544",
        "lon": "-159.3561",
        "stage_ft": 1.378,
        "stage_datetime": "2026-06-29 23:06",
        "tier": "normal",
        "action_stage": 5.12,
        "flood_stage": 6.12,
        "major_stage": 8.12,
        "url": "https://tidesandcurrents.noaa.gov/stationhome.html?id=1611400",
        "city_lat": 16.7524461,
        "city_lon": -169.5107016,
        "fetched_at": "2026-06-29T22:01:32.713254+00:00",
        "flood_event_count": 0,
        "nearest_flood_miles": null,
        "nearest_flood_title": null,
        "color": "#2d6a4f",
        "nearby_flood_titles": []
      }
    }
  ]
}